DateTime,Total Power (kW)
2024-01-01 00:00:00,934.4000000000001
2024-01-01 00:15:00,909.0
2024-01-01 00:30:00,723.4000000000001
2024-01-01 00:45:00,677.2
2024-01-01 01:00:00,650.2
2024-01-01 01:15:00,708.8
2024-01-01 01:30:00,629.1999999999999
2024-01-01 01:45:00,720.2
2024-01-01 02:00:00,779.8000000000001
2024-01-01 02:15:00,797.0
2024-01-01 02:30:00,710.6
2024-01-01 02:45:00,738.0
2024-01-01 03:00:00,898.8
2024-01-01 03:15:00,1018.0
2024-01-01 03:30:00,883.4000000000001
2024-01-01 03:45:00,828.0
2024-01-01 04:00:00,793.1999999999999
2024-01-01 04:15:00,899.0
2024-01-01 04:30:00,1096.8
2024-01-01 04:45:00,1153.6
2024-01-01 05:00:00,1007.2
2024-01-01 05:15:00,1005.2
2024-01-01 05:30:00,938.1999999999999
2024-01-01 05:45:00,900.3999999999999
2024-01-01 06:00:00,1022.6000000000001
2024-01-01 06:15:00,1013.0
2024-01-01 06:30:00,1082.8
2024-01-01 06:45:00,967.5999999999999
2024-01-01 07:00:00,878.6
2024-01-01 07:15:00,672.6
2024-01-01 07:30:00,599.6
2024-01-01 07:45:00,652.4000000000001
2024-01-01 08:00:00,473.6256000000001
2024-01-01 08:15:00,470.6256
2024-01-01 08:30:00,431.4256
2024-01-01 08:45:00,434.0256
2024-01-01 09:00:00,134.2159
2024-01-01 09:15:00,106.8159
2024-01-01 09:30:00,110.01590000000002
2024-01-01 09:45:00,144.2159
2024-01-01 10:00:00,-218.06200000000004
2024-01-01 10:15:00,-80.26200000000003
2024-01-01 10:30:00,-112.06200000000001
2024-01-01 10:45:00,-210.86199999999997
2024-01-01 11:00:00,-405.18100000000015
2024-01-01 11:15:00,-293.38100000000014
2024-01-01 11:30:00,-282.7810000000001
2024-01-01 11:45:00,-302.3810000000002
2024-01-01 12:00:00,-227.4422
2024-01-01 12:15:00,-290.44219999999996
2024-01-01 12:30:00,-289.8422
2024-01-01 12:45:00,-308.4422
2024-01-01 13:00:00,-158.11079999999995
2024-01-01 13:15:00,-159.9108
2024-01-01 13:30:00,-152.91080000000002
2024-01-01 13:45:00,-142.71079999999998
2024-01-01 14:00:00,110.19740000000002
2024-01-01 14:15:00,176.59740000000002
2024-01-01 14:30:00,224.59740000000002
2024-01-01 14:45:00,382.59740000000005
2024-01-01 15:00:00,420.533
2024-01-01 15:15:00,493.933
2024-01-01 15:30:00,470.133
2024-01-01 15:45:00,529.7330000000001
2024-01-01 16:00:00,739.8955
2024-01-01 16:15:00,699.4955
2024-01-01 16:30:00,781.4955
2024-01-01 16:45:00,819.6955
2024-01-01 17:00:00,1028.8
2024-01-01 17:15:00,871.2
2024-01-01 17:30:00,818.8000000000001
2024-01-01 17:45:00,921.2
2024-01-01 18:00:00,891.2
2024-01-01 18:15:00,878.0000000000001
2024-01-01 18:30:00,830.2
2024-01-01 18:45:00,804.8
2024-01-01 19:00:00,792.2
2024-01-01 19:15:00,818.2
2024-01-01 19:30:00,780.0
2024-01-01 19:45:00,842.2
2024-01-01 20:00:00,768.0
2024-01-01 20:15:00,770.8000000000001
2024-01-01 20:30:00,794.4000000000001
2024-01-01 20:45:00,765.4000000000001
2024-01-01 21:00:00,745.5999999999999
2024-01-01 21:15:00,739.8
2024-01-01 21:30:00,734.5999999999999
2024-01-01 21:45:00,739.6
2024-01-01 22:00:00,725.4000000000001
2024-01-01 22:15:00,763.8
2024-01-01 22:30:00,707.0
2024-01-01 22:45:00,752.0
2024-01-01 23:00:00,825.8
2024-01-01 23:15:00,1217.3999999999999
2024-01-01 23:30:00,1133.6
2024-01-01 23:45:00,1061.4
2024-01-02 00:00:00,967.4
2024-01-02 00:15:00,838.4000000000001
2024-01-02 00:30:00,774.4
2024-01-02 00:45:00,890.4
2024-01-02 01:00:00,946.0000000000001
2024-01-02 01:15:00,954.8000000000001
2024-01-02 01:30:00,840.4
2024-01-02 01:45:00,830.6
2024-01-02 02:00:00,803.2
2024-01-02 02:15:00,724.5999999999999
2024-01-02 02:30:00,703.8
2024-01-02 02:45:00,689.8
2024-01-02 03:00:00,679.6
2024-01-02 03:15:00,645.6
2024-01-02 03:30:00,666.4
2024-01-02 03:45:00,669.4000000000001
2024-01-02 04:00:00,622.6
2024-01-02 04:15:00,638.0
2024-01-02 04:30:00,677.5999999999999
2024-01-02 04:45:00,761.8000000000001
2024-01-02 05:00:00,831.2
2024-01-02 05:15:00,840.6
2024-01-02 05:30:00,733.4
2024-01-02 05:45:00,815.8
2024-01-02 06:00:00,843.1999999999999
2024-01-02 06:15:00,865.4
2024-01-02 06:30:00,1017.2
2024-01-02 06:45:00,925.0000000000001
2024-01-02 07:00:00,981.4
2024-01-02 07:15:00,952.4
2024-01-02 07:30:00,1079.8
2024-01-02 07:45:00,1101.4
2024-01-02 08:00:00,1144.5939
2024-01-02 08:15:00,1284.5939000000003
2024-01-02 08:30:00,1623.9939
2024-01-02 08:45:00,1987.9939
2024-01-02 09:00:00,2209.2128
2024-01-02 09:15:00,2431.8128
2024-01-02 09:30:00,2552.4128
2024-01-02 09:45:00,2684.8127999999997
2024-01-02 10:00:00,2651.4885999999997
2024-01-02 10:15:00,2643.0886
2024-01-02 10:30:00,2962.4886
2024-01-02 10:45:00,2999.4886
2024-01-02 11:00:00,2927.9447
2024-01-02 11:15:00,2859.7447
2024-01-02 11:30:00,2888.3447
2024-01-02 11:45:00,2800.3446999999996
2024-01-02 12:00:00,2781.2811
2024-01-02 12:15:00,2691.6811
2024-01-02 12:30:00,2703.2811
2024-01-02 12:45:00,2622.4811
2024-01-02 13:00:00,2605.7862
2024-01-02 13:15:00,2549.5862
2024-01-02 13:30:00,2592.3862
2024-01-02 13:45:00,2662.3862
2024-01-02 14:00:00,2635.4694
2024-01-02 14:15:00,2899.8694000000005
2024-01-02 14:30:00,2984.4694
2024-01-02 14:45:00,2945.2694
2024-01-02 15:00:00,2907.1467000000002
2024-01-02 15:15:00,2779.7466999999997
2024-01-02 15:30:00,2886.1467000000002
2024-01-02 15:45:00,3051.5467
2024-01-02 16:00:00,3096.3203
2024-01-02 16:15:00,3073.1203
2024-01-02 16:30:00,3147.3203
2024-01-02 16:45:00,3143.9202999999998
2024-01-02 17:00:00,2989.6000000000004
2024-01-02 17:15:00,2922.2
2024-01-02 17:30:00,2768.0
2024-01-02 17:45:00,2624.3999999999996
2024-01-02 18:00:00,2472.6
2024-01-02 18:15:00,2242.2
2024-01-02 18:30:00,2036.4
2024-01-02 18:45:00,1957.2
2024-01-02 19:00:00,1809.8000000000002
2024-01-02 19:15:00,1768.9999999999998
2024-01-02 19:30:00,1771.2
2024-01-02 19:45:00,1724.4
2024-01-02 20:00:00,1682.3999999999999
2024-01-02 20:15:00,1595.8000000000002
2024-01-02 20:30:00,1532.0
2024-01-02 20:45:00,1427.0
2024-01-02 21:00:00,1392.4
2024-01-02 21:15:00,1275.1999999999998
2024-01-02 21:30:00,1249.4
2024-01-02 21:45:00,1210.2
2024-01-02 22:00:00,1095.6
2024-01-02 22:15:00,1044.4
2024-01-02 22:30:00,1043.8
2024-01-02 22:45:00,931.6
2024-01-02 23:00:00,1168.2
2024-01-02 23:15:00,1577.8
2024-01-02 23:30:00,1496.3999999999999
2024-01-02 23:45:00,1381.2
2024-01-03 00:00:00,1197.2
2024-01-03 00:15:00,944.2
2024-01-03 00:30:00,869.6
2024-01-03 00:45:00,898.8
2024-01-03 01:00:00,956.8
2024-01-03 01:15:00,838.5999999999999
2024-01-03 01:30:00,779.2
2024-01-03 01:45:00,830.0
2024-01-03 02:00:00,985.6
2024-01-03 02:15:00,1002.9999999999999
2024-01-03 02:30:00,853.0
2024-01-03 02:45:00,792.0
2024-01-03 03:00:00,721.8000000000001
2024-01-03 03:15:00,705.0
2024-01-03 03:30:00,756.4
2024-01-03 03:45:00,850.3999999999999
2024-01-03 04:00:00,899.5999999999999
2024-01-03 04:15:00,878.0
2024-01-03 04:30:00,866.4000000000001
2024-01-03 04:45:00,804.0000000000001
2024-01-03 05:00:00,826.5999999999999
2024-01-03 05:15:00,860.5999999999999
2024-01-03 05:30:00,933.5999999999999
2024-01-03 05:45:00,1021.5999999999999
2024-01-03 06:00:00,1048.3999999999999
2024-01-03 06:15:00,1033.6000000000001
2024-01-03 06:30:00,1116.4
2024-01-03 06:45:00,1022.2
2024-01-03 07:00:00,915.6
2024-01-03 07:15:00,978.6000000000001
2024-01-03 07:30:00,1068.6
2024-01-03 07:45:00,1159.8
2024-01-03 08:00:00,1230.9495
2024-01-03 08:15:00,1292.7495
2024-01-03 08:30:00,1497.7495
2024-01-03 08:45:00,1881.3494999999998
2024-01-03 09:00:00,1911.6392999999998
2024-01-03 09:15:00,1991.4393
2024-01-03 09:30:00,2046.0393
2024-01-03 09:45:00,2066.0393000000004
2024-01-03 10:00:00,1983.3437000000001
2024-01-03 10:15:00,1934.7437000000002
2024-01-03 10:30:00,2111.7437
2024-01-03 10:45:00,2079.9437000000003
2024-01-03 11:00:00,2035.8491
2024-01-03 11:15:00,2027.6491
2024-01-03 11:30:00,1913.2491
2024-01-03 11:45:00,1809.8491000000001
2024-01-03 12:00:00,1661.9405
2024-01-03 12:15:00,1730.7404999999999
2024-01-03 12:30:00,1591.1405
2024-01-03 12:45:00,1497.5405
2024-01-03 13:00:00,1606.3762000000002
2024-01-03 13:15:00,1476.7762
2024-01-03 13:30:00,1526.7761999999998
2024-01-03 13:45:00,1562.1761999999999
2024-01-03 14:00:00,1576.9694
2024-01-03 14:15:00,1568.7694000000001
2024-01-03 14:30:00,1727.5694000000003
2024-01-03 14:45:00,1765.3694
2024-01-03 15:00:00,1798.2502
2024-01-03 15:15:00,1691.6502
2024-01-03 15:30:00,1689.4501999999998
2024-01-03 15:45:00,1662.4501999999998
2024-01-03 16:00:00,1786.2518999999998
2024-01-03 16:15:00,1830.4519
2024-01-03 16:30:00,1986.0519
2024-01-03 16:45:00,2094.8519
2024-01-03 17:00:00,2181.8
2024-01-03 17:15:00,2063.0
2024-01-03 17:30:00,1968.2
2024-01-03 17:45:00,1843.4
2024-01-03 18:00:00,1697.3999999999999
2024-01-03 18:15:00,1662.6
2024-01-03 18:30:00,1602.3999999999999
2024-01-03 18:45:00,1444.6
2024-01-03 19:00:00,1374.8
2024-01-03 19:15:00,1337.8000000000002
2024-01-03 19:30:00,1306.0
2024-01-03 19:45:00,1287.6
2024-01-03 20:00:00,1252.6
2024-01-03 20:15:00,1206.4
2024-01-03 20:30:00,1124.1999999999998
2024-01-03 20:45:00,1142.4
2024-01-03 21:00:00,1120.0
2024-01-03 21:15:00,1019.4
2024-01-03 21:30:00,1038.8
2024-01-03 21:45:00,990.0000000000001
2024-01-03 22:00:00,973.4
2024-01-03 22:15:00,997.2
2024-01-03 22:30:00,910.0000000000001
2024-01-03 22:45:00,820.8
2024-01-03 23:00:00,881.0
2024-01-03 23:15:00,1157.8000000000002
2024-01-03 23:30:00,1130.8
2024-01-03 23:45:00,1048.3999999999999
2024-01-04 00:00:00,876.6
2024-01-04 00:15:00,828.0
2024-01-04 00:30:00,819.4
2024-01-04 00:45:00,804.0
2024-01-04 01:00:00,759.2
2024-01-04 01:15:00,710.5999999999999
2024-01-04 01:30:00,675.4
2024-01-04 01:45:00,693.8
2024-01-04 02:00:00,763.4
2024-01-04 02:15:00,805.0000000000001
2024-01-04 02:30:00,793.4000000000001
2024-01-04 02:45:00,745.4
2024-01-04 03:00:00,708.4
2024-01-04 03:15:00,712.4
2024-01-04 03:30:00,768.4
2024-01-04 03:45:00,692.8
2024-01-04 04:00:00,706.1999999999999
2024-01-04 04:15:00,640.0
2024-01-04 04:30:00,639.6
2024-01-04 04:45:00,656.6
2024-01-04 05:00:00,670.2
2024-01-04 05:15:00,670.2
2024-01-04 05:30:00,801.8000000000001
2024-01-04 05:45:00,883.2
2024-01-04 06:00:00,967.2
2024-01-04 06:15:00,932.4
2024-01-04 06:30:00,952.4
2024-01-04 06:45:00,885.4000000000001
2024-01-04 07:00:00,840.6
2024-01-04 07:15:00,870.8
2024-01-04 07:30:00,852.0
2024-01-04 07:45:00,874.8
2024-01-04 08:00:00,1017.8407
2024-01-04 08:15:00,1147.6407
2024-01-04 08:30:00,1404.0407
2024-01-04 08:45:00,1539.8407000000002
2024-01-04 09:00:00,1832.5203000000001
2024-01-04 09:15:00,1853.5203000000001
2024-01-04 09:30:00,1766.1203
2024-01-04 09:45:00,1863.7203
2024-01-04 10:00:00,1749.7631000000001
2024-01-04 10:15:00,1828.3631
2024-01-04 10:30:00,1921.3631
2024-01-04 10:45:00,1911.9631
2024-01-04 11:00:00,1568.6269
2024-01-04 11:15:00,1675.2269000000001
2024-01-04 11:30:00,1537.4269
2024-01-04 11:45:00,1568.8269
2024-01-04 12:00:00,1652.9865
2024-01-04 12:15:00,1686.1864999999998
2024-01-04 12:30:00,1554.7865
2024-01-04 12:45:00,1449.7865
2024-01-04 13:00:00,1385.6023
2024-01-04 13:15:00,1383.8023
2024-01-04 13:30:00,1448.0023
2024-01-04 13:45:00,1386.0023
2024-01-04 14:00:00,1469.0835
2024-01-04 14:15:00,1560.0835
2024-01-04 14:30:00,1552.2835
2024-01-04 14:45:00,1630.2835
2024-01-04 15:00:00,1685.0301
2024-01-04 15:15:00,1892.6300999999999
2024-01-04 15:30:00,1847.6301000000003
2024-01-04 15:45:00,1788.6301
2024-01-04 16:00:00,1866.4896
2024-01-04 16:15:00,1839.2896
2024-01-04 16:30:00,1805.8896
2024-01-04 16:45:00,1842.4895999999999
2024-01-04 17:00:00,2052.8
2024-01-04 17:15:00,1610.8
2024-01-04 17:30:00,1907.2
2024-01-04 17:45:00,1833.8
2024-01-04 18:00:00,1678.4
2024-01-04 18:15:00,1576.0
2024-01-04 18:30:00,1499.0
2024-01-04 18:45:00,1380.0
2024-01-04 19:00:00,1296.2
2024-01-04 19:15:00,1301.0
2024-01-04 19:30:00,1300.0
2024-01-04 19:45:00,1232.0
2024-01-04 20:00:00,1180.3999999999999
2024-01-04 20:15:00,1145.6
2024-01-04 20:30:00,1147.0
2024-01-04 20:45:00,1070.4
2024-01-04 21:00:00,1021.0000000000001
2024-01-04 21:15:00,1036.0
2024-01-04 21:30:00,973.8
2024-01-04 21:45:00,938.5999999999999
2024-01-04 22:00:00,902.4000000000001
2024-01-04 22:15:00,841.2
2024-01-04 22:30:00,804.0
2024-01-04 22:45:00,837.0
2024-01-04 23:00:00,972.4
2024-01-04 23:15:00,1198.6
2024-01-04 23:30:00,1204.3999999999999
2024-01-04 23:45:00,1188.8000000000002
2024-01-05 00:00:00,1029.2
2024-01-05 00:15:00,987.0
2024-01-05 00:30:00,899.0
2024-01-05 00:45:00,881.4
2024-01-05 01:00:00,811.4
2024-01-05 01:15:00,770.0
2024-01-05 01:30:00,781.2
2024-01-05 01:45:00,807.8
2024-01-05 02:00:00,823.0
2024-01-05 02:15:00,771.0
2024-01-05 02:30:00,825.1999999999999
2024-01-05 02:45:00,745.4
2024-01-05 03:00:00,854.6
2024-01-05 03:15:00,769.4
2024-01-05 03:30:00,727.2
2024-01-05 03:45:00,694.4
2024-01-05 04:00:00,675.4000000000001
2024-01-05 04:15:00,665.0
2024-01-05 04:30:00,703.8
2024-01-05 04:45:00,717.8
2024-01-05 05:00:00,657.4
2024-01-05 05:15:00,679.0
2024-01-05 05:30:00,657.0
2024-01-05 05:45:00,653.0
2024-01-05 06:00:00,881.6
2024-01-05 06:15:00,872.5999999999999
2024-01-05 06:30:00,890.1999999999999
2024-01-05 06:45:00,873.8
2024-01-05 07:00:00,844.6
2024-01-05 07:15:00,753.2
2024-01-05 07:30:00,850.2
2024-01-05 07:45:00,866.6
2024-01-05 08:00:00,972.1504000000001
2024-01-05 08:15:00,957.3504
2024-01-05 08:30:00,1125.7504000000001
2024-01-05 08:45:00,1487.3504
2024-01-05 09:00:00,1623.9696
2024-01-05 09:15:00,1759.9696000000001
2024-01-05 09:30:00,1792.5696
2024-01-05 09:45:00,1721.3696
2024-01-05 10:00:00,1761.1893
2024-01-05 10:15:00,1892.9892999999997
2024-01-05 10:30:00,1848.9893000000002
2024-01-05 10:45:00,1812.3892999999998
2024-01-05 11:00:00,1629.3894
2024-01-05 11:15:00,1602.1894000000002
2024-01-05 11:30:00,1472.7894
2024-01-05 11:45:00,1471.1894
2024-01-05 12:00:00,1474.0743
2024-01-05 12:15:00,1332.6743000000001
2024-01-05 12:30:00,1291.8743
2024-01-05 12:45:00,1217.0743
2024-01-05 13:00:00,1288.9470000000001
2024-01-05 13:15:00,1265.147
2024-01-05 13:30:00,1289.347
2024-01-05 13:45:00,1349.947
2024-01-05 14:00:00,1516.4128
2024-01-05 14:15:00,1581.2127999999998
2024-01-05 14:30:00,1557.0128
2024-01-05 14:45:00,1596.8128000000002
2024-01-05 15:00:00,1616.2454
2024-01-05 15:15:00,1602.6453999999999
2024-01-05 15:30:00,1620.0454
2024-01-05 15:45:00,1577.4454
2024-01-05 16:00:00,1757.9987
2024-01-05 16:15:00,1710.5987
2024-01-05 16:30:00,1866.5987
2024-01-05 16:45:00,1958.5987
2024-01-05 17:00:00,1920.2
2024-01-05 17:15:00,1776.2000000000003
2024-01-05 17:30:00,1668.1999999999998
2024-01-05 17:45:00,1663.4
2024-01-05 18:00:00,1524.8
2024-01-05 18:15:00,1440.0
2024-01-05 18:30:00,1371.0
2024-01-05 18:45:00,1288.2
2024-01-05 19:00:00,1214.6000000000001
2024-01-05 19:15:00,1132.8000000000002
2024-01-05 19:30:00,1160.4
2024-01-05 19:45:00,1106.6
2024-01-05 20:00:00,1069.2
2024-01-05 20:15:00,1029.8
2024-01-05 20:30:00,1018.8
2024-01-05 20:45:00,1001.8
2024-01-05 21:00:00,999.4000000000001
2024-01-05 21:15:00,907.8
2024-01-05 21:30:00,901.5999999999999
2024-01-05 21:45:00,893.4
2024-01-05 22:00:00,872.8
2024-01-05 22:15:00,834.8
2024-01-05 22:30:00,846.8
2024-01-05 22:45:00,871.2
2024-01-05 23:00:00,1029.4
2024-01-05 23:15:00,1108.4
2024-01-05 23:30:00,1181.8
2024-01-05 23:45:00,1044.4
2024-01-06 00:00:00,834.4
2024-01-06 00:15:00,835.5999999999999
2024-01-06 00:30:00,799.6
2024-01-06 00:45:00,699.8
2024-01-06 01:00:00,751.0
2024-01-06 01:15:00,771.2
2024-01-06 01:30:00,759.6
2024-01-06 01:45:00,752.8
2024-01-06 02:00:00,738.4
2024-01-06 02:15:00,802.4
2024-01-06 02:30:00,779.0
2024-01-06 02:45:00,738.8
2024-01-06 03:00:00,678.6
2024-01-06 03:15:00,717.1999999999999
2024-01-06 03:30:00,681.8
2024-01-06 03:45:00,675.6
2024-01-06 04:00:00,646.6
2024-01-06 04:15:00,703.0
2024-01-06 04:30:00,662.8
2024-01-06 04:45:00,711.2
2024-01-06 05:00:00,727.1999999999999
2024-01-06 05:15:00,681.8000000000001
2024-01-06 05:30:00,650.4
2024-01-06 05:45:00,751.1999999999999
2024-01-06 06:00:00,888.8
2024-01-06 06:15:00,923.1999999999999
2024-01-06 06:30:00,818.6
2024-01-06 06:45:00,778.2
2024-01-06 07:00:00,723.4
2024-01-06 07:15:00,697.2
2024-01-06 07:30:00,701.0
2024-01-06 07:45:00,730.6
2024-01-06 08:00:00,509.7024
2024-01-06 08:15:00,519.5024
2024-01-06 08:30:00,620.9024000000001
2024-01-06 08:45:00,590.1024
2024-01-06 09:00:00,293.5545000000001
2024-01-06 09:15:00,342.7545
2024-01-06 09:30:00,457.95450000000005
2024-01-06 09:45:00,419.35450000000003
2024-01-06 10:00:00,126.64699999999999
2024-01-06 10:15:00,124.84700000000001
2024-01-06 10:30:00,183.24699999999999
2024-01-06 10:45:00,177.247
2024-01-06 11:00:00,203.89609999999996
2024-01-06 11:15:00,197.29609999999997
2024-01-06 11:30:00,200.8961
2024-01-06 11:45:00,182.49609999999996
2024-01-06 12:00:00,-57.09519999999989
2024-01-06 12:15:00,-73.49519999999993
2024-01-06 12:30:00,-37.89519999999996
2024-01-06 12:45:00,-171.49519999999995
2024-01-06 13:00:00,1.5070000000000192
2024-01-06 13:15:00,-25.492999999999995
2024-01-06 13:30:00,5.7069999999999865
2024-01-06 13:45:00,64.707
2024-01-06 14:00:00,156.01780000000005
2024-01-06 14:15:00,216.81780000000003
2024-01-06 14:30:00,178.61780000000002
2024-01-06 14:45:00,232.8178
2024-01-06 15:00:00,525.415
2024-01-06 15:15:00,419.815
2024-01-06 15:30:00,672.415
2024-01-06 15:45:00,756.615
2024-01-06 16:00:00,1289.3328
2024-01-06 16:15:00,1244.1327999999999
2024-01-06 16:30:00,1193.5328
2024-01-06 16:45:00,1067.5328
2024-01-06 17:00:00,1265.3999999999999
2024-01-06 17:15:00,1046.6
2024-01-06 17:30:00,1010.2
2024-01-06 17:45:00,1060.0
2024-01-06 18:00:00,1091.2
2024-01-06 18:15:00,1056.2
2024-01-06 18:30:00,964.6
2024-01-06 18:45:00,959.0
2024-01-06 19:00:00,882.0
2024-01-06 19:15:00,863.0
2024-01-06 19:30:00,852.0
2024-01-06 19:45:00,849.0
2024-01-06 20:00:00,816.4000000000001
2024-01-06 20:15:00,844.4000000000001
2024-01-06 20:30:00,838.8000000000001
2024-01-06 20:45:00,837.9999999999999
2024-01-06 21:00:00,827.0
2024-01-06 21:15:00,803.4000000000001
2024-01-06 21:30:00,750.4000000000001
2024-01-06 21:45:00,776.1999999999999
2024-01-06 22:00:00,788.4000000000001
2024-01-06 22:15:00,763.3999999999999
2024-01-06 22:30:00,735.0
2024-01-06 22:45:00,720.4
2024-01-06 23:00:00,869.5999999999999
2024-01-06 23:15:00,999.5999999999999
2024-01-06 23:30:00,1041.4
2024-01-06 23:45:00,967.8000000000001
2024-01-07 00:00:00,892.2
2024-01-07 00:15:00,743.4
2024-01-07 00:30:00,760.6
2024-01-07 00:45:00,691.4
2024-01-07 01:00:00,760.0
2024-01-07 01:15:00,724.3999999999999
2024-01-07 01:30:00,687.5999999999999
2024-01-07 01:45:00,716.9999999999999
2024-01-07 02:00:00,727.1999999999999
2024-01-07 02:15:00,757.0
2024-01-07 02:30:00,767.5999999999999
2024-01-07 02:45:00,721.0
2024-01-07 03:00:00,724.4
2024-01-07 03:15:00,735.2
2024-01-07 03:30:00,816.4000000000001
2024-01-07 03:45:00,792.2
2024-01-07 04:00:00,704.4000000000001
2024-01-07 04:15:00,705.6
2024-01-07 04:30:00,683.5999999999999
2024-01-07 04:45:00,704.6
2024-01-07 05:00:00,709.1999999999999
2024-01-07 05:15:00,697.8
2024-01-07 05:30:00,805.4
2024-01-07 05:45:00,904.0
2024-01-07 06:00:00,853.8000000000001
2024-01-07 06:15:00,856.0
2024-01-07 06:30:00,765.0
2024-01-07 06:45:00,753.1999999999999
2024-01-07 07:00:00,677.4000000000001
2024-01-07 07:15:00,700.1999999999999
2024-01-07 07:30:00,677.0
2024-01-07 07:45:00,671.4
2024-01-07 08:00:00,600.0669
2024-01-07 08:15:00,604.0669
2024-01-07 08:30:00,638.6669
2024-01-07 08:45:00,691.2669
2024-01-07 09:00:00,604.995
2024-01-07 09:15:00,563.995
2024-01-07 09:30:00,609.995
2024-01-07 09:45:00,597.595
2024-01-07 10:00:00,607.1998
2024-01-07 10:15:00,638.9998
2024-01-07 10:30:00,630.5998000000001
2024-01-07 10:45:00,645.5998
2024-01-07 11:00:00,567.5192999999999
2024-01-07 11:15:00,659.5193
2024-01-07 11:30:00,637.5192999999999
2024-01-07 11:45:00,587.3193
2024-01-07 12:00:00,565.2431
2024-01-07 12:15:00,569.0431000000001
2024-01-07 12:30:00,536.2431
2024-01-07 12:45:00,539.2431
2024-01-07 13:00:00,536.923
2024-01-07 13:15:00,528.523
2024-01-07 13:30:00,545.923
2024-01-07 13:45:00,589.923
2024-01-07 14:00:00,704.7002
2024-01-07 14:15:00,735.1002000000001
2024-01-07 14:30:00,812.3001999999999
2024-01-07 14:45:00,673.7002
2024-01-07 15:00:00,833.5081
2024-01-07 15:15:00,812.9081
2024-01-07 15:30:00,952.3081000000002
2024-01-07 15:45:00,961.5081
2024-01-07 16:00:00,1148.1986
2024-01-07 16:15:00,1020.5986
2024-01-07 16:30:00,1041.7985999999999
2024-01-07 16:45:00,1038.7986
2024-01-07 17:00:00,1005.5999999999999
2024-01-07 17:15:00,885.4
2024-01-07 17:30:00,922.2
2024-01-07 17:45:00,925.0
2024-01-07 18:00:00,920.2
2024-01-07 18:15:00,897.4000000000001
2024-01-07 18:30:00,944.8
2024-01-07 18:45:00,893.4
2024-01-07 19:00:00,888.6
2024-01-07 19:15:00,892.8
2024-01-07 19:30:00,879.0
2024-01-07 19:45:00,879.5999999999999
2024-01-07 20:00:00,861.4000000000001
2024-01-07 20:15:00,876.4
2024-01-07 20:30:00,937.0
2024-01-07 20:45:00,859.8
2024-01-07 21:00:00,870.6
2024-01-07 21:15:00,830.2
2024-01-07 21:30:00,843.6
2024-01-07 21:45:00,813.2
2024-01-07 22:00:00,769.6
2024-01-07 22:15:00,779.2
2024-01-07 22:30:00,782.6000000000001
2024-01-07 22:45:00,776.4
2024-01-07 23:00:00,827.5999999999999
2024-01-07 23:15:00,1049.0
2024-01-07 23:30:00,1046.2
2024-01-07 23:45:00,1018.8
2024-01-08 00:00:00,934.6
2024-01-08 00:15:00,860.6
2024-01-08 00:30:00,796.8000000000001
2024-01-08 00:45:00,756.4000000000001
2024-01-08 01:00:00,847.8
2024-01-08 01:15:00,890.4000000000001
2024-01-08 01:30:00,876.1999999999999
2024-01-08 01:45:00,777.6
2024-01-08 02:00:00,730.0
2024-01-08 02:15:00,708.4000000000001
2024-01-08 02:30:00,753.9999999999999
2024-01-08 02:45:00,821.6000000000001
2024-01-08 03:00:00,799.0
2024-01-08 03:15:00,879.8
2024-01-08 03:30:00,806.6
2024-01-08 03:45:00,749.1999999999999
2024-01-08 04:00:00,769.8
2024-01-08 04:15:00,805.8
2024-01-08 04:30:00,876.4000000000001
2024-01-08 04:45:00,836.8
2024-01-08 05:00:00,781.1999999999999
2024-01-08 05:15:00,848.0
2024-01-08 05:30:00,859.8
2024-01-08 05:45:00,1020.5999999999999
2024-01-08 06:00:00,1081.6
2024-01-08 06:15:00,942.8
2024-01-08 06:30:00,865.1999999999999
2024-01-08 06:45:00,992.8
2024-01-08 07:00:00,1011.4
2024-01-08 07:15:00,1006.4000000000001
2024-01-08 07:30:00,1027.6000000000001
2024-01-08 07:45:00,1078.6
2024-01-08 08:00:00,875.8148000000001
2024-01-08 08:15:00,990.6148000000001
2024-01-08 08:30:00,1311.4148
2024-01-08 08:45:00,1699.2148000000002
2024-01-08 09:00:00,1459.569
2024-01-08 09:15:00,1555.369
2024-01-08 09:30:00,1741.569
2024-01-08 09:45:00,1835.769
2024-01-08 10:00:00,2018.6372999999999
2024-01-08 10:15:00,2072.6373000000003
2024-01-08 10:30:00,2112.8373
2024-01-08 10:45:00,2204.0373
2024-01-08 11:00:00,2384.5011
2024-01-08 11:15:00,2351.9011
2024-01-08 11:30:00,2277.9011
2024-01-08 11:45:00,2292.1011
2024-01-08 12:00:00,2515.6936
2024-01-08 12:15:00,2443.4936000000002
2024-01-08 12:30:00,2410.6936
2024-01-08 12:45:00,2252.8936
2024-01-08 13:00:00,1885.2819
2024-01-08 13:15:00,1710.6819
2024-01-08 13:30:00,1807.0819000000001
2024-01-08 13:45:00,1738.0819000000001
2024-01-08 14:00:00,1641.1082000000001
2024-01-08 14:15:00,1680.1082000000001
2024-01-08 14:30:00,1660.1082000000001
2024-01-08 14:45:00,1635.1082000000001
2024-01-08 15:00:00,1724.4057
2024-01-08 15:15:00,1731.6056999999998
2024-01-08 15:30:00,1638.6057
2024-01-08 15:45:00,1674.6057
2024-01-08 16:00:00,2142.2178000000004
2024-01-08 16:15:00,2167.6178
2024-01-08 16:30:00,2203.0177999999996
2024-01-08 16:45:00,2225.4177999999997
2024-01-08 17:00:00,2343.3999999999996
2024-01-08 17:15:00,2202.2
2024-01-08 17:30:00,2089.0
2024-01-08 17:45:00,1989.2
2024-01-08 18:00:00,1832.4
2024-01-08 18:15:00,1775.2000000000003
2024-01-08 18:30:00,1700.2
2024-01-08 18:45:00,1519.6000000000001
2024-01-08 19:00:00,1440.2
2024-01-08 19:15:00,1386.2
2024-01-08 19:30:00,1337.0
2024-01-08 19:45:00,1296.0
2024-01-08 20:00:00,1283.8
2024-01-08 20:15:00,1273.8000000000002
2024-01-08 20:30:00,1293.4
2024-01-08 20:45:00,1189.8
2024-01-08 21:00:00,1123.8
2024-01-08 21:15:00,1121.0
2024-01-08 21:30:00,1033.1999999999998
2024-01-08 21:45:00,1028.2
2024-01-08 22:00:00,998.6
2024-01-08 22:15:00,976.4
2024-01-08 22:30:00,986.3999999999999
2024-01-08 22:45:00,894.8
2024-01-08 23:00:00,898.8
2024-01-08 23:15:00,1100.0
2024-01-08 23:30:00,1162.8
2024-01-08 23:45:00,1010.0
2024-01-09 00:00:00,834.0
2024-01-09 00:15:00,831.0
2024-01-09 00:30:00,800.8000000000001
2024-01-09 00:45:00,765.8000000000001
2024-01-09 01:00:00,720.8000000000001
2024-01-09 01:15:00,642.2
2024-01-09 01:30:00,659.0
2024-01-09 01:45:00,727.5999999999999
2024-01-09 02:00:00,728.1999999999999
2024-01-09 02:15:00,718.4
2024-01-09 02:30:00,669.0
2024-01-09 02:45:00,689.2
2024-01-09 03:00:00,651.2
2024-01-09 03:15:00,639.4
2024-01-09 03:30:00,630.8
2024-01-09 03:45:00,601.0
2024-01-09 04:00:00,638.5999999999999
2024-01-09 04:15:00,688.6
2024-01-09 04:30:00,650.0
2024-01-09 04:45:00,655.6
2024-01-09 05:00:00,619.8
2024-01-09 05:15:00,635.8
2024-01-09 05:30:00,679.6
2024-01-09 05:45:00,734.4000000000001
2024-01-09 06:00:00,800.8
2024-01-09 06:15:00,760.0000000000001
2024-01-09 06:30:00,900.4000000000001
2024-01-09 06:45:00,951.6
2024-01-09 07:00:00,888.0
2024-01-09 07:15:00,818.0
2024-01-09 07:30:00,857.4
2024-01-09 07:45:00,904.4
2024-01-09 08:00:00,881.258
2024-01-09 08:15:00,1153.058
2024-01-09 08:30:00,1338.658
2024-01-09 08:45:00,1459.2579999999998
2024-01-09 09:00:00,1542.9730000000002
2024-01-09 09:15:00,1618.173
2024-01-09 09:30:00,1847.7730000000001
2024-01-09 09:45:00,1951.7730000000001
2024-01-09 10:00:00,1876.7731
2024-01-09 10:15:00,1989.1731
2024-01-09 10:30:00,2001.1731
2024-01-09 10:45:00,1904.3731
2024-01-09 11:00:00,1890.4540000000002
2024-01-09 11:15:00,1824.054
2024-01-09 11:30:00,1839.654
2024-01-09 11:45:00,1760.654
2024-01-09 12:00:00,1876.5747999999999
2024-01-09 12:15:00,1833.7748000000001
2024-01-09 12:30:00,1778.5748
2024-01-09 12:45:00,1638.7748000000001
2024-01-09 13:00:00,983.6532
2024-01-09 13:15:00,878.6532
2024-01-09 13:30:00,843.6532
2024-01-09 13:45:00,958.0532000000001
2024-01-09 14:00:00,1087.5307
2024-01-09 14:15:00,1074.1307000000002
2024-01-09 14:30:00,990.1307
2024-01-09 14:45:00,1114.3307
2024-01-09 15:00:00,1532.9947
2024-01-09 15:15:00,1482.1947
2024-01-09 15:30:00,1420.5947
2024-01-09 15:45:00,1298.5947
2024-01-09 16:00:00,1617.1315
2024-01-09 16:15:00,1776.9315
2024-01-09 16:30:00,1860.3315
2024-01-09 16:45:00,1683.1315
2024-01-09 17:00:00,1872.1485
2024-01-09 17:15:00,1725.1484999999998
2024-01-09 17:30:00,1650.5485
2024-01-09 17:45:00,1697.1485000000002
2024-01-09 18:00:00,1563.2
2024-01-09 18:15:00,1423.6
2024-01-09 18:30:00,1456.2
2024-01-09 18:45:00,1283.6
2024-01-09 19:00:00,1328.8
2024-01-09 19:15:00,1176.4
2024-01-09 19:30:00,1170.6
2024-01-09 19:45:00,1137.6
2024-01-09 20:00:00,1138.0
2024-01-09 20:15:00,1086.8
2024-01-09 20:30:00,1045.6
2024-01-09 20:45:00,1012.9999999999999
2024-01-09 21:00:00,1024.2
2024-01-09 21:15:00,964.0
2024-01-09 21:30:00,938.8
2024-01-09 21:45:00,921.8
2024-01-09 22:00:00,905.6
2024-01-09 22:15:00,892.8
2024-01-09 22:30:00,857.4000000000001
2024-01-09 22:45:00,813.6000000000001
2024-01-09 23:00:00,946.0
2024-01-09 23:15:00,1219.6
2024-01-09 23:30:00,1121.4
2024-01-09 23:45:00,1026.0
2024-01-10 00:00:00,949.2
2024-01-10 00:15:00,839.8000000000001
2024-01-10 00:30:00,798.8
2024-01-10 00:45:00,778.8000000000001
2024-01-10 01:00:00,726.8000000000001
2024-01-10 01:15:00,687.5999999999999
2024-01-10 01:30:00,675.6
2024-01-10 01:45:00,661.6
2024-01-10 02:00:00,696.0
2024-01-10 02:15:00,715.0
2024-01-10 02:30:00,695.6
2024-01-10 02:45:00,741.4000000000001
2024-01-10 03:00:00,729.4000000000001
2024-01-10 03:15:00,682.5999999999999
2024-01-10 03:30:00,664.8
2024-01-10 03:45:00,777.6
2024-01-10 04:00:00,781.2
2024-01-10 04:15:00,768.4000000000001
2024-01-10 04:30:00,717.8
2024-01-10 04:45:00,734.5999999999999
2024-01-10 05:00:00,785.4
2024-01-10 05:15:00,789.2
2024-01-10 05:30:00,751.0
2024-01-10 05:45:00,763.6000000000001
2024-01-10 06:00:00,910.6
2024-01-10 06:15:00,882.4
2024-01-10 06:30:00,1021.0
2024-01-10 06:45:00,973.6
2024-01-10 07:00:00,935.4000000000001
2024-01-10 07:15:00,1056.1999999999998
2024-01-10 07:30:00,975.5999999999999
2024-01-10 07:45:00,1005.0
2024-01-10 08:00:00,738.5926999999999
2024-01-10 08:15:00,861.9926999999999
2024-01-10 08:30:00,1021.1927000000001
2024-01-10 08:45:00,1457.1927
2024-01-10 09:00:00,1156.6417000000001
2024-01-10 09:15:00,1113.4417
2024-01-10 09:30:00,1189.0417000000002
2024-01-10 09:45:00,1383.8417
2024-01-10 10:00:00,1001.4505999999999
2024-01-10 10:15:00,996.4506
2024-01-10 10:30:00,1066.2506
2024-01-10 10:45:00,1027.2505999999998
2024-01-10 11:00:00,933.5488
2024-01-10 11:15:00,971.5488
2024-01-10 11:30:00,801.7488000000001
2024-01-10 11:45:00,888.3488000000002
2024-01-10 12:00:00,723.5192999999999
2024-01-10 12:15:00,740.7193
2024-01-10 12:30:00,665.5193
2024-01-10 12:45:00,542.3193
2024-01-10 13:00:00,688.8262000000001
2024-01-10 13:15:00,599.4262
2024-01-10 13:30:00,708.8262
2024-01-10 13:45:00,673.2262000000001
2024-01-10 14:00:00,938.5167
2024-01-10 14:15:00,1115.7167
2024-01-10 14:30:00,1021.9167
2024-01-10 14:45:00,1132.5167
2024-01-10 15:00:00,1347.0417
2024-01-10 15:15:00,1300.0417
2024-01-10 15:30:00,1202.2417
2024-01-10 15:45:00,1445.8417
2024-01-10 16:00:00,1738.4012
2024-01-10 16:15:00,1610.6012
2024-01-10 16:30:00,1701.4012000000002
2024-01-10 16:45:00,1676.8011999999999
2024-01-10 17:00:00,1730.8000000000002
2024-01-10 17:15:00,1653.6000000000001
2024-01-10 17:30:00,1611.8
2024-01-10 17:45:00,1699.3999999999999
2024-01-10 18:00:00,1602.0
2024-01-10 18:15:00,1408.3999999999999
2024-01-10 18:30:00,1339.3999999999999
2024-01-10 18:45:00,1211.2
2024-01-10 19:00:00,1195.0
2024-01-10 19:15:00,1166.2
2024-01-10 19:30:00,1182.8000000000002
2024-01-10 19:45:00,1144.8
2024-01-10 20:00:00,1122.4
2024-01-10 20:15:00,1092.6
2024-01-10 20:30:00,1074.6
2024-01-10 20:45:00,1035.4
2024-01-10 21:00:00,1029.0
2024-01-10 21:15:00,971.0
2024-01-10 21:30:00,964.8
2024-01-10 21:45:00,973.6
2024-01-10 22:00:00,912.6
2024-01-10 22:15:00,890.0
2024-01-10 22:30:00,858.2
2024-01-10 22:45:00,831.1999999999999
2024-01-10 23:00:00,961.2
2024-01-10 23:15:00,1122.1999999999998
2024-01-10 23:30:00,1183.8
2024-01-10 23:45:00,1103.0000000000002
2024-01-11 00:00:00,968.2
2024-01-11 00:15:00,795.2
2024-01-11 00:30:00,799.8
2024-01-11 00:45:00,841.8000000000001
2024-01-11 01:00:00,706.6
2024-01-11 01:15:00,682.8
2024-01-11 01:30:00,636.8
2024-01-11 01:45:00,636.2
2024-01-11 02:00:00,726.8
2024-01-11 02:15:00,677.6
2024-01-11 02:30:00,638.1999999999999
2024-01-11 02:45:00,594.4
2024-01-11 03:00:00,782.8
2024-01-11 03:15:00,727.8
2024-01-11 03:30:00,698.8
2024-01-11 03:45:00,635.6
2024-01-11 04:00:00,616.2
2024-01-11 04:15:00,654.0
2024-01-11 04:30:00,668.1999999999999
2024-01-11 04:45:00,642.4000000000001
2024-01-11 05:00:00,628.6
2024-01-11 05:15:00,633.6
2024-01-11 05:30:00,650.4
2024-01-11 05:45:00,835.6
2024-01-11 06:00:00,942.4
2024-01-11 06:15:00,977.4
2024-01-11 06:30:00,939.0
2024-01-11 06:45:00,1019.2
2024-01-11 07:00:00,916.1514999999999
2024-01-11 07:15:00,973.9514999999999
2024-01-11 07:30:00,962.1514999999999
2024-01-11 07:45:00,917.1515
2024-01-11 08:00:00,808.2805000000001
2024-01-11 08:15:00,919.0805
2024-01-11 08:30:00,967.8805
2024-01-11 08:45:00,1319.0805
2024-01-11 09:00:00,1253.7575000000002
2024-01-11 09:15:00,1331.3575
2024-01-11 09:30:00,1294.3575
2024-01-11 09:45:00,1350.9575
2024-01-11 10:00:00,1245.2201
2024-01-11 10:15:00,1364.0201
2024-01-11 10:30:00,1371.2201
2024-01-11 10:45:00,1331.8201
2024-01-11 11:00:00,1314.9254
2024-01-11 11:15:00,1262.3254000000002
2024-01-11 11:30:00,1203.5254
2024-01-11 11:45:00,1258.5254
2024-01-11 12:00:00,438.7067
2024-01-11 12:15:00,431.50669999999997
2024-01-11 12:30:00,356.5067
2024-01-11 12:45:00,309.3067
2024-01-11 13:00:00,426.2939
2024-01-11 13:15:00,370.6938999999999
2024-01-11 13:30:00,362.8939
2024-01-11 13:45:00,462.6938999999999
2024-01-11 14:00:00,625.5711
2024-01-11 14:15:00,716.5711
2024-01-11 14:30:00,904.5710999999999
2024-01-11 14:45:00,757.1711
2024-01-11 15:00:00,959.9587
2024-01-11 15:15:00,900.9586999999999
2024-01-11 15:30:00,1031.5587
2024-01-11 15:45:00,1075.1587
2024-01-11 16:00:00,1279.3563
2024-01-11 16:15:00,1319.3563
2024-01-11 16:30:00,1432.7562999999998
2024-01-11 16:45:00,1441.1563
2024-01-11 17:00:00,1585.6359
2024-01-11 17:15:00,1574.4359
2024-01-11 17:30:00,1524.8359
2024-01-11 17:45:00,1527.4359000000002
2024-01-11 18:00:00,1451.7999999999997
2024-01-11 18:15:00,1328.8
2024-01-11 18:30:00,1308.2
2024-01-11 18:45:00,1225.2
2024-01-11 19:00:00,1150.6
2024-01-11 19:15:00,1135.2
2024-01-11 19:30:00,1098.8000000000002
2024-01-11 19:45:00,1125.2
2024-01-11 20:00:00,1057.8
2024-01-11 20:15:00,1031.3999999999999
2024-01-11 20:30:00,1017.6
2024-01-11 20:45:00,996.6000000000001
2024-01-11 21:00:00,990.6000000000001
2024-01-11 21:15:00,957.3999999999999
2024-01-11 21:30:00,908.8
2024-01-11 21:45:00,925.8
2024-01-11 22:00:00,901.4
2024-01-11 22:15:00,861.8
2024-01-11 22:30:00,831.1999999999999
2024-01-11 22:45:00,807.8
2024-01-11 23:00:00,908.2
2024-01-11 23:15:00,1080.2
2024-01-11 23:30:00,983.6000000000001
2024-01-11 23:45:00,937.8
2024-01-12 00:00:00,808.6
2024-01-12 00:15:00,856.6000000000001
2024-01-12 00:30:00,898.2
2024-01-12 00:45:00,781.6000000000001
2024-01-12 01:00:00,718.2
2024-01-12 01:15:00,705.4000000000001
2024-01-12 01:30:00,773.6000000000001
2024-01-12 01:45:00,779.6000000000001
2024-01-12 02:00:00,701.4
2024-01-12 02:15:00,673.2
2024-01-12 02:30:00,744.0
2024-01-12 02:45:00,733.0
2024-01-12 03:00:00,728.4000000000001
2024-01-12 03:15:00,754.0
2024-01-12 03:30:00,692.4
2024-01-12 03:45:00,644.4
2024-01-12 04:00:00,695.0
2024-01-12 04:15:00,722.8
2024-01-12 04:30:00,728.1999999999999
2024-01-12 04:45:00,722.2
2024-01-12 05:00:00,691.5999999999999
2024-01-12 05:15:00,796.0
2024-01-12 05:30:00,780.4000000000001
2024-01-12 05:45:00,886.0
2024-01-12 06:00:00,931.2
2024-01-12 06:15:00,1040.2
2024-01-12 06:30:00,1044.6
2024-01-12 06:45:00,1069.6
2024-01-12 07:00:00,1013.4000000000001
2024-01-12 07:15:00,907.8000000000001
2024-01-12 07:30:00,914.2
2024-01-12 07:45:00,960.1999999999999
2024-01-12 08:00:00,834.8436
2024-01-12 08:15:00,983.8436
2024-01-12 08:30:00,1148.8436
2024-01-12 08:45:00,1284.4436
2024-01-12 09:00:00,1107.5594
2024-01-12 09:15:00,1160.9594000000002
2024-01-12 09:30:00,1262.9594
2024-01-12 09:45:00,1351.3594
2024-01-12 10:00:00,1352.4944
2024-01-12 10:15:00,1272.4944
2024-01-12 10:30:00,1359.0944
2024-01-12 10:45:00,1371.8944
2024-01-12 11:00:00,1219.0487
2024-01-12 11:15:00,1108.6487000000002
2024-01-12 11:30:00,1144.6487000000002
2024-01-12 11:45:00,1176.6487000000002
2024-01-12 12:00:00,962.4881
2024-01-12 12:15:00,937.0880999999999
2024-01-12 12:30:00,830.8881000000001
2024-01-12 12:45:00,729.6881000000001
2024-01-12 13:00:00,1056.9292
2024-01-12 13:15:00,1033.1292
2024-01-12 13:30:00,1038.7292000000002
2024-01-12 13:45:00,1036.9292
2024-01-12 14:00:00,950.9077
2024-01-12 14:15:00,1177.9077
2024-01-12 14:30:00,1152.9077
2024-01-12 14:45:00,1266.5077
2024-01-12 15:00:00,1205.6355
2024-01-12 15:15:00,1273.6355
2024-01-12 15:30:00,1285.0355
2024-01-12 15:45:00,1400.0355
2024-01-12 16:00:00,1545.8089
2024-01-12 16:15:00,1468.0089
2024-01-12 16:30:00,1597.4089000000004
2024-01-12 16:45:00,1566.0089
2024-01-12 17:00:00,1757.4
2024-01-12 17:15:00,1524.3999999999999
2024-01-12 17:30:00,1350.6
2024-01-12 17:45:00,1374.6
2024-01-12 18:00:00,1297.2
2024-01-12 18:15:00,1207.8
2024-01-12 18:30:00,1089.4
2024-01-12 18:45:00,1035.8000000000002
2024-01-12 19:00:00,1007.5999999999999
2024-01-12 19:15:00,958.2
2024-01-12 19:30:00,980.4000000000001
2024-01-12 19:45:00,966.2
2024-01-12 20:00:00,942.4000000000001
2024-01-12 20:15:00,1024.0
2024-01-12 20:30:00,953.2
2024-01-12 20:45:00,953.8
2024-01-12 21:00:00,868.4000000000001
2024-01-12 21:15:00,867.0
2024-01-12 21:30:00,846.0
2024-01-12 21:45:00,841.2
2024-01-12 22:00:00,799.1999999999999
2024-01-12 22:15:00,812.6
2024-01-12 22:30:00,785.5999999999999
2024-01-12 22:45:00,759.4000000000001
2024-01-12 23:00:00,780.9999999999999
2024-01-12 23:15:00,1233.6
2024-01-12 23:30:00,1289.0
2024-01-12 23:45:00,1189.0
2024-01-13 00:00:00,874.8
2024-01-13 00:15:00,935.1999999999999
2024-01-13 00:30:00,859.1999999999999
2024-01-13 00:45:00,781.1999999999999
2024-01-13 01:00:00,741.0
2024-01-13 01:15:00,659.2
2024-01-13 01:30:00,645.2
2024-01-13 01:45:00,674.2
2024-01-13 02:00:00,579.0
2024-01-13 02:15:00,656.9999999999999
2024-01-13 02:30:00,748.1999999999999
2024-01-13 02:45:00,751.5999999999999
2024-01-13 03:00:00,663.2
2024-01-13 03:15:00,574.4
2024-01-13 03:30:00,562.8000000000001
2024-01-13 03:45:00,551.0
2024-01-13 04:00:00,583.8
2024-01-13 04:15:00,643.2
2024-01-13 04:30:00,620.8
2024-01-13 04:45:00,586.8
2024-01-13 05:00:00,575.2
2024-01-13 05:15:00,636.8
2024-01-13 05:30:00,634.0
2024-01-13 05:45:00,719.2
2024-01-13 06:00:00,742.6
2024-01-13 06:15:00,761.6
2024-01-13 06:30:00,688.6
2024-01-13 06:45:00,647.0
2024-01-13 07:00:00,603.4
2024-01-13 07:15:00,625.8
2024-01-13 07:30:00,616.8
2024-01-13 07:45:00,684.1999999999999
2024-01-13 08:00:00,473.94839999999994
2024-01-13 08:15:00,520.9484
2024-01-13 08:30:00,512.7484
2024-01-13 08:45:00,553.1484
2024-01-13 09:00:00,345.3524
2024-01-13 09:15:00,484.1524
2024-01-13 09:30:00,1115.9524
2024-01-13 09:45:00,1101.7523999999999
2024-01-13 10:00:00,989.6985999999999
2024-01-13 10:15:00,969.4986000000001
2024-01-13 10:30:00,1005.6986
2024-01-13 10:45:00,602.2986
2024-01-13 11:00:00,87.13379999999998
2024-01-13 11:15:00,80.13380000000002
2024-01-13 11:30:00,106.1338
2024-01-13 11:45:00,32.93379999999998
2024-01-13 12:00:00,-48.9815
2024-01-13 12:15:00,-88.18149999999999
2024-01-13 12:30:00,-54.581500000000005
2024-01-13 12:45:00,-121.5815
2024-01-13 13:00:00,-90.57019999999999
2024-01-13 13:15:00,-84.77020000000006
2024-01-13 13:30:00,-109.57019999999999
2024-01-13 13:45:00,-64.5702
2024-01-13 14:00:00,43.56260000000002
2024-01-13 14:15:00,125.56260000000006
2024-01-13 14:30:00,117.76260000000005
2024-01-13 14:45:00,115.56260000000003
2024-01-13 15:00:00,466.0926999999999
2024-01-13 15:15:00,404.4927
2024-01-13 15:30:00,463.2927
2024-01-13 15:45:00,529.4927
2024-01-13 16:00:00,777.0484999999999
2024-01-13 16:15:00,721.4485
2024-01-13 16:30:00,711.8485
2024-01-13 16:45:00,580.0485
2024-01-13 17:00:00,850.0
2024-01-13 17:15:00,864.2
2024-01-13 17:30:00,925.0
2024-01-13 17:45:00,889.4000000000001
2024-01-13 18:00:00,792.8
2024-01-13 18:15:00,837.6
2024-01-13 18:30:00,707.0
2024-01-13 18:45:00,707.0
2024-01-13 19:00:00,763.4
2024-01-13 19:15:00,764.2
2024-01-13 19:30:00,748.0
2024-01-13 19:45:00,721.8
2024-01-13 20:00:00,756.5999999999999
2024-01-13 20:15:00,705.0
2024-01-13 20:30:00,751.3999999999999
2024-01-13 20:45:00,689.0
2024-01-13 21:00:00,676.4
2024-01-13 21:15:00,691.4
2024-01-13 21:30:00,721.0
2024-01-13 21:45:00,679.4
2024-01-13 22:00:00,686.8000000000001
2024-01-13 22:15:00,698.0
2024-01-13 22:30:00,686.6
2024-01-13 22:45:00,659.0
2024-01-13 23:00:00,713.8
2024-01-13 23:15:00,1095.2
2024-01-13 23:30:00,1038.8
2024-01-13 23:45:00,866.4000000000001
2024-01-14 00:00:00,745.0
2024-01-14 00:15:00,822.0
2024-01-14 00:30:00,810.1999999999999
2024-01-14 00:45:00,718.0
2024-01-14 01:00:00,777.2
2024-01-14 01:15:00,732.2
2024-01-14 01:30:00,747.6
2024-01-14 01:45:00,651.8
2024-01-14 02:00:00,645.0
2024-01-14 02:15:00,688.6
2024-01-14 02:30:00,644.5999999999999
2024-01-14 02:45:00,643.2
2024-01-14 03:00:00,625.0
2024-01-14 03:15:00,594.2
2024-01-14 03:30:00,660.2
2024-01-14 03:45:00,678.6
2024-01-14 04:00:00,661.8
2024-01-14 04:15:00,624.6
2024-01-14 04:30:00,654.2
2024-01-14 04:45:00,634.4000000000001
2024-01-14 05:00:00,648.6
2024-01-14 05:15:00,606.4
2024-01-14 05:30:00,624.4
2024-01-14 05:45:00,720.5999999999999
2024-01-14 06:00:00,765.0
2024-01-14 06:15:00,721.8000000000001
2024-01-14 06:30:00,764.5999999999999
2024-01-14 06:45:00,642.4
2024-01-14 07:00:00,596.2
2024-01-14 07:15:00,604.0
2024-01-14 07:30:00,603.2
2024-01-14 07:45:00,644.4
2024-01-14 08:00:00,576.3741
2024-01-14 08:15:00,596.7741
2024-01-14 08:30:00,615.7741
2024-01-14 08:45:00,581.9741
2024-01-14 09:00:00,521.8771
2024-01-14 09:15:00,571.8771
2024-01-14 09:30:00,622.0771000000001
2024-01-14 09:45:00,653.2771
2024-01-14 10:00:00,517.8588
2024-01-14 10:15:00,472.8588
2024-01-14 10:30:00,465.0588
2024-01-14 10:45:00,510.0588
2024-01-14 11:00:00,441.1667
2024-01-14 11:15:00,411.36670000000004
2024-01-14 11:30:00,425.1667
2024-01-14 11:45:00,415.36670000000004
2024-01-14 12:00:00,406.1634
2024-01-14 12:15:00,393.7634
2024-01-14 12:30:00,376.1634
2024-01-14 12:45:00,448.7634
2024-01-14 13:00:00,445.2172999999999
2024-01-14 13:15:00,478.6173
2024-01-14 13:30:00,598.0173
2024-01-14 13:45:00,558.0173
2024-01-14 14:00:00,551.3318
2024-01-14 14:15:00,659.3318
2024-01-14 14:30:00,651.9318000000001
2024-01-14 14:45:00,768.3318
2024-01-14 15:00:00,729.4336
2024-01-14 15:15:00,575.2336
2024-01-14 15:30:00,596.4336
2024-01-14 15:45:00,803.8336
2024-01-14 16:00:00,845.435
2024-01-14 16:15:00,751.435
2024-01-14 16:30:00,706.835
2024-01-14 16:45:00,729.835
2024-01-14 17:00:00,800.4000000000001
2024-01-14 17:15:00,758.0
2024-01-14 17:30:00,805.0
2024-01-14 17:45:00,772.4000000000001
2024-01-14 18:00:00,759.2
2024-01-14 18:15:00,735.4000000000001
2024-01-14 18:30:00,698.8
2024-01-14 18:45:00,740.4
2024-01-14 19:00:00,756.0
2024-01-14 19:15:00,709.0
2024-01-14 19:30:00,712.1999999999999
2024-01-14 19:45:00,691.4000000000001
2024-01-14 20:00:00,707.4
2024-01-14 20:15:00,711.5999999999999
2024-01-14 20:30:00,812.4
2024-01-14 20:45:00,699.0
2024-01-14 21:00:00,692.8
2024-01-14 21:15:00,698.2
2024-01-14 21:30:00,685.4
2024-01-14 21:45:00,664.8
2024-01-14 22:00:00,674.4
2024-01-14 22:15:00,675.2
2024-01-14 22:30:00,672.2
2024-01-14 22:45:00,684.8
2024-01-14 23:00:00,711.6
2024-01-14 23:15:00,1081.2
2024-01-14 23:30:00,992.6
2024-01-14 23:45:00,912.4
2024-01-15 00:00:00,742.2
2024-01-15 00:15:00,709.4000000000001
2024-01-15 00:30:00,673.0
2024-01-15 00:45:00,681.8
2024-01-15 01:00:00,520.0
2024-01-15 01:15:00,545.4000000000001
2024-01-15 01:30:00,524.0
2024-01-15 01:45:00,536.6
2024-01-15 02:00:00,551.6
2024-01-15 02:15:00,528.5999999999999
2024-01-15 02:30:00,522.4000000000001
2024-01-15 02:45:00,538.4
2024-01-15 03:00:00,558.8000000000001
2024-01-15 03:15:00,643.2
2024-01-15 03:30:00,644.8
2024-01-15 03:45:00,592.5999999999999
2024-01-15 04:00:00,590.0
2024-01-15 04:15:00,578.6
2024-01-15 04:30:00,650.8
2024-01-15 04:45:00,714.0
2024-01-15 05:00:00,597.6
2024-01-15 05:15:00,578.0
2024-01-15 05:30:00,641.0
2024-01-15 05:45:00,637.2
2024-01-15 06:00:00,823.8000000000001
2024-01-15 06:15:00,826.4
2024-01-15 06:30:00,662.5999999999999
2024-01-15 06:45:00,913.9999999999999
2024-01-15 07:00:00,855.2
2024-01-15 07:15:00,851.0
2024-01-15 07:30:00,893.2
2024-01-15 07:45:00,867.4000000000001
2024-01-15 08:00:00,782.9244
2024-01-15 08:15:00,819.7244000000001
2024-01-15 08:30:00,1124.1244000000002
2024-01-15 08:45:00,1514.5243999999998
2024-01-15 09:00:00,1538.742
2024-01-15 09:15:00,1641.7420000000002
2024-01-15 09:30:00,1615.942
2024-01-15 09:45:00,1762.7419999999997
2024-01-15 10:00:00,1703.4407
2024-01-15 10:15:00,1802.4407
2024-01-15 10:30:00,1854.8406999999997
2024-01-15 10:45:00,1780.2406999999998
2024-01-15 11:00:00,1523.2656000000002
2024-01-15 11:15:00,1344.6656000000003
2024-01-15 11:30:00,1301.4656
2024-01-15 11:45:00,1289.6656
2024-01-15 12:00:00,1417.4546999999998
2024-01-15 12:15:00,1486.4547
2024-01-15 12:30:00,1439.8546999999999
2024-01-15 12:45:00,1358.6546999999998
2024-01-15 13:00:00,1268.1605
2024-01-15 13:15:00,1290.9605000000001
2024-01-15 13:30:00,1314.7604999999999
2024-01-15 13:45:00,1352.1605
2024-01-15 14:00:00,1484.5035
2024-01-15 14:15:00,1600.9035
2024-01-15 14:30:00,1534.7035
2024-01-15 14:45:00,1648.5035000000003
2024-01-15 15:00:00,1871.6576000000002
2024-01-15 15:15:00,1863.8575999999998
2024-01-15 15:30:00,2017.8576
2024-01-15 15:45:00,1944.0576
2024-01-15 16:00:00,2197.1247
2024-01-15 16:15:00,2178.9247
2024-01-15 16:30:00,2205.9247
2024-01-15 16:45:00,2132.3247
2024-01-15 17:00:00,2253.6
2024-01-15 17:15:00,2274.0
2024-01-15 17:30:00,2198.8
2024-01-15 17:45:00,2218.8
2024-01-15 18:00:00,2109.8
2024-01-15 18:15:00,1941.3999999999999
2024-01-15 18:30:00,1871.2
2024-01-15 18:45:00,1693.6000000000001
2024-01-15 19:00:00,1566.6000000000001
2024-01-15 19:15:00,1542.2
2024-01-15 19:30:00,1472.2
2024-01-15 19:45:00,1461.2
2024-01-15 20:00:00,1430.6000000000001
2024-01-15 20:15:00,1456.2
2024-01-15 20:30:00,1345.4
2024-01-15 20:45:00,1282.2
2024-01-15 21:00:00,1239.8
2024-01-15 21:15:00,1241.6
2024-01-15 21:30:00,1150.6
2024-01-15 21:45:00,1124.6
2024-01-15 22:00:00,1126.8
2024-01-15 22:15:00,1064.4
2024-01-15 22:30:00,1074.8
2024-01-15 22:45:00,1019.3999999999999
2024-01-15 23:00:00,989.6
2024-01-15 23:15:00,1170.0000000000002
2024-01-15 23:30:00,1159.6
2024-01-15 23:45:00,1051.8
2024-01-16 00:00:00,902.1999999999999
2024-01-16 00:15:00,829.2
2024-01-16 00:30:00,774.2
2024-01-16 00:45:00,773.2
2024-01-16 01:00:00,799.8
2024-01-16 01:15:00,778.6
2024-01-16 01:30:00,749.6
2024-01-16 01:45:00,722.6
2024-01-16 02:00:00,688.8
2024-01-16 02:15:00,703.8
2024-01-16 02:30:00,779.4000000000001
2024-01-16 02:45:00,726.2
2024-01-16 03:00:00,726.2
2024-01-16 03:15:00,698.0
2024-01-16 03:30:00,684.0
2024-01-16 03:45:00,680.2
2024-01-16 04:00:00,679.8
2024-01-16 04:15:00,709.4
2024-01-16 04:30:00,723.0
2024-01-16 04:45:00,691.8
2024-01-16 05:00:00,700.4
2024-01-16 05:15:00,724.6
2024-01-16 05:30:00,796.1999999999999
2024-01-16 05:45:00,943.0
2024-01-16 06:00:00,964.2
2024-01-16 06:15:00,985.0
2024-01-16 06:30:00,1035.0
2024-01-16 06:45:00,1034.8
2024-01-16 07:00:00,1011.8
2024-01-16 07:15:00,931.4
2024-01-16 07:30:00,1009.6
2024-01-16 07:45:00,964.1999999999999
2024-01-16 08:00:00,1047.5551
2024-01-16 08:15:00,1252.9551000000001
2024-01-16 08:30:00,1592.1551000000002
2024-01-16 08:45:00,1878.7551000000003
2024-01-16 09:00:00,2144.0119
2024-01-16 09:15:00,2319.4119
2024-01-16 09:30:00,2268.0119
2024-01-16 09:45:00,2394.0119
2024-01-16 10:00:00,2434.4842
2024-01-16 10:15:00,2547.0842000000002
2024-01-16 10:30:00,2466.2842
2024-01-16 10:45:00,2520.2842
2024-01-16 11:00:00,2371.7912
2024-01-16 11:15:00,2536.9912000000004
2024-01-16 11:30:00,2381.3912
2024-01-16 11:45:00,2384.9912
2024-01-16 12:00:00,2379.0262
2024-01-16 12:15:00,2366.4262
2024-01-16 12:30:00,2429.2262
2024-01-16 12:45:00,2298.6262
2024-01-16 13:00:00,1425.35
2024-01-16 13:15:00,1385.95
2024-01-16 13:30:00,1355.15
2024-01-16 13:45:00,1409.35
2024-01-16 14:00:00,1663.5633
2024-01-16 14:15:00,1665.1633
2024-01-16 14:30:00,1755.1633000000002
2024-01-16 14:45:00,1733.7632999999998
2024-01-16 15:00:00,1886.0899
2024-01-16 15:15:00,1929.2898999999998
2024-01-16 15:30:00,1849.2899
2024-01-16 15:45:00,1762.4899
2024-01-16 16:00:00,2075.0996
2024-01-16 16:15:00,2076.8996
2024-01-16 16:30:00,2117.8996
2024-01-16 16:45:00,2121.4996
2024-01-16 17:00:00,2270.5887
2024-01-16 17:15:00,2251.7887
2024-01-16 17:30:00,2201.7887
2024-01-16 17:45:00,2134.9887
2024-01-16 18:00:00,2056.8
2024-01-16 18:15:00,1934.3999999999999
2024-01-16 18:30:00,1789.0
2024-01-16 18:45:00,1681.2000000000003
2024-01-16 19:00:00,1624.2
2024-01-16 19:15:00,1519.8
2024-01-16 19:30:00,1454.1999999999998
2024-01-16 19:45:00,1484.4
2024-01-16 20:00:00,1409.8
2024-01-16 20:15:00,1419.8
2024-01-16 20:30:00,1297.6
2024-01-16 20:45:00,1233.4
2024-01-16 21:00:00,1208.4
2024-01-16 21:15:00,1235.4
2024-01-16 21:30:00,1232.8
2024-01-16 21:45:00,1149.4
2024-01-16 22:00:00,1181.8000000000002
2024-01-16 22:15:00,1094.2
2024-01-16 22:30:00,1067.0
2024-01-16 22:45:00,1056.0
2024-01-16 23:00:00,1166.8
2024-01-16 23:15:00,1307.2
2024-01-16 23:30:00,1292.2
2024-01-16 23:45:00,1114.0
2024-01-17 00:00:00,1079.0
2024-01-17 00:15:00,1044.3999999999999
2024-01-17 00:30:00,1081.0
2024-01-17 00:45:00,1035.8
2024-01-17 01:00:00,1089.8000000000002
2024-01-17 01:15:00,1004.4
2024-01-17 01:30:00,861.8
2024-01-17 01:45:00,821.6
2024-01-17 02:00:00,783.6
2024-01-17 02:15:00,774.4
2024-01-17 02:30:00,745.2
2024-01-17 02:45:00,780.8
2024-01-17 03:00:00,815.6
2024-01-17 03:15:00,775.4000000000001
2024-01-17 03:30:00,861.4
2024-01-17 03:45:00,905.6
2024-01-17 04:00:00,848.5999999999999
2024-01-17 04:15:00,795.6000000000001
2024-01-17 04:30:00,838.5999999999999
2024-01-17 04:45:00,817.1999999999999
2024-01-17 05:00:00,805.2
2024-01-17 05:15:00,778.1999999999999
2024-01-17 05:30:00,830.0
2024-01-17 05:45:00,922.4000000000001
2024-01-17 06:00:00,1076.4
2024-01-17 06:15:00,1172.2
2024-01-17 06:30:00,1116.4
2024-01-17 06:45:00,1201.2
2024-01-17 07:00:00,1062.4
2024-01-17 07:15:00,957.5999999999999
2024-01-17 07:30:00,1123.4
2024-01-17 07:45:00,1044.4
2024-01-17 08:00:00,1218.4225999999999
2024-01-17 08:15:00,1344.8226
2024-01-17 08:30:00,1507.4225999999999
2024-01-17 08:45:00,1952.8226
2024-01-17 09:00:00,2192.2761
2024-01-17 09:15:00,2237.8761
2024-01-17 09:30:00,2420.4761
2024-01-17 09:45:00,2571.8761
2024-01-17 10:00:00,2527.4739
2024-01-17 10:15:00,2499.4739
2024-01-17 10:30:00,2590.2739
2024-01-17 10:45:00,2557.2739
2024-01-17 11:00:00,2528.0212
2024-01-17 11:15:00,2512.4212
2024-01-17 11:30:00,2456.4212
2024-01-17 11:45:00,2490.0212
2024-01-17 12:00:00,2359.501
2024-01-17 12:15:00,2416.301
2024-01-17 12:30:00,2374.901
2024-01-17 12:45:00,2148.5009999999997
2024-01-17 13:00:00,2199.2338
2024-01-17 13:15:00,2190.6338
2024-01-17 13:30:00,2156.0338
2024-01-17 13:45:00,2301.6338
2024-01-17 14:00:00,2351.7775
2024-01-17 14:15:00,2424.1775000000002
2024-01-17 14:30:00,2379.3775
2024-01-17 14:45:00,2429.1775
2024-01-17 15:00:00,2583.3668
2024-01-17 15:15:00,2529.5668
2024-01-17 15:30:00,2413.5668
2024-01-17 15:45:00,2387.5668
2024-01-17 16:00:00,2630.8038
2024-01-17 16:15:00,2651.4038
2024-01-17 16:30:00,2710.8038
2024-01-17 16:45:00,2587.6038
2024-01-17 17:00:00,2709.4
2024-01-17 17:15:00,2717.3999999999996
2024-01-17 17:30:00,2591.0
2024-01-17 17:45:00,2348.6
2024-01-17 18:00:00,2253.8
2024-01-17 18:15:00,1965.0
2024-01-17 18:30:00,1917.3999999999999
2024-01-17 18:45:00,1771.8000000000002
2024-01-17 19:00:00,1605.8
2024-01-17 19:15:00,1612.3999999999999
2024-01-17 19:30:00,1689.0000000000002
2024-01-17 19:45:00,1574.0
2024-01-17 20:00:00,1538.0
2024-01-17 20:15:00,1467.4
2024-01-17 20:30:00,1444.0
2024-01-17 20:45:00,1306.0
2024-01-17 21:00:00,1337.0
2024-01-17 21:15:00,1387.0
2024-01-17 21:30:00,1328.6
2024-01-17 21:45:00,1296.6
2024-01-17 22:00:00,1228.6
2024-01-17 22:15:00,1157.0
2024-01-17 22:30:00,1063.6
2024-01-17 22:45:00,1021.1999999999999
2024-01-17 23:00:00,1083.6
2024-01-17 23:15:00,1253.8
2024-01-17 23:30:00,1469.8
2024-01-17 23:45:00,1317.4
2024-01-18 00:00:00,1152.0
2024-01-18 00:15:00,1148.2
2024-01-18 00:30:00,1009.6
2024-01-18 00:45:00,972.4000000000001
2024-01-18 01:00:00,1136.8
2024-01-18 01:15:00,964.4000000000001
2024-01-18 01:30:00,911.6
2024-01-18 01:45:00,758.8
2024-01-18 02:00:00,742.0
2024-01-18 02:15:00,756.9999999999999
2024-01-18 02:30:00,757.0
2024-01-18 02:45:00,718.8000000000001
2024-01-18 03:00:00,839.4000000000001
2024-01-18 03:15:00,938.4000000000001
2024-01-18 03:30:00,923.6000000000001
2024-01-18 03:45:00,766.8
2024-01-18 04:00:00,764.0000000000001
2024-01-18 04:15:00,738.0
2024-01-18 04:30:00,766.8
2024-01-18 04:45:00,827.6000000000001
2024-01-18 05:00:00,719.6
2024-01-18 05:15:00,724.6
2024-01-18 05:30:00,735.0
2024-01-18 05:45:00,846.4000000000001
2024-01-18 06:00:00,970.6
2024-01-18 06:15:00,1012.0
2024-01-18 06:30:00,1067.2
2024-01-18 06:45:00,1068.4
2024-01-18 07:00:00,1116.4
2024-01-18 07:15:00,988.2
2024-01-18 07:30:00,1014.6
2024-01-18 07:45:00,1067.1999999999998
2024-01-18 08:00:00,1063.2219
2024-01-18 08:15:00,1202.8219000000001
2024-01-18 08:30:00,1521.8219
2024-01-18 08:45:00,1921.0219
2024-01-18 09:00:00,2078.0532
2024-01-18 09:15:00,2294.6531999999997
2024-01-18 09:30:00,2496.0532000000003
2024-01-18 09:45:00,2545.6531999999997
2024-01-18 10:00:00,2563.5004
2024-01-18 10:15:00,2985.3004
2024-01-18 10:30:00,2973.5004
2024-01-18 10:45:00,2998.5004
2024-01-18 11:00:00,2874.1897
2024-01-18 11:15:00,2903.5897
2024-01-18 11:30:00,2710.5896999999995
2024-01-18 11:45:00,2677.9897
2024-01-18 12:00:00,2654.3568999999998
2024-01-18 12:15:00,2548.1569
2024-01-18 12:30:00,2551.7569
2024-01-18 12:45:00,2511.1569
2024-01-18 13:00:00,2389.9549
2024-01-18 13:15:00,2415.9548999999997
2024-01-18 13:30:00,2438.3549000000003
2024-01-18 13:45:00,2545.5549
2024-01-18 14:00:00,2563.4346
2024-01-18 14:15:00,2786.4345999999996
2024-01-18 14:30:00,2835.4346
2024-01-18 14:45:00,2770.2346
2024-01-18 15:00:00,2691.2896
2024-01-18 15:15:00,2706.6896
2024-01-18 15:30:00,2716.2896
2024-01-18 15:45:00,2709.6895999999997
2024-01-18 16:00:00,2806.5732
2024-01-18 16:15:00,2845.3732
2024-01-18 16:30:00,2860.7732
2024-01-18 16:45:00,2906.7732
2024-01-18 17:00:00,2770.6000000000004
2024-01-18 17:15:00,2633.4
2024-01-18 17:30:00,2519.7999999999997
2024-01-18 17:45:00,2434.6000000000004
2024-01-18 18:00:00,2308.0
2024-01-18 18:15:00,2087.6000000000004
2024-01-18 18:30:00,1996.0
2024-01-18 18:45:00,1806.1999999999998
2024-01-18 19:00:00,1619.8000000000002
2024-01-18 19:15:00,1601.2
2024-01-18 19:30:00,1653.2
2024-01-18 19:45:00,1626.8
2024-01-18 20:00:00,1559.0
2024-01-18 20:15:00,1611.0
2024-01-18 20:30:00,1465.3999999999999
2024-01-18 20:45:00,1350.6
2024-01-18 21:00:00,1284.6
2024-01-18 21:15:00,1229.4
2024-01-18 21:30:00,1177.8000000000002
2024-01-18 21:45:00,1195.8
2024-01-18 22:00:00,1110.6000000000001
2024-01-18 22:15:00,1082.6000000000001
2024-01-18 22:30:00,1054.8
2024-01-18 22:45:00,1006.0
2024-01-18 23:00:00,1000.2
2024-01-18 23:15:00,1409.1999999999998
2024-01-18 23:30:00,1496.0
2024-01-18 23:45:00,1254.6
2024-01-19 00:00:00,1043.8
2024-01-19 00:15:00,977.4
2024-01-19 00:30:00,1088.8
2024-01-19 00:45:00,911.0
2024-01-19 01:00:00,893.4000000000001
2024-01-19 01:15:00,912.8000000000001
2024-01-19 01:30:00,916.3999999999999
2024-01-19 01:45:00,938.2
2024-01-19 02:00:00,912.4
2024-01-19 02:15:00,866.6
2024-01-19 02:30:00,835.8
2024-01-19 02:45:00,880.0
2024-01-19 03:00:00,850.2
2024-01-19 03:15:00,834.4000000000001
2024-01-19 03:30:00,772.4
2024-01-19 03:45:00,816.2
2024-01-19 04:00:00,845.6000000000001
2024-01-19 04:15:00,825.0
2024-01-19 04:30:00,855.2
2024-01-19 04:45:00,851.0
2024-01-19 05:00:00,836.8000000000001
2024-01-19 05:15:00,815.4000000000001
2024-01-19 05:30:00,886.0
2024-01-19 05:45:00,925.2
2024-01-19 06:00:00,1068.0
2024-01-19 06:15:00,994.8
2024-01-19 06:30:00,1109.3999999999999
2024-01-19 06:45:00,1170.1999999999998
2024-01-19 07:00:00,1087.4
2024-01-19 07:15:00,1149.1999999999998
2024-01-19 07:30:00,1165.4
2024-01-19 07:45:00,1234.8
2024-01-19 08:00:00,1155.5215
2024-01-19 08:15:00,1280.5215
2024-01-19 08:30:00,1611.3215
2024-01-19 08:45:00,2066.5215
2024-01-19 09:00:00,2371.1234000000004
2024-01-19 09:15:00,2602.9234
2024-01-19 09:30:00,2709.5234
2024-01-19 09:45:00,2897.3234
2024-01-19 10:00:00,2960.1805
2024-01-19 10:15:00,3017.5805
2024-01-19 10:30:00,3206.7805
2024-01-19 10:45:00,3258.1805000000004
2024-01-19 11:00:00,3124.5774
2024-01-19 11:15:00,3004.1773999999996
2024-01-19 11:30:00,3072.7774
2024-01-19 11:45:00,2928.1773999999996
2024-01-19 12:00:00,2769.9987
2024-01-19 12:15:00,2728.9987
2024-01-19 12:30:00,2731.3986999999997
2024-01-19 12:45:00,2594.5987000000005
2024-01-19 13:00:00,1777.0728
2024-01-19 13:15:00,1848.6728000000003
2024-01-19 13:30:00,1944.4728000000002
2024-01-19 13:45:00,1895.0728000000001
2024-01-19 14:00:00,2113.6604
2024-01-19 14:15:00,2331.4604
2024-01-19 14:30:00,2443.6603999999998
2024-01-19 14:45:00,2400.8604
2024-01-19 15:00:00,2627.9725
2024-01-19 15:15:00,2694.9725000000003
2024-01-19 15:30:00,2690.3725
2024-01-19 15:45:00,2510.7725
2024-01-19 16:00:00,2863.5952
2024-01-19 16:15:00,2819.3952
2024-01-19 16:30:00,2788.9952
2024-01-19 16:45:00,2836.5952
2024-01-19 17:00:00,3116.2367
2024-01-19 17:15:00,3031.2367
2024-01-19 17:30:00,2889.0366999999997
2024-01-19 17:45:00,2687.0366999999997
2024-01-19 18:00:00,2539.4
2024-01-19 18:15:00,2260.0
2024-01-19 18:30:00,2097.6
2024-01-19 18:45:00,1844.0
2024-01-19 19:00:00,1709.1999999999998
2024-01-19 19:15:00,1609.8
2024-01-19 19:30:00,1608.8
2024-01-19 19:45:00,1542.0
2024-01-19 20:00:00,1490.2
2024-01-19 20:15:00,1458.4
2024-01-19 20:30:00,1401.1999999999998
2024-01-19 20:45:00,1293.1999999999998
2024-01-19 21:00:00,1192.6
2024-01-19 21:15:00,1208.2
2024-01-19 21:30:00,1203.4
2024-01-19 21:45:00,1120.2
2024-01-19 22:00:00,1090.0
2024-01-19 22:15:00,1046.8
2024-01-19 22:30:00,1043.8000000000002
2024-01-19 22:45:00,991.4
2024-01-19 23:00:00,980.6
2024-01-19 23:15:00,1633.3999999999999
2024-01-19 23:30:00,1648.8
2024-01-19 23:45:00,1506.6
2024-01-20 00:00:00,1230.3999999999999
2024-01-20 00:15:00,1059.6
2024-01-20 00:30:00,941.0
2024-01-20 00:45:00,828.0
2024-01-20 01:00:00,791.8
2024-01-20 01:15:00,864.0
2024-01-20 01:30:00,913.0
2024-01-20 01:45:00,1043.8
2024-01-20 02:00:00,1083.4
2024-01-20 02:15:00,988.0
2024-01-20 02:30:00,902.5999999999999
2024-01-20 02:45:00,770.8
2024-01-20 03:00:00,770.4
2024-01-20 03:15:00,804.0
2024-01-20 03:30:00,809.4000000000001
2024-01-20 03:45:00,820.4
2024-01-20 04:00:00,753.2
2024-01-20 04:15:00,784.0
2024-01-20 04:30:00,803.2
2024-01-20 04:45:00,818.6
2024-01-20 05:00:00,809.0000000000001
2024-01-20 05:15:00,875.4
2024-01-20 05:30:00,892.4
2024-01-20 05:45:00,904.4000000000001
2024-01-20 06:00:00,867.2
2024-01-20 06:15:00,921.1999999999999
2024-01-20 06:30:00,888.6
2024-01-20 06:45:00,809.8
2024-01-20 07:00:00,746.8787
2024-01-20 07:15:00,771.4786999999999
2024-01-20 07:30:00,782.6786999999999
2024-01-20 07:45:00,791.0787
2024-01-20 08:00:00,645.3251
2024-01-20 08:15:00,717.5251000000001
2024-01-20 08:30:00,831.7251
2024-01-20 08:45:00,938.9251000000002
2024-01-20 09:00:00,942.4376
2024-01-20 09:15:00,1142.8376
2024-01-20 09:30:00,1258.6376
2024-01-20 09:45:00,1304.0375999999999
2024-01-20 10:00:00,1038.8494
2024-01-20 10:15:00,1084.2494000000002
2024-01-20 10:30:00,1188.0493999999999
2024-01-20 10:45:00,1170.2494
2024-01-20 11:00:00,1044.1055000000001
2024-01-20 11:15:00,1097.5055
2024-01-20 11:30:00,1101.5055000000002
2024-01-20 11:45:00,1074.7055
2024-01-20 12:00:00,1379.0851
2024-01-20 12:15:00,1419.6851000000001
2024-01-20 12:30:00,1387.2850999999998
2024-01-20 12:45:00,1320.6851
2024-01-20 13:00:00,1464.7426999999998
2024-01-20 13:15:00,1440.5427
2024-01-20 13:30:00,1498.5427
2024-01-20 13:45:00,1546.9427
2024-01-20 14:00:00,1569.7073
2024-01-20 14:15:00,1757.3073
2024-01-20 14:30:00,1831.1073000000001
2024-01-20 14:45:00,1898.9072999999999
2024-01-20 15:00:00,1916.3858
2024-01-20 15:15:00,1975.7857999999999
2024-01-20 15:30:00,1888.5857999999998
2024-01-20 15:45:00,1816.7857999999999
2024-01-20 16:00:00,1831.5403000000001
2024-01-20 16:15:00,1973.5403000000001
2024-01-20 16:30:00,1944.5403
2024-01-20 16:45:00,1909.1402999999998
2024-01-20 17:00:00,1959.8000000000002
2024-01-20 17:15:00,1857.4
2024-01-20 17:30:00,1800.4
2024-01-20 17:45:00,1732.0
2024-01-20 18:00:00,1639.1999999999998
2024-01-20 18:15:00,1510.4
2024-01-20 18:30:00,1491.2
2024-01-20 18:45:00,1326.6
2024-01-20 19:00:00,1231.4
2024-01-20 19:15:00,1216.4
2024-01-20 19:30:00,1151.4
2024-01-20 19:45:00,1163.2
2024-01-20 20:00:00,1224.0
2024-01-20 20:15:00,1149.2
2024-01-20 20:30:00,1090.0
2024-01-20 20:45:00,1109.8000000000002
2024-01-20 21:00:00,981.4
2024-01-20 21:15:00,996.8000000000001
2024-01-20 21:30:00,983.8000000000001
2024-01-20 21:45:00,997.6
2024-01-20 22:00:00,949.3999999999999
2024-01-20 22:15:00,939.4000000000001
2024-01-20 22:30:00,917.4000000000001
2024-01-20 22:45:00,854.2
2024-01-20 23:00:00,838.8000000000001
2024-01-20 23:15:00,1046.0
2024-01-20 23:30:00,1051.6
2024-01-20 23:45:00,1146.3999999999999
2024-01-21 00:00:00,1006.8
2024-01-21 00:15:00,895.9999999999999
2024-01-21 00:30:00,850.2
2024-01-21 00:45:00,915.4
2024-01-21 01:00:00,833.2
2024-01-21 01:15:00,936.5999999999999
2024-01-21 01:30:00,876.3999999999999
2024-01-21 01:45:00,768.6
2024-01-21 02:00:00,758.0000000000001
2024-01-21 02:15:00,853.2
2024-01-21 02:30:00,821.4
2024-01-21 02:45:00,827.1999999999999
2024-01-21 03:00:00,781.8000000000001
2024-01-21 03:15:00,750.5999999999999
2024-01-21 03:30:00,762.6
2024-01-21 03:45:00,736.6
2024-01-21 04:00:00,730.4000000000001
2024-01-21 04:15:00,708.0
2024-01-21 04:30:00,777.8
2024-01-21 04:45:00,724.8
2024-01-21 05:00:00,713.6
2024-01-21 05:15:00,740.8
2024-01-21 05:30:00,774.3999999999999
2024-01-21 05:45:00,819.6
2024-01-21 06:00:00,865.2
2024-01-21 06:15:00,858.0
2024-01-21 06:30:00,871.2
2024-01-21 06:45:00,852.6
2024-01-21 07:00:00,717.4000000000001
2024-01-21 07:15:00,677.4
2024-01-21 07:30:00,693.0
2024-01-21 07:45:00,734.6
2024-01-21 08:00:00,698.5616
2024-01-21 08:15:00,743.1616
2024-01-21 08:30:00,796.7616
2024-01-21 08:45:00,945.5616
2024-01-21 09:00:00,896.1172
2024-01-21 09:15:00,1041.3172
2024-01-21 09:30:00,1147.3172
2024-01-21 09:45:00,1183.5172
2024-01-21 10:00:00,1034.6339
2024-01-21 10:15:00,1079.6339
2024-01-21 10:30:00,1082.0339
2024-01-21 10:45:00,1270.8339
2024-01-21 11:00:00,1008.3531
2024-01-21 11:15:00,1030.1531
2024-01-21 11:30:00,1005.1531
2024-01-21 11:45:00,966.1531
2024-01-21 12:00:00,900.9084
2024-01-21 12:15:00,857.3084
2024-01-21 12:30:00,880.9084
2024-01-21 12:45:00,877.5084
2024-01-21 13:00:00,906.1802
2024-01-21 13:15:00,964.1802
2024-01-21 13:30:00,1007.5802000000001
2024-01-21 13:45:00,1044.1802
2024-01-21 14:00:00,1127.5201
2024-01-21 14:15:00,1201.3201
2024-01-21 14:30:00,1219.5201
2024-01-21 14:45:00,1186.3201
2024-01-21 15:00:00,1252.9394
2024-01-21 15:15:00,1278.7394000000002
2024-01-21 15:30:00,1314.9393999999998
2024-01-21 15:45:00,1353.3393999999998
2024-01-21 16:00:00,1638.9233999999997
2024-01-21 16:15:00,1613.3233999999998
2024-01-21 16:30:00,1499.7233999999999
2024-01-21 16:45:00,1378.5234
2024-01-21 17:00:00,1404.8
2024-01-21 17:15:00,1414.8
2024-01-21 17:30:00,1371.6
2024-01-21 17:45:00,1366.8
2024-01-21 18:00:00,1196.6
2024-01-21 18:15:00,1156.0
2024-01-21 18:30:00,1186.2
2024-01-21 18:45:00,1127.2
2024-01-21 19:00:00,1147.6
2024-01-21 19:15:00,1113.2
2024-01-21 19:30:00,1151.1999999999998
2024-01-21 19:45:00,1124.0
2024-01-21 20:00:00,1108.2
2024-01-21 20:15:00,1150.8
2024-01-21 20:30:00,1141.4
2024-01-21 20:45:00,1079.0
2024-01-21 21:00:00,1055.6
2024-01-21 21:15:00,1112.2
2024-01-21 21:30:00,1074.6
2024-01-21 21:45:00,1030.8000000000002
2024-01-21 22:00:00,1002.8
2024-01-21 22:15:00,963.6
2024-01-21 22:30:00,972.4000000000001
2024-01-21 22:45:00,941.0
2024-01-21 23:00:00,997.5999999999999
2024-01-21 23:15:00,1266.6
2024-01-21 23:30:00,1461.0
2024-01-21 23:45:00,1294.0000000000002
2024-01-22 00:00:00,1252.1999999999998
2024-01-22 00:15:00,1218.8
2024-01-22 00:30:00,1177.0
2024-01-22 00:45:00,1019.5999999999999
2024-01-22 01:00:00,1054.2
2024-01-22 01:15:00,985.5999999999999
2024-01-22 01:30:00,1066.8
2024-01-22 01:45:00,962.3999999999999
2024-01-22 02:00:00,848.6
2024-01-22 02:15:00,864.4000000000001
2024-01-22 02:30:00,874.8
2024-01-22 02:45:00,902.5999999999999
2024-01-22 03:00:00,865.6
2024-01-22 03:15:00,870.5999999999999
2024-01-22 03:30:00,817.6
2024-01-22 03:45:00,893.5999999999999
2024-01-22 04:00:00,856.6
2024-01-22 04:15:00,816.4
2024-01-22 04:30:00,892.5999999999999
2024-01-22 04:45:00,1082.0
2024-01-22 05:00:00,1034.0
2024-01-22 05:15:00,1062.4
2024-01-22 05:30:00,1153.6
2024-01-22 05:45:00,1303.7999999999997
2024-01-22 06:00:00,1319.0
2024-01-22 06:15:00,1279.8
2024-01-22 06:30:00,1187.1999999999998
2024-01-22 06:45:00,1165.6
2024-01-22 07:00:00,1113.6000000000001
2024-01-22 07:15:00,1140.6
2024-01-22 07:30:00,1190.4
2024-01-22 07:45:00,1273.4
2024-01-22 08:00:00,1390.4629
2024-01-22 08:15:00,1452.8629
2024-01-22 08:30:00,1786.2629000000002
2024-01-22 08:45:00,2399.0629
2024-01-22 09:00:00,2744.4347
2024-01-22 09:15:00,3083.0347
2024-01-22 09:30:00,3557.4347000000002
2024-01-22 09:45:00,3511.4347000000002
2024-01-22 10:00:00,3581.9383
2024-01-22 10:15:00,3773.5383
2024-01-22 10:30:00,3664.1382999999996
2024-01-22 10:45:00,3837.5383
2024-01-22 11:00:00,3841.3909000000003
2024-01-22 11:15:00,3828.3909000000003
2024-01-22 11:30:00,3903.3909
2024-01-22 11:45:00,3900.1909
2024-01-22 12:00:00,3764.0003
2024-01-22 12:15:00,3818.0002999999997
2024-01-22 12:30:00,3997.0002999999997
2024-01-22 12:45:00,3588.0003
2024-01-22 13:00:00,3624.6566000000003
2024-01-22 13:15:00,3744.8566
2024-01-22 13:30:00,3762.8566
2024-01-22 13:45:00,3779.6566
2024-01-22 14:00:00,3793.2454
2024-01-22 14:15:00,4030.6454
2024-01-22 14:30:00,4084.0454
2024-01-22 14:45:00,4162.2454
2024-01-22 15:00:00,4201.2652
2024-01-22 15:15:00,4270.6651999999995
2024-01-22 15:30:00,4118.0652
2024-01-22 15:45:00,4050.4651999999996
2024-01-22 16:00:00,4063.6294
2024-01-22 16:15:00,4194.6294
2024-01-22 16:30:00,4208.2294
2024-01-22 16:45:00,4100.029399999999
2024-01-22 17:00:00,4309.0
2024-01-22 17:15:00,3997.6
2024-01-22 17:30:00,3989.6000000000004
2024-01-22 17:45:00,3652.8
2024-01-22 18:00:00,3238.3999999999996
2024-01-22 18:15:00,2913.6
2024-01-22 18:30:00,2834.4000000000005
2024-01-22 18:45:00,2456.0
2024-01-22 19:00:00,2283.4
2024-01-22 19:15:00,2221.6000000000004
2024-01-22 19:30:00,2272.2
2024-01-22 19:45:00,2271.2
2024-01-22 20:00:00,2146.2
2024-01-22 20:15:00,2161.2
2024-01-22 20:30:00,2076.2
2024-01-22 20:45:00,1962.9999999999998
2024-01-22 21:00:00,1924.6000000000001
2024-01-22 21:15:00,1874.8000000000002
2024-01-22 21:30:00,1867.0
2024-01-22 21:45:00,1756.0
2024-01-22 22:00:00,1567.8000000000002
2024-01-22 22:15:00,1587.4
2024-01-22 22:30:00,1486.8000000000002
2024-01-22 22:45:00,1491.0000000000002
2024-01-22 23:00:00,1370.4
2024-01-22 23:15:00,1796.4
2024-01-22 23:30:00,1786.6
2024-01-22 23:45:00,1588.6
2024-01-23 00:00:00,1517.8
2024-01-23 00:15:00,1426.6
2024-01-23 00:30:00,1213.4
2024-01-23 00:45:00,1150.4
2024-01-23 01:00:00,1127.6
2024-01-23 01:15:00,1159.8
2024-01-23 01:30:00,1220.2
2024-01-23 01:45:00,1221.4
2024-01-23 02:00:00,1145.6
2024-01-23 02:15:00,1097.4
2024-01-23 02:30:00,1087.0
2024-01-23 02:45:00,1215.0
2024-01-23 03:00:00,1070.6
2024-01-23 03:15:00,1173.2
2024-01-23 03:30:00,1238.4
2024-01-23 03:45:00,1131.2
2024-01-23 04:00:00,1179.6000000000001
2024-01-23 04:15:00,1226.8
2024-01-23 04:30:00,1296.6
2024-01-23 04:45:00,1267.0
2024-01-23 05:00:00,1272.6000000000001
2024-01-23 05:15:00,1206.2
2024-01-23 05:30:00,1272.1999999999998
2024-01-23 05:45:00,1255.6
2024-01-23 06:00:00,1192.8
2024-01-23 06:15:00,1245.6000000000001
2024-01-23 06:30:00,1239.4
2024-01-23 06:45:00,1349.0
2024-01-23 07:00:00,1304.4
2024-01-23 07:15:00,1316.0
2024-01-23 07:30:00,1507.8000000000002
2024-01-23 07:45:00,1599.8
2024-01-23 08:00:00,1639.7983
2024-01-23 08:15:00,1799.5982999999997
2024-01-23 08:30:00,2236.1983
2024-01-23 08:45:00,2911.1983
2024-01-23 09:00:00,3107.0590999999995
2024-01-23 09:15:00,3425.2591
2024-01-23 09:30:00,3554.0591
2024-01-23 09:45:00,3683.6591000000003
2024-01-23 10:00:00,3708.6802999999995
2024-01-23 10:15:00,3793.8803000000003
2024-01-23 10:30:00,3879.0803
2024-01-23 10:45:00,3697.2803000000004
2024-01-23 11:00:00,3731.1881000000003
2024-01-23 11:15:00,3656.5881
2024-01-23 11:30:00,3510.5881
2024-01-23 11:45:00,3520.7880999999998
2024-01-23 12:00:00,3043.3747999999996
2024-01-23 12:15:00,2921.9748
2024-01-23 12:30:00,2929.3747999999996
2024-01-23 12:45:00,2816.9748
2024-01-23 13:00:00,2785.4061
2024-01-23 13:15:00,2770.2061
2024-01-23 13:30:00,2715.8061
2024-01-23 13:45:00,2712.0060999999996
2024-01-23 14:00:00,2657.4213
2024-01-23 14:15:00,2755.0213
2024-01-23 14:30:00,2825.6213
2024-01-23 14:45:00,2718.4213
2024-01-23 15:00:00,2795.7651
2024-01-23 15:15:00,3098.1651
2024-01-23 15:30:00,3267.3651
2024-01-23 15:45:00,3203.5651000000003
2024-01-23 16:00:00,3257.4710999999998
2024-01-23 16:15:00,3091.8711000000003
2024-01-23 16:30:00,3113.2711
2024-01-23 16:45:00,3123.4710999999998
2024-01-23 17:00:00,3471.3353
2024-01-23 17:15:00,3338.1353
2024-01-23 17:30:00,3240.9353000000006
2024-01-23 17:45:00,3054.1353
2024-01-23 18:00:00,3025.4
2024-01-23 18:15:00,2637.8
2024-01-23 18:30:00,2546.8
2024-01-23 18:45:00,2326.6
2024-01-23 19:00:00,2240.8
2024-01-23 19:15:00,2117.0
2024-01-23 19:30:00,2122.7999999999997
2024-01-23 19:45:00,2130.0
2024-01-23 20:00:00,1958.4
2024-01-23 20:15:00,1925.8000000000002
2024-01-23 20:30:00,1896.6000000000001
2024-01-23 20:45:00,1820.4
2024-01-23 21:00:00,1774.0
2024-01-23 21:15:00,1695.3999999999999
2024-01-23 21:30:00,1682.8000000000002
2024-01-23 21:45:00,1650.6000000000001
2024-01-23 22:00:00,1551.6000000000001
2024-01-23 22:15:00,1496.0
2024-01-23 22:30:00,1521.2
2024-01-23 22:45:00,1461.1999999999998
2024-01-23 23:00:00,1313.4
2024-01-23 23:15:00,1663.9999999999998
2024-01-23 23:30:00,1863.0000000000002
2024-01-23 23:45:00,1863.0
2024-01-24 00:00:00,1595.4
2024-01-24 00:15:00,1438.2000000000003
2024-01-24 00:30:00,1218.6
2024-01-24 00:45:00,1073.0
2024-01-24 01:00:00,982.1999999999999
2024-01-24 01:15:00,1074.0
2024-01-24 01:30:00,1160.6
2024-01-24 01:45:00,1061.0
2024-01-24 02:00:00,964.1999999999999
2024-01-24 02:15:00,997.4
2024-01-24 02:30:00,1050.4
2024-01-24 02:45:00,1038.4
2024-01-24 03:00:00,1028.8
2024-01-24 03:15:00,1003.3999999999999
2024-01-24 03:30:00,1062.2
2024-01-24 03:45:00,1029.1999999999998
2024-01-24 04:00:00,1057.2
2024-01-24 04:15:00,1092.2
2024-01-24 04:30:00,1192.4
2024-01-24 04:45:00,1396.4
2024-01-24 05:00:00,1290.0
2024-01-24 05:15:00,1162.0
2024-01-24 05:30:00,1219.8000000000002
2024-01-24 05:45:00,1164.8
2024-01-24 06:00:00,1345.4
2024-01-24 06:15:00,1419.8000000000002
2024-01-24 06:30:00,1539.3999999999999
2024-01-24 06:45:00,1578.8000000000002
2024-01-24 07:00:00,1550.2000000000003
2024-01-24 07:15:00,1280.1999999999998
2024-01-24 07:30:00,1430.4
2024-01-24 07:45:00,1437.8
2024-01-24 08:00:00,1501.0402
2024-01-24 08:15:00,1726.6401999999998
2024-01-24 08:30:00,2144.4402
2024-01-24 08:45:00,2585.2402
2024-01-24 09:00:00,2955.5391
2024-01-24 09:15:00,3180.9391
2024-01-24 09:30:00,3311.3391
2024-01-24 09:45:00,3519.5391
2024-01-24 10:00:00,3518.4306000000006
2024-01-24 10:15:00,3517.8306
2024-01-24 10:30:00,3637.6305999999995
2024-01-24 10:45:00,3595.8306000000002
2024-01-24 11:00:00,3255.1894
2024-01-24 11:15:00,3016.9894000000004
2024-01-24 11:30:00,3135.3894
2024-01-24 11:45:00,3035.7893999999997
2024-01-24 12:00:00,3062.9512
2024-01-24 12:15:00,3068.1512000000002
2024-01-24 12:30:00,3040.5512
2024-01-24 12:45:00,2996.1512000000002
2024-01-24 13:00:00,2719.2556000000004
2024-01-24 13:15:00,2580.6556
2024-01-24 13:30:00,2611.6556
2024-01-24 13:45:00,2660.8556
2024-01-24 14:00:00,2745.0777
2024-01-24 14:15:00,2866.6777
2024-01-24 14:30:00,2812.2777
2024-01-24 14:45:00,2949.2777
2024-01-24 15:00:00,3141.8404
2024-01-24 15:15:00,3205.2404
2024-01-24 15:30:00,3137.0404
2024-01-24 15:45:00,3184.8404000000005
2024-01-24 16:00:00,3229.76
2024-01-24 16:15:00,3232.76
2024-01-24 16:30:00,3302.96
2024-01-24 16:45:00,3392.96
2024-01-24 17:00:00,3632.8454
2024-01-24 17:15:00,3465.2454
2024-01-24 17:30:00,3145.0454
2024-01-24 17:45:00,2978.6454
2024-01-24 18:00:00,2823.8
2024-01-24 18:15:00,2585.6
2024-01-24 18:30:00,2405.8
2024-01-24 18:45:00,2395.4
2024-01-24 19:00:00,2176.2
2024-01-24 19:15:00,2103.0
2024-01-24 19:30:00,2046.6000000000001
2024-01-24 19:45:00,1953.8
2024-01-24 20:00:00,1969.6
2024-01-24 20:15:00,1895.1999999999998
2024-01-24 20:30:00,1780.0
2024-01-24 20:45:00,1740.2
2024-01-24 21:00:00,1664.1999999999998
2024-01-24 21:15:00,1582.0
2024-01-24 21:30:00,1514.0
2024-01-24 21:45:00,1413.6000000000001
2024-01-24 22:00:00,1355.6
2024-01-24 22:15:00,1297.4
2024-01-24 22:30:00,1266.8
2024-01-24 22:45:00,1205.1999999999998
2024-01-24 23:00:00,1341.2
2024-01-24 23:15:00,1761.4
2024-01-24 23:30:00,1838.8000000000002
2024-01-24 23:45:00,1600.8
2024-01-25 00:00:00,1521.2
2024-01-25 00:15:00,1265.8
2024-01-25 00:30:00,1285.6
2024-01-25 00:45:00,1112.8000000000002
2024-01-25 01:00:00,1127.2
2024-01-25 01:15:00,1074.6
2024-01-25 01:30:00,1101.2
2024-01-25 01:45:00,1134.8
2024-01-25 02:00:00,1047.6
2024-01-25 02:15:00,972.4
2024-01-25 02:30:00,1069.2
2024-01-25 02:45:00,1144.0
2024-01-25 03:00:00,1012.8
2024-01-25 03:15:00,999.8000000000001
2024-01-25 03:30:00,1021.5999999999999
2024-01-25 03:45:00,986.6
2024-01-25 04:00:00,958.8
2024-01-25 04:15:00,990.0
2024-01-25 04:30:00,1054.4
2024-01-25 04:45:00,1044.4
2024-01-25 05:00:00,1055.6
2024-01-25 05:15:00,1012.0
2024-01-25 05:30:00,1096.0
2024-01-25 05:45:00,1159.6000000000001
2024-01-25 06:00:00,1218.8
2024-01-25 06:15:00,1202.0
2024-01-25 06:30:00,1211.8
2024-01-25 06:45:00,1175.2
2024-01-25 07:00:00,1208.5592
2024-01-25 07:15:00,1237.5592000000001
2024-01-25 07:30:00,1315.7592
2024-01-25 07:45:00,1323.5592
2024-01-25 08:00:00,1196.9848
2024-01-25 08:15:00,1574.7848
2024-01-25 08:30:00,2059.5848
2024-01-25 08:45:00,2489.5847999999996
2024-01-25 09:00:00,2438.0696
2024-01-25 09:15:00,2643.4696000000004
2024-01-25 09:30:00,2856.4696
2024-01-25 09:45:00,2934.6696
2024-01-25 10:00:00,2747.0632
2024-01-25 10:15:00,2785.8632000000002
2024-01-25 10:30:00,2852.8632000000002
2024-01-25 10:45:00,2768.2632000000003
2024-01-25 11:00:00,3046.5527
2024-01-25 11:15:00,2973.5527
2024-01-25 11:30:00,2913.3527000000004
2024-01-25 11:45:00,2851.7527
2024-01-25 12:00:00,2492.1142999999997
2024-01-25 12:15:00,2529.5143
2024-01-25 12:30:00,2371.1142999999997
2024-01-25 12:45:00,2226.9143
2024-01-25 13:00:00,2451.1338
2024-01-25 13:15:00,2472.9338
2024-01-25 13:30:00,2390.3338000000003
2024-01-25 13:45:00,2471.3338
2024-01-25 14:00:00,2085.4544
2024-01-25 14:15:00,2136.8543999999997
2024-01-25 14:30:00,2109.0544
2024-01-25 14:45:00,2051.2544
2024-01-25 15:00:00,2245.9047
2024-01-25 15:15:00,2183.7047000000002
2024-01-25 15:30:00,2366.7047
2024-01-25 15:45:00,2368.9047
2024-01-25 16:00:00,2483.2957
2024-01-25 16:15:00,2436.4957000000004
2024-01-25 16:30:00,2354.6957
2024-01-25 16:45:00,2478.4957
2024-01-25 17:00:00,2838.0
2024-01-25 17:15:00,2716.4
2024-01-25 17:30:00,2557.8
2024-01-25 17:45:00,2472.6
2024-01-25 18:00:00,2330.4
2024-01-25 18:15:00,2294.6
2024-01-25 18:30:00,2173.0
2024-01-25 18:45:00,1968.2
2024-01-25 19:00:00,1869.4
2024-01-25 19:15:00,1710.6
2024-01-25 19:30:00,1613.4
2024-01-25 19:45:00,1626.8000000000002
2024-01-25 20:00:00,1599.4
2024-01-25 20:15:00,1540.2000000000003
2024-01-25 20:30:00,1640.6
2024-01-25 20:45:00,1536.2
2024-01-25 21:00:00,1482.0000000000002
2024-01-25 21:15:00,1416.6
2024-01-25 21:30:00,1338.6
2024-01-25 21:45:00,1307.0
2024-01-25 22:00:00,1255.6
2024-01-25 22:15:00,1220.8
2024-01-25 22:30:00,1182.8
2024-01-25 22:45:00,1104.1999999999998
2024-01-25 23:00:00,1108.2
2024-01-25 23:15:00,1325.0
2024-01-25 23:30:00,1398.7999999999997
2024-01-25 23:45:00,1354.0
2024-01-26 00:00:00,1265.8
2024-01-26 00:15:00,1299.0
2024-01-26 00:30:00,1316.7999999999997
2024-01-26 00:45:00,1121.8
2024-01-26 01:00:00,1081.0
2024-01-26 01:15:00,1018.2
2024-01-26 01:30:00,1078.4
2024-01-26 01:45:00,1001.4
2024-01-26 02:00:00,975.5999999999999
2024-01-26 02:15:00,983.3999999999999
2024-01-26 02:30:00,1002.5999999999999
2024-01-26 02:45:00,974.6
2024-01-26 03:00:00,943.2
2024-01-26 03:15:00,939.6
2024-01-26 03:30:00,1007.1999999999999
2024-01-26 03:45:00,997.8
2024-01-26 04:00:00,972.5999999999999
2024-01-26 04:15:00,965.4
2024-01-26 04:30:00,939.8
2024-01-26 04:45:00,951.5999999999999
2024-01-26 05:00:00,910.0
2024-01-26 05:15:00,961.4000000000001
2024-01-26 05:30:00,1007.4
2024-01-26 05:45:00,1051.0
2024-01-26 06:00:00,1218.0
2024-01-26 06:15:00,1236.8
2024-01-26 06:30:00,1386.0
2024-01-26 06:45:00,1166.6
2024-01-26 07:00:00,1169.0
2024-01-26 07:15:00,1056.4
2024-01-26 07:30:00,1162.2
2024-01-26 07:45:00,1231.8
2024-01-26 08:00:00,1307.8514
2024-01-26 08:15:00,1545.4514
2024-01-26 08:30:00,1899.0513999999998
2024-01-26 08:45:00,2272.2514
2024-01-26 09:00:00,2524.0448
2024-01-26 09:15:00,2761.6448
2024-01-26 09:30:00,2940.4448
2024-01-26 09:45:00,3018.2448
2024-01-26 10:00:00,2981.7506999999996
2024-01-26 10:15:00,3158.5507
2024-01-26 10:30:00,3379.7506999999996
2024-01-26 10:45:00,3219.1507
2024-01-26 11:00:00,2972.4465
2024-01-26 11:15:00,2983.4465
2024-01-26 11:30:00,2982.4465
2024-01-26 11:45:00,2884.6465
2024-01-26 12:00:00,2941.8963999999996
2024-01-26 12:15:00,2844.8963999999996
2024-01-26 12:30:00,2737.4964
2024-01-26 12:45:00,2706.4964
2024-01-26 13:00:00,1968.9277
2024-01-26 13:15:00,1873.1277
2024-01-26 13:30:00,1901.1277
2024-01-26 13:45:00,1765.1277
2024-01-26 14:00:00,1966.4425
2024-01-26 14:15:00,2099.4425
2024-01-26 14:30:00,1971.8425
2024-01-26 14:45:00,2004.2424999999998
2024-01-26 15:00:00,2090.7321
2024-01-26 15:15:00,2023.3321
2024-01-26 15:30:00,1930.9321
2024-01-26 15:45:00,2022.9321
2024-01-26 16:00:00,2210.7366
2024-01-26 16:15:00,2279.5366
2024-01-26 16:30:00,2304.5366
2024-01-26 16:45:00,2318.9366
2024-01-26 17:00:00,2581.9076
2024-01-26 17:15:00,2432.3076
2024-01-26 17:30:00,2321.7076
2024-01-26 17:45:00,2214.1076000000003
2024-01-26 18:00:00,2140.4
2024-01-26 18:15:00,1883.2
2024-01-26 18:30:00,1755.4
2024-01-26 18:45:00,1613.8
2024-01-26 19:00:00,1537.4
2024-01-26 19:15:00,1412.2
2024-01-26 19:30:00,1420.0
2024-01-26 19:45:00,1340.6
2024-01-26 20:00:00,1317.8
2024-01-26 20:15:00,1246.2
2024-01-26 20:30:00,1227.6000000000001
2024-01-26 20:45:00,1123.2
2024-01-26 21:00:00,1080.8
2024-01-26 21:15:00,1062.8
2024-01-26 21:30:00,1000.8000000000001
2024-01-26 21:45:00,979.0
2024-01-26 22:00:00,981.0
2024-01-26 22:15:00,970.8
2024-01-26 22:30:00,975.1999999999999
2024-01-26 22:45:00,851.2
2024-01-26 23:00:00,939.1999999999999
2024-01-26 23:15:00,1292.6000000000001
2024-01-26 23:30:00,1280.2
2024-01-26 23:45:00,1178.2
2024-01-27 00:00:00,1026.6
2024-01-27 00:15:00,994.4000000000001
2024-01-27 00:30:00,919.4
2024-01-27 00:45:00,1026.8
2024-01-27 01:00:00,1036.8
2024-01-27 01:15:00,894.0
2024-01-27 01:30:00,859.6
2024-01-27 01:45:00,787.4
2024-01-27 02:00:00,732.0
2024-01-27 02:15:00,717.1999999999999
2024-01-27 02:30:00,713.2
2024-01-27 02:45:00,688.1999999999999
2024-01-27 03:00:00,754.1999999999999
2024-01-27 03:15:00,808.8
2024-01-27 03:30:00,813.8
2024-01-27 03:45:00,797.0
2024-01-27 04:00:00,825.8000000000001
2024-01-27 04:15:00,837.6
2024-01-27 04:30:00,947.6
2024-01-27 04:45:00,941.8
2024-01-27 05:00:00,936.5999999999999
2024-01-27 05:15:00,893.4
2024-01-27 05:30:00,864.2
2024-01-27 05:45:00,872.1999999999999
2024-01-27 06:00:00,890.6000000000001
2024-01-27 06:15:00,902.0
2024-01-27 06:30:00,862.0
2024-01-27 06:45:00,815.5999999999999
2024-01-27 07:00:00,917.4
2024-01-27 07:15:00,808.1999999999999
2024-01-27 07:30:00,849.4
2024-01-27 07:45:00,742.8
2024-01-27 08:00:00,745.5677000000001
2024-01-27 08:15:00,769.7677000000001
2024-01-27 08:30:00,872.5677000000001
2024-01-27 08:45:00,1069.9677000000001
2024-01-27 09:00:00,1104.6797000000001
2024-01-27 09:15:00,1189.4796999999999
2024-01-27 09:30:00,1203.8797
2024-01-27 09:45:00,1256.2797
2024-01-27 10:00:00,1247.2577
2024-01-27 10:15:00,1323.2576999999999
2024-01-27 10:30:00,1255.8577
2024-01-27 10:45:00,1288.8577
2024-01-27 11:00:00,1238.558
2024-01-27 11:15:00,1381.1580000000001
2024-01-27 11:30:00,1264.358
2024-01-27 11:45:00,1233.9579999999999
2024-01-27 12:00:00,1239.7154
2024-01-27 12:15:00,1166.5154
2024-01-27 12:30:00,1148.7154
2024-01-27 12:45:00,1190.7154
2024-01-27 13:00:00,1179.9352000000001
2024-01-27 13:15:00,1134.7352
2024-01-27 13:30:00,1178.1352000000002
2024-01-27 13:45:00,1154.5352000000003
2024-01-27 14:00:00,1141.6505
2024-01-27 14:15:00,1153.4505
2024-01-27 14:30:00,1195.0505
2024-01-27 14:45:00,1309.6505
2024-01-27 15:00:00,1366.1915
2024-01-27 15:15:00,1410.3915
2024-01-27 15:30:00,1563.3915000000002
2024-01-27 15:45:00,1415.1915000000001
2024-01-27 16:00:00,1474.6886
2024-01-27 16:15:00,1486.0886
2024-01-27 16:30:00,1420.4886000000001
2024-01-27 16:45:00,1471.6886
2024-01-27 17:00:00,1433.6
2024-01-27 17:15:00,1456.0
2024-01-27 17:30:00,1523.6
2024-01-27 17:45:00,1304.2
2024-01-27 18:00:00,1151.8
2024-01-27 18:15:00,1111.0
2024-01-27 18:30:00,1098.8
2024-01-27 18:45:00,1094.6
2024-01-27 19:00:00,1062.8
2024-01-27 19:15:00,1050.8
2024-01-27 19:30:00,1052.8
2024-01-27 19:45:00,1030.2
2024-01-27 20:00:00,1037.0
2024-01-27 20:15:00,1011.0
2024-01-27 20:30:00,1058.0
2024-01-27 20:45:00,976.8000000000001
2024-01-27 21:00:00,988.5999999999999
2024-01-27 21:15:00,920.0
2024-01-27 21:30:00,904.1999999999999
2024-01-27 21:45:00,911.5999999999999
2024-01-27 22:00:00,908.8
2024-01-27 22:15:00,907.4000000000001
2024-01-27 22:30:00,893.4000000000001
2024-01-27 22:45:00,816.8
2024-01-27 23:00:00,833.6
2024-01-27 23:15:00,1204.4
2024-01-27 23:30:00,1277.6000000000001
2024-01-27 23:45:00,1210.6
2024-01-28 00:00:00,1102.8
2024-01-28 00:15:00,985.4
2024-01-28 00:30:00,842.0
2024-01-28 00:45:00,707.6000000000001
2024-01-28 01:00:00,721.5999999999999
2024-01-28 01:15:00,876.4
2024-01-28 01:30:00,818.4000000000001
2024-01-28 01:45:00,731.8
2024-01-28 02:00:00,728.5999999999999
2024-01-28 02:15:00,697.4000000000001
2024-01-28 02:30:00,706.8
2024-01-28 02:45:00,631.8
2024-01-28 03:00:00,756.4
2024-01-28 03:15:00,687.2
2024-01-28 03:30:00,666.1999999999999
2024-01-28 03:45:00,695.2
2024-01-28 04:00:00,747.8
2024-01-28 04:15:00,731.2
2024-01-28 04:30:00,747.4000000000001
2024-01-28 04:45:00,772.0
2024-01-28 05:00:00,690.0
2024-01-28 05:15:00,634.1999999999999
2024-01-28 05:30:00,693.2
2024-01-28 05:45:00,734.8000000000001
2024-01-28 06:00:00,761.4
2024-01-28 06:15:00,793.0
2024-01-28 06:30:00,810.8
2024-01-28 06:45:00,846.2
2024-01-28 07:00:00,867.2
2024-01-28 07:15:00,676.0
2024-01-28 07:30:00,640.4
2024-01-28 07:45:00,634.5999999999999
2024-01-28 08:00:00,625.1014
2024-01-28 08:15:00,689.9014
2024-01-28 08:30:00,764.1014
2024-01-28 08:45:00,851.7014
2024-01-28 09:00:00,882.9854
2024-01-28 09:15:00,916.9854
2024-01-28 09:30:00,1007.5853999999999
2024-01-28 09:45:00,1044.5854
2024-01-28 10:00:00,1048.8996000000002
2024-01-28 10:15:00,1090.2995999999998
2024-01-28 10:30:00,1102.6996
2024-01-28 10:45:00,1142.6996
2024-01-28 11:00:00,1082.3499
2024-01-28 11:15:00,991.7499
2024-01-28 11:30:00,995.7499
2024-01-28 11:45:00,972.7498999999999
2024-01-28 12:00:00,989.7694
2024-01-28 12:15:00,986.5694
2024-01-28 12:30:00,1002.9694
2024-01-28 12:45:00,1042.7694
2024-01-28 13:00:00,980.4198
2024-01-28 13:15:00,970.0198
2024-01-28 13:30:00,923.0198
2024-01-28 13:45:00,966.2198
2024-01-28 14:00:00,977.5533
2024-01-28 14:15:00,1107.9533
2024-01-28 14:30:00,1128.5532999999998
2024-01-28 14:45:00,1179.9533000000001
2024-01-28 15:00:00,1256.9696
2024-01-28 15:15:00,1205.5695999999998
2024-01-28 15:30:00,1169.9696000000001
2024-01-28 15:45:00,1278.1696
2024-01-28 16:00:00,1215.4009
2024-01-28 16:15:00,1161.2009000000003
2024-01-28 16:30:00,1208.4009
2024-01-28 16:45:00,1256.2009
2024-01-28 17:00:00,1306.8
2024-01-28 17:15:00,1179.0
2024-01-28 17:30:00,1215.0
2024-01-28 17:45:00,1116.8000000000002
2024-01-28 18:00:00,1113.4
2024-01-28 18:15:00,1088.8000000000002
2024-01-28 18:30:00,1051.8
2024-01-28 18:45:00,1072.2
2024-01-28 19:00:00,1050.0
2024-01-28 19:15:00,1070.6000000000001
2024-01-28 19:30:00,1033.2
2024-01-28 19:45:00,975.8
2024-01-28 20:00:00,940.0
2024-01-28 20:15:00,926.4000000000001
2024-01-28 20:30:00,889.4
2024-01-28 20:45:00,900.4000000000001
2024-01-28 21:00:00,861.4000000000001
2024-01-28 21:15:00,894.5999999999999
2024-01-28 21:30:00,837.2
2024-01-28 21:45:00,825.4
2024-01-28 22:00:00,778.4
2024-01-28 22:15:00,807.6
2024-01-28 22:30:00,796.1999999999999
2024-01-28 22:45:00,784.0000000000001
2024-01-28 23:00:00,834.0
2024-01-28 23:15:00,1103.8
2024-01-28 23:30:00,1073.8
2024-01-28 23:45:00,1024.6000000000001
2024-01-29 00:00:00,1038.4
2024-01-29 00:15:00,775.0
2024-01-29 00:30:00,695.5999999999999
2024-01-29 00:45:00,736.5999999999999
2024-01-29 01:00:00,820.8
2024-01-29 01:15:00,741.9999999999999
2024-01-29 01:30:00,719.1999999999999
2024-01-29 01:45:00,771.8
2024-01-29 02:00:00,796.6
2024-01-29 02:15:00,778.6
2024-01-29 02:30:00,647.4
2024-01-29 02:45:00,687.4000000000001
2024-01-29 03:00:00,688.4
2024-01-29 03:15:00,657.4000000000001
2024-01-29 03:30:00,606.2
2024-01-29 03:45:00,616.8
2024-01-29 04:00:00,682.0
2024-01-29 04:15:00,724.8000000000001
2024-01-29 04:30:00,750.6
2024-01-29 04:45:00,742.4000000000001
2024-01-29 05:00:00,670.2
2024-01-29 05:15:00,672.0000000000001
2024-01-29 05:30:00,707.6
2024-01-29 05:45:00,868.8
2024-01-29 06:00:00,830.2
2024-01-29 06:15:00,949.8
2024-01-29 06:30:00,1113.8000000000002
2024-01-29 06:45:00,961.8
2024-01-29 07:00:00,841.2
2024-01-29 07:15:00,1044.8
2024-01-29 07:30:00,1058.0
2024-01-29 07:45:00,1032.4
2024-01-29 08:00:00,985.4638
2024-01-29 08:15:00,1337.6637999999998
2024-01-29 08:30:00,1652.4638
2024-01-29 08:45:00,2157.4638
2024-01-29 09:00:00,2271.8339
2024-01-29 09:15:00,2567.2339
2024-01-29 09:30:00,2610.8339
2024-01-29 09:45:00,2772.8338999999996
2024-01-29 10:00:00,2800.6374
2024-01-29 10:15:00,2940.8374
2024-01-29 10:30:00,2852.0374
2024-01-29 10:45:00,2815.0374
2024-01-29 11:00:00,2780.8296
2024-01-29 11:15:00,2809.6296
2024-01-29 11:30:00,2659.6296
2024-01-29 11:45:00,2735.0296
2024-01-29 12:00:00,2559.2828000000004
2024-01-29 12:15:00,2549.0828
2024-01-29 12:30:00,2498.4828
2024-01-29 12:45:00,2382.8828
2024-01-29 13:00:00,2340.7864
2024-01-29 13:15:00,2378.5864
2024-01-29 13:30:00,2357.1864
2024-01-29 13:45:00,2381.7864
2024-01-29 14:00:00,2483.1476000000002
2024-01-29 14:15:00,2518.7476
2024-01-29 14:30:00,2598.9476
2024-01-29 14:45:00,2597.5476
2024-01-29 15:00:00,2609.5119
2024-01-29 15:15:00,2606.1119000000003
2024-01-29 15:30:00,2453.7119000000002
2024-01-29 15:45:00,2579.5119
2024-01-29 16:00:00,2625.9222
2024-01-29 16:15:00,2719.9222
2024-01-29 16:30:00,2744.3221999999996
2024-01-29 16:45:00,2609.9222
2024-01-29 17:00:00,2614.9809999999998
2024-01-29 17:15:00,2552.9809999999998
2024-01-29 17:30:00,2425.581
2024-01-29 17:45:00,2343.581
2024-01-29 18:00:00,2164.2
2024-01-29 18:15:00,2081.0
2024-01-29 18:30:00,1927.4
2024-01-29 18:45:00,1815.6000000000001
2024-01-29 19:00:00,1675.8
2024-01-29 19:15:00,1558.2
2024-01-29 19:30:00,1515.0
2024-01-29 19:45:00,1459.4
2024-01-29 20:00:00,1427.4
2024-01-29 20:15:00,1398.6
2024-01-29 20:30:00,1405.2
2024-01-29 20:45:00,1275.4
2024-01-29 21:00:00,1279.0
2024-01-29 21:15:00,1263.0
2024-01-29 21:30:00,1185.8
2024-01-29 21:45:00,1135.8000000000002
2024-01-29 22:00:00,1038.4
2024-01-29 22:15:00,978.6
2024-01-29 22:30:00,972.8000000000001
2024-01-29 22:45:00,922.0
2024-01-29 23:00:00,1007.8
2024-01-29 23:15:00,1273.4
2024-01-29 23:30:00,1238.8
2024-01-29 23:45:00,1163.6000000000001
2024-01-30 00:00:00,1052.6
2024-01-30 00:15:00,1031.0
2024-01-30 00:30:00,850.0
2024-01-30 00:45:00,882.8
2024-01-30 01:00:00,982.2
2024-01-30 01:15:00,1066.8000000000002
2024-01-30 01:30:00,965.8
2024-01-30 01:45:00,926.4
2024-01-30 02:00:00,960.1999999999999
2024-01-30 02:15:00,849.8
2024-01-30 02:30:00,833.0
2024-01-30 02:45:00,742.4
2024-01-30 03:00:00,698.4000000000001
2024-01-30 03:15:00,721.2
2024-01-30 03:30:00,778.4
2024-01-30 03:45:00,757.8000000000001
2024-01-30 04:00:00,700.5999999999999
2024-01-30 04:15:00,705.0
2024-01-30 04:30:00,688.2
2024-01-30 04:45:00,759.8000000000001
2024-01-30 05:00:00,776.2
2024-01-30 05:15:00,760.4000000000001
2024-01-30 05:30:00,690.0
2024-01-30 05:45:00,790.8000000000001
2024-01-30 06:00:00,832.2
2024-01-30 06:15:00,935.8
2024-01-30 06:30:00,976.0
2024-01-30 06:45:00,951.6
2024-01-30 07:00:00,960.8
2024-01-30 07:15:00,951.1999999999999
2024-01-30 07:30:00,997.2
2024-01-30 07:45:00,1085.4
2024-01-30 08:00:00,1078.3323
2024-01-30 08:15:00,1314.7323000000001
2024-01-30 08:30:00,1573.9323
2024-01-30 08:45:00,1909.1323
2024-01-30 09:00:00,2289.714
2024-01-30 09:15:00,2273.3140000000003
2024-01-30 09:30:00,2438.114
2024-01-30 09:45:00,2477.514
2024-01-30 10:00:00,2438.3792000000003
2024-01-30 10:15:00,2493.7792
2024-01-30 10:30:00,2586.1792
2024-01-30 10:45:00,2467.1792
2024-01-30 11:00:00,2355.7694
2024-01-30 11:15:00,2201.5694000000003
2024-01-30 11:30:00,2276.1693999999998
2024-01-30 11:45:00,2135.7694
2024-01-30 12:00:00,2083.8482999999997
2024-01-30 12:15:00,2130.8483
2024-01-30 12:30:00,2077.8482999999997
2024-01-30 12:45:00,1967.4483
2024-01-30 13:00:00,2007.2098999999998
2024-01-30 13:15:00,1835.2098999999998
2024-01-30 13:30:00,1887.0099
2024-01-30 13:45:00,1871.6099
2024-01-30 14:00:00,1948.9227999999998
2024-01-30 14:15:00,2015.3228
2024-01-30 14:30:00,2057.3228
2024-01-30 14:45:00,2042.9227999999998
2024-01-30 15:00:00,2236.4136
2024-01-30 15:15:00,2097.0136
2024-01-30 15:30:00,2159.8136
2024-01-30 15:45:00,2267.8136
2024-01-30 16:00:00,2458.5648
2024-01-30 16:15:00,2330.5648
2024-01-30 16:30:00,2271.5648
2024-01-30 16:45:00,2360.3648
2024-01-30 17:00:00,2206.4134
2024-01-30 17:15:00,2220.6134
2024-01-30 17:30:00,2154.0134000000003
2024-01-30 17:45:00,1993.6134000000002
2024-01-30 18:00:00,1773.0000000000002
2024-01-30 18:15:00,1717.4
2024-01-30 18:30:00,1578.4
2024-01-30 18:45:00,1445.8000000000002
2024-01-30 19:00:00,1429.4
2024-01-30 19:15:00,1353.0
2024-01-30 19:30:00,1378.2
2024-01-30 19:45:00,1327.0
2024-01-30 20:00:00,1340.6
2024-01-30 20:15:00,1298.6
2024-01-30 20:30:00,1222.8000000000002
2024-01-30 20:45:00,1207.2
2024-01-30 21:00:00,1159.8000000000002
2024-01-30 21:15:00,1116.8
2024-01-30 21:30:00,1144.2
2024-01-30 21:45:00,1079.8000000000002
2024-01-30 22:00:00,1037.8
2024-01-30 22:15:00,1001.0
2024-01-30 22:30:00,992.0
2024-01-30 22:45:00,961.2
2024-01-30 23:00:00,943.2
2024-01-30 23:15:00,1214.8
2024-01-30 23:30:00,1228.0000000000002
2024-01-30 23:45:00,986.0
2024-01-31 00:00:00,872.0000000000001
2024-01-31 00:15:00,887.2
2024-01-31 00:30:00,893.6
2024-01-31 00:45:00,874.4
2024-01-31 01:00:00,782.8000000000001
2024-01-31 01:15:00,825.8
2024-01-31 01:30:00,817.8
2024-01-31 01:45:00,754.0
2024-01-31 02:00:00,656.2
2024-01-31 02:15:00,695.8
2024-01-31 02:30:00,680.4
2024-01-31 02:45:00,712.1999999999999
2024-01-31 03:00:00,765.5999999999999
2024-01-31 03:15:00,693.8
2024-01-31 03:30:00,664.8
2024-01-31 03:45:00,689.8
2024-01-31 04:00:00,687.2
2024-01-31 04:15:00,676.2
2024-01-31 04:30:00,682.0
2024-01-31 04:45:00,785.2
2024-01-31 05:00:00,812.6
2024-01-31 05:15:00,821.1999999999999
2024-01-31 05:30:00,770.0
2024-01-31 05:45:00,684.8
2024-01-31 06:00:00,836.0
2024-01-31 06:15:00,949.8
2024-01-31 06:30:00,1096.8
2024-01-31 06:45:00,1048.0
2024-01-31 07:00:00,995.0
2024-01-31 07:15:00,922.4
2024-01-31 07:30:00,939.4
2024-01-31 07:45:00,974.2
2024-01-31 08:00:00,1043.0507
2024-01-31 08:15:00,1209.8507
2024-01-31 08:30:00,1457.6507000000001
2024-01-31 08:45:00,1840.2507
2024-01-31 09:00:00,2092.8969
2024-01-31 09:15:00,2230.0969
2024-01-31 09:30:00,2182.2969
2024-01-31 09:45:00,2278.4969
2024-01-31 10:00:00,2284.4674
2024-01-31 10:15:00,2351.2674
2024-01-31 10:30:00,2500.4674
2024-01-31 10:45:00,2396.0674
2024-01-31 11:00:00,2282.3694
2024-01-31 11:15:00,2257.3694
2024-01-31 11:30:00,2235.9694
2024-01-31 11:45:00,2279.3694
2024-01-31 12:00:00,2247.7259
2024-01-31 12:15:00,2248.9259
2024-01-31 12:30:00,2183.9258999999997
2024-01-31 12:45:00,1934.7259
2024-01-31 13:00:00,1925.1866
2024-01-31 13:15:00,1873.9866000000002
2024-01-31 13:30:00,1930.7866000000001
2024-01-31 13:45:00,1972.5865999999999
2024-01-31 14:00:00,2013.9977
2024-01-31 14:15:00,2099.5977
2024-01-31 14:30:00,2104.9977
2024-01-31 14:45:00,2054.7977
2024-01-31 15:00:00,2182.8632000000002
2024-01-31 15:15:00,2189.4632
2024-01-31 15:30:00,2253.0632
2024-01-31 15:45:00,2330.0632000000005
2024-01-31 16:00:00,2421.8568999999998
2024-01-31 16:15:00,2148.0568999999996
2024-01-31 16:30:00,2364.8568999999998
2024-01-31 16:45:00,2275.6569
2024-01-31 17:00:00,2225.4018
2024-01-31 17:15:00,2256.4018
2024-01-31 17:30:00,2177.8018
2024-01-31 17:45:00,1869.0018
2024-01-31 18:00:00,1777.1999999999998
2024-01-31 18:15:00,1702.2000000000003
2024-01-31 18:30:00,1511.0
2024-01-31 18:45:00,1381.0
2024-01-31 19:00:00,1321.6
2024-01-31 19:15:00,1248.2
2024-01-31 19:30:00,1225.8
2024-01-31 19:45:00,1232.8
2024-01-31 20:00:00,1124.6
2024-01-31 20:15:00,1124.0
2024-01-31 20:30:00,1120.6
2024-01-31 20:45:00,1121.0
2024-01-31 21:00:00,1096.0
2024-01-31 21:15:00,1107.6
2024-01-31 21:30:00,1081.2
2024-01-31 21:45:00,1038.2
2024-01-31 22:00:00,1014.4000000000001
2024-01-31 22:15:00,994.8
2024-01-31 22:30:00,1013.0
2024-01-31 22:45:00,922.8
2024-01-31 23:00:00,919.2
2024-01-31 23:15:00,1269.6000000000001
2024-01-31 23:30:00,1340.0
2024-01-31 23:45:00,1227.0
2024-02-01 00:00:00,1127.8
2024-02-01 00:15:00,954.4
2024-02-01 00:30:00,915.6
2024-02-01 00:45:00,902.8000000000001
2024-02-01 01:00:00,728.4
2024-02-01 01:15:00,712.0
2024-02-01 01:30:00,642.2
2024-02-01 01:45:00,655.4
2024-02-01 02:00:00,729.6000000000001
2024-02-01 02:15:00,712.4000000000001
2024-02-01 02:30:00,735.5999999999999
2024-02-01 02:45:00,744.6
2024-02-01 03:00:00,691.0
2024-02-01 03:15:00,680.8
2024-02-01 03:30:00,679.0
2024-02-01 03:45:00,717.6
2024-02-01 04:00:00,662.2
2024-02-01 04:15:00,696.0
2024-02-01 04:30:00,718.6
2024-02-01 04:45:00,749.6
2024-02-01 05:00:00,729.4000000000001
2024-02-01 05:15:00,716.5999999999999
2024-02-01 05:30:00,724.0
2024-02-01 05:45:00,709.6000000000001
2024-02-01 06:00:00,782.0
2024-02-01 06:15:00,758.2
2024-02-01 06:30:00,846.2
2024-02-01 06:45:00,913.8000000000001
2024-02-01 07:00:00,971.5999999999999
2024-02-01 07:15:00,933.1999999999999
2024-02-01 07:30:00,969.2
2024-02-01 07:45:00,1016.6
2024-02-01 08:00:00,1085.2988
2024-02-01 08:15:00,1233.4987999999998
2024-02-01 08:30:00,1597.2988
2024-02-01 08:45:00,1982.6988
2024-02-01 09:00:00,2188.5434
2024-02-01 09:15:00,2229.9434
2024-02-01 09:30:00,2305.1434
2024-02-01 09:45:00,2459.5434
2024-02-01 10:00:00,2599.7333000000003
2024-02-01 10:15:00,2559.7333
2024-02-01 10:30:00,2673.1333
2024-02-01 10:45:00,2725.3333000000002
2024-02-01 11:00:00,2619.4514
2024-02-01 11:15:00,2681.2514
2024-02-01 11:30:00,2710.2514
2024-02-01 11:45:00,2677.2514
2024-02-01 12:00:00,2591.9282000000003
2024-02-01 12:15:00,2594.7282
2024-02-01 12:30:00,2470.9282000000003
2024-02-01 12:45:00,2446.1282
2024-02-01 13:00:00,2297.4164
2024-02-01 13:15:00,2312.2164000000002
2024-02-01 13:30:00,2305.8164
2024-02-01 13:45:00,2452.8164
2024-02-01 14:00:00,2527.0912
2024-02-01 14:15:00,2510.4912
2024-02-01 14:30:00,2551.4912
2024-02-01 14:45:00,2614.4912000000004
2024-02-01 15:00:00,2646.8579999999997
2024-02-01 15:15:00,2757.058
2024-02-01 15:30:00,2783.258
2024-02-01 15:45:00,2759.8579999999997
2024-02-01 16:00:00,2833.1045
2024-02-01 16:15:00,2940.9045
2024-02-01 16:30:00,2888.3045
2024-02-01 16:45:00,2823.5045
2024-02-01 17:00:00,2858.7349
2024-02-01 17:15:00,2755.7349
2024-02-01 17:30:00,2652.3349
2024-02-01 17:45:00,2533.1349
2024-02-01 18:00:00,2305.6
2024-02-01 18:15:00,2022.6
2024-02-01 18:30:00,1893.1999999999998
2024-02-01 18:45:00,1714.6000000000001
2024-02-01 19:00:00,1752.6
2024-02-01 19:15:00,1542.0
2024-02-01 19:30:00,1478.8
2024-02-01 19:45:00,1439.1999999999998
2024-02-01 20:00:00,1423.0
2024-02-01 20:15:00,1367.0
2024-02-01 20:30:00,1364.2
2024-02-01 20:45:00,1246.1999999999998
2024-02-01 21:00:00,1215.2
2024-02-01 21:15:00,1138.0
2024-02-01 21:30:00,1076.4
2024-02-01 21:45:00,1094.6
2024-02-01 22:00:00,1048.8
2024-02-01 22:15:00,1024.0
2024-02-01 22:30:00,943.0
2024-02-01 22:45:00,906.6
2024-02-01 23:00:00,972.4
2024-02-01 23:15:00,1258.8
2024-02-01 23:30:00,1292.6000000000001
2024-02-01 23:45:00,1271.6
2024-02-02 00:00:00,1087.8
2024-02-02 00:15:00,894.0
2024-02-02 00:30:00,834.4000000000001
2024-02-02 00:45:00,817.8000000000001
2024-02-02 01:00:00,806.1999999999999
2024-02-02 01:15:00,864.2
2024-02-02 01:30:00,878.8
2024-02-02 01:45:00,932.0
2024-02-02 02:00:00,883.0
2024-02-02 02:15:00,857.6
2024-02-02 02:30:00,817.8000000000001
2024-02-02 02:45:00,861.4
2024-02-02 03:00:00,786.0
2024-02-02 03:15:00,800.0
2024-02-02 03:30:00,764.2
2024-02-02 03:45:00,665.6
2024-02-02 04:00:00,721.4
2024-02-02 04:15:00,731.2
2024-02-02 04:30:00,758.4000000000001
2024-02-02 04:45:00,753.4
2024-02-02 05:00:00,906.4
2024-02-02 05:15:00,862.2
2024-02-02 05:30:00,768.8000000000001
2024-02-02 05:45:00,745.8
2024-02-02 06:00:00,733.0
2024-02-02 06:15:00,770.2
2024-02-02 06:30:00,906.4000000000001
2024-02-02 06:45:00,995.2
2024-02-02 07:00:00,1006.6
2024-02-02 07:15:00,1031.8000000000002
2024-02-02 07:30:00,1065.8
2024-02-02 07:45:00,1150.8
2024-02-02 08:00:00,1267.2311
2024-02-02 08:15:00,1376.4311
2024-02-02 08:30:00,1707.0311
2024-02-02 08:45:00,2057.2311
2024-02-02 09:00:00,2360.1392
2024-02-02 09:15:00,2545.9392
2024-02-02 09:30:00,2897.1392
2024-02-02 09:45:00,3036.7392
2024-02-02 10:00:00,3032.786
2024-02-02 10:15:00,3151.5859999999993
2024-02-02 10:30:00,3217.1859999999997
2024-02-02 10:45:00,3327.7859999999996
2024-02-02 11:00:00,3159.5137000000004
2024-02-02 11:15:00,3184.5137
2024-02-02 11:30:00,3019.9137
2024-02-02 11:45:00,3069.1137
2024-02-02 12:00:00,2960.3117
2024-02-02 12:15:00,2991.1117
2024-02-02 12:30:00,3008.1117
2024-02-02 12:45:00,2727.1117
2024-02-02 13:00:00,2965.4120000000003
2024-02-02 13:15:00,2794.4120000000003
2024-02-02 13:30:00,2962.812
2024-02-02 13:45:00,2958.012
2024-02-02 14:00:00,2988.5226
2024-02-02 14:15:00,3186.3226
2024-02-02 14:30:00,3227.1225999999997
2024-02-02 14:45:00,3198.9226
2024-02-02 15:00:00,3077.0587
2024-02-02 15:15:00,3237.0586999999996
2024-02-02 15:30:00,3187.4587
2024-02-02 15:45:00,3125.4587
2024-02-02 16:00:00,3202.7916
2024-02-02 16:15:00,3243.1916
2024-02-02 16:30:00,3247.3916
2024-02-02 16:45:00,3121.1916
2024-02-02 17:00:00,3195.0492999999997
2024-02-02 17:15:00,3122.8493
2024-02-02 17:30:00,2715.4493
2024-02-02 17:45:00,2695.6493
2024-02-02 18:00:00,2437.8
2024-02-02 18:15:00,2178.4
2024-02-02 18:30:00,2038.2
2024-02-02 18:45:00,1807.8
2024-02-02 19:00:00,1634.4
2024-02-02 19:15:00,1618.4
2024-02-02 19:30:00,1480.8
2024-02-02 19:45:00,1534.8
2024-02-02 20:00:00,1467.0000000000002
2024-02-02 20:15:00,1518.0
2024-02-02 20:30:00,1498.4
2024-02-02 20:45:00,1432.2
2024-02-02 21:00:00,1281.8
2024-02-02 21:15:00,1313.8
2024-02-02 21:30:00,1220.4
2024-02-02 21:45:00,1173.0
2024-02-02 22:00:00,1130.8
2024-02-02 22:15:00,1084.0
2024-02-02 22:30:00,1071.1999999999998
2024-02-02 22:45:00,965.4000000000001
2024-02-02 23:00:00,1005.8
2024-02-02 23:15:00,1429.2
2024-02-02 23:30:00,1537.6000000000001
2024-02-02 23:45:00,1487.6000000000001
2024-02-03 00:00:00,1386.2
2024-02-03 00:15:00,1176.2
2024-02-03 00:30:00,988.8
2024-02-03 00:45:00,813.9999999999999
2024-02-03 01:00:00,903.4000000000001
2024-02-03 01:15:00,914.8
2024-02-03 01:30:00,863.4000000000001
2024-02-03 01:45:00,840.2
2024-02-03 02:00:00,844.2
2024-02-03 02:15:00,854.2
2024-02-03 02:30:00,853.8
2024-02-03 02:45:00,773.4
2024-02-03 03:00:00,868.1999999999999
2024-02-03 03:15:00,847.8000000000001
2024-02-03 03:30:00,844.4000000000001
2024-02-03 03:45:00,817.8
2024-02-03 04:00:00,770.8000000000001
2024-02-03 04:15:00,751.4000000000001
2024-02-03 04:30:00,775.5999999999999
2024-02-03 04:45:00,783.8
2024-02-03 05:00:00,765.8000000000001
2024-02-03 05:15:00,839.0
2024-02-03 05:30:00,830.2
2024-02-03 05:45:00,821.0
2024-02-03 06:00:00,765.2
2024-02-03 06:15:00,818.2
2024-02-03 06:30:00,813.4
2024-02-03 06:45:00,843.8
2024-02-03 07:00:00,800.0
2024-02-03 07:15:00,762.8000000000001
2024-02-03 07:30:00,736.4
2024-02-03 07:45:00,776.4
2024-02-03 08:00:00,778.4829000000001
2024-02-03 08:15:00,791.4829000000001
2024-02-03 08:30:00,964.6829
2024-02-03 08:45:00,1099.6829
2024-02-03 09:00:00,1071.2428
2024-02-03 09:15:00,1219.6428
2024-02-03 09:30:00,1192.0428
2024-02-03 09:45:00,1439.4427999999998
2024-02-03 10:00:00,1408.6615000000002
2024-02-03 10:15:00,1417.4615000000001
2024-02-03 10:30:00,1441.0615000000003
2024-02-03 10:45:00,1464.8615
2024-02-03 11:00:00,1422.5664000000002
2024-02-03 11:15:00,1395.9664000000002
2024-02-03 11:30:00,1429.5664000000002
2024-02-03 11:45:00,1384.9664
2024-02-03 12:00:00,1303.0918
2024-02-03 12:15:00,1230.4918
2024-02-03 12:30:00,1241.8918
2024-02-03 12:45:00,1257.4917999999998
2024-02-03 13:00:00,1217.5346
2024-02-03 13:15:00,1289.1345999999999
2024-02-03 13:30:00,1263.3346
2024-02-03 13:45:00,1300.7346
2024-02-03 14:00:00,1430.8586
2024-02-03 14:15:00,1630.0585999999998
2024-02-03 14:30:00,1703.0586
2024-02-03 14:45:00,1745.4586
2024-02-03 15:00:00,1801.1226
2024-02-03 15:15:00,1720.7226000000003
2024-02-03 15:30:00,1766.7226
2024-02-03 15:45:00,1680.5225999999998
2024-02-03 16:00:00,1765.0459
2024-02-03 16:15:00,1659.0459
2024-02-03 16:30:00,1592.4459
2024-02-03 16:45:00,1616.6459
2024-02-03 17:00:00,1579.2908
2024-02-03 17:15:00,1571.2908
2024-02-03 17:30:00,1408.4908
2024-02-03 17:45:00,1431.0908
2024-02-03 18:00:00,1375.0
2024-02-03 18:15:00,1354.0
2024-02-03 18:30:00,1297.0
2024-02-03 18:45:00,1228.8000000000002
2024-02-03 19:00:00,1200.2
2024-02-03 19:15:00,1162.6
2024-02-03 19:30:00,1166.0
2024-02-03 19:45:00,1198.2
2024-02-03 20:00:00,1249.2
2024-02-03 20:15:00,1119.0
2024-02-03 20:30:00,1103.4
2024-02-03 20:45:00,1119.6
2024-02-03 21:00:00,1171.6
2024-02-03 21:15:00,1161.8000000000002
2024-02-03 21:30:00,1086.4
2024-02-03 21:45:00,1080.8
2024-02-03 22:00:00,1041.8
2024-02-03 22:15:00,986.6
2024-02-03 22:30:00,961.8000000000001
2024-02-03 22:45:00,969.5999999999999
2024-02-03 23:00:00,972.8
2024-02-03 23:15:00,1479.8000000000002
2024-02-03 23:30:00,1475.6000000000001
2024-02-03 23:45:00,1316.6
2024-02-04 00:00:00,1068.8
2024-02-04 00:15:00,810.9999999999999
2024-02-04 00:30:00,785.8
2024-02-04 00:45:00,855.8
2024-02-04 01:00:00,773.8000000000001
2024-02-04 01:15:00,834.8
2024-02-04 01:30:00,840.0
2024-02-04 01:45:00,914.8
2024-02-04 02:00:00,939.8
2024-02-04 02:15:00,834.0
2024-02-04 02:30:00,832.2
2024-02-04 02:45:00,812.0000000000001
2024-02-04 03:00:00,854.6
2024-02-04 03:15:00,773.4
2024-02-04 03:30:00,776.2
2024-02-04 03:45:00,739.8
2024-02-04 04:00:00,723.6
2024-02-04 04:15:00,748.0
2024-02-04 04:30:00,731.0
2024-02-04 04:45:00,765.6
2024-02-04 05:00:00,784.1999999999999
2024-02-04 05:15:00,775.3999999999999
2024-02-04 05:30:00,788.4
2024-02-04 05:45:00,804.1999999999999
2024-02-04 06:00:00,853.8
2024-02-04 06:15:00,938.4
2024-02-04 06:30:00,962.8
2024-02-04 06:45:00,1114.4
2024-02-04 07:00:00,1159.1999999999998
2024-02-04 07:15:00,978.6
2024-02-04 07:30:00,969.4
2024-02-04 07:45:00,1016.6000000000001
2024-02-04 08:00:00,1304.7654
2024-02-04 08:15:00,1557.3654000000001
2024-02-04 08:30:00,2077.5654000000004
2024-02-04 08:45:00,2382.9654
2024-02-04 09:00:00,2505.8573
2024-02-04 09:15:00,2695.6573
2024-02-04 09:30:00,2813.6573
2024-02-04 09:45:00,3216.2573
2024-02-04 10:00:00,3386.0254
2024-02-04 10:15:00,3267.4254
2024-02-04 10:30:00,3255.2254
2024-02-04 10:45:00,3299.4254
2024-02-04 11:00:00,3418.8509999999997
2024-02-04 11:15:00,3265.8509999999997
2024-02-04 11:30:00,3492.0509999999995
2024-02-04 11:45:00,3224.8509999999997
2024-02-04 12:00:00,3147.579
2024-02-04 12:15:00,3130.5790000000006
2024-02-04 12:30:00,3326.779
2024-02-04 12:45:00,3241.5789999999997
2024-02-04 13:00:00,2915.9627
2024-02-04 13:15:00,3008.3626999999997
2024-02-04 13:30:00,2871.7627
2024-02-04 13:45:00,3063.5627
2024-02-04 14:00:00,3031.6151
2024-02-04 14:15:00,3172.0151
2024-02-04 14:30:00,3257.8151
2024-02-04 14:45:00,3307.0151000000005
2024-02-04 15:00:00,3194.5142000000005
2024-02-04 15:15:00,3323.3142
2024-02-04 15:30:00,3191.3142
2024-02-04 15:45:00,3262.7142000000003
2024-02-04 16:00:00,3331.3986999999997
2024-02-04 16:15:00,3332.5987000000005
2024-02-04 16:30:00,3216.1987
2024-02-04 16:45:00,3318.1987
2024-02-04 17:00:00,3028.8045
2024-02-04 17:15:00,3038.4045
2024-02-04 17:30:00,2716.8045
2024-02-04 17:45:00,2637.0045
2024-02-04 18:00:00,2457.0
2024-02-04 18:15:00,2180.2
2024-02-04 18:30:00,2092.2
2024-02-04 18:45:00,1747.2
2024-02-04 19:00:00,1712.6
2024-02-04 19:15:00,1641.3999999999999
2024-02-04 19:30:00,1611.4
2024-02-04 19:45:00,1577.6000000000001
2024-02-04 20:00:00,1596.6
2024-02-04 20:15:00,1573.8000000000002
2024-02-04 20:30:00,1374.2
2024-02-04 20:45:00,1354.0
2024-02-04 21:00:00,1322.6
2024-02-04 21:15:00,1253.6
2024-02-04 21:30:00,1234.4
2024-02-04 21:45:00,1159.2
2024-02-04 22:00:00,1052.2
2024-02-04 22:15:00,1005.4000000000001
2024-02-04 22:30:00,984.0
2024-02-04 22:45:00,931.5999999999999
2024-02-04 23:00:00,959.2
2024-02-04 23:15:00,1294.4
2024-02-04 23:30:00,1422.8000000000002
2024-02-04 23:45:00,1500.4
2024-02-05 00:00:00,1207.4
2024-02-05 00:15:00,1059.0
2024-02-05 00:30:00,940.4
2024-02-05 00:45:00,864.2
2024-02-05 01:00:00,871.5999999999999
2024-02-05 01:15:00,782.3999999999999
2024-02-05 01:30:00,885.0
2024-02-05 01:45:00,848.5999999999999
2024-02-05 02:00:00,845.4000000000001
2024-02-05 02:15:00,812.4
2024-02-05 02:30:00,792.0
2024-02-05 02:45:00,752.0000000000001
2024-02-05 03:00:00,801.4
2024-02-05 03:15:00,794.1999999999999
2024-02-05 03:30:00,821.2
2024-02-05 03:45:00,830.6
2024-02-05 04:00:00,960.0
2024-02-05 04:15:00,854.0
2024-02-05 04:30:00,883.0
2024-02-05 04:45:00,786.2
2024-02-05 05:00:00,777.2
2024-02-05 05:15:00,745.0
2024-02-05 05:30:00,779.2
2024-02-05 05:45:00,913.8
2024-02-05 06:00:00,985.6
2024-02-05 06:15:00,999.2
2024-02-05 06:30:00,959.8000000000001
2024-02-05 06:45:00,1089.6
2024-02-05 07:00:00,1156.9455
2024-02-05 07:15:00,1185.7455
2024-02-05 07:30:00,1119.3455000000001
2024-02-05 07:45:00,1226.1455
2024-02-05 08:00:00,1092.0766
2024-02-05 08:15:00,1308.4766
2024-02-05 08:30:00,1704.0766
2024-02-05 08:45:00,2021.0766
2024-02-05 09:00:00,2420.7416000000003
2024-02-05 09:15:00,2640.1416
2024-02-05 09:30:00,2695.9416
2024-02-05 09:45:00,2913.3415999999997
2024-02-05 10:00:00,2444.076
2024-02-05 10:15:00,2431.076
2024-02-05 10:30:00,2435.8759999999997
2024-02-05 10:45:00,2515.876
2024-02-05 11:00:00,2130.6981
2024-02-05 11:15:00,2102.8981
2024-02-05 11:30:00,2026.8981000000003
2024-02-05 11:45:00,2023.6981
2024-02-05 12:00:00,2085.322
2024-02-05 12:15:00,2054.322
2024-02-05 12:30:00,1829.722
2024-02-05 12:45:00,1843.122
2024-02-05 13:00:00,1736.9400999999998
2024-02-05 13:15:00,1639.3401000000001
2024-02-05 13:30:00,1628.3401
2024-02-05 13:45:00,1660.1401
2024-02-05 14:00:00,1958.8644999999997
2024-02-05 14:15:00,2155.4645
2024-02-05 14:30:00,2157.4645
2024-02-05 14:45:00,2098.6645
2024-02-05 15:00:00,2344.7865
2024-02-05 15:15:00,2252.7864999999997
2024-02-05 15:30:00,2219.9865
2024-02-05 15:45:00,2337.9865
2024-02-05 16:00:00,2676.0714
2024-02-05 16:15:00,2589.2714
2024-02-05 16:30:00,2578.6713999999997
2024-02-05 16:45:00,2642.0714
2024-02-05 17:00:00,2899.6556
2024-02-05 17:15:00,2770.2556
2024-02-05 17:30:00,2623.0555999999997
2024-02-05 17:45:00,2533.4556000000002
2024-02-05 18:00:00,2270.8
2024-02-05 18:15:00,2142.6
2024-02-05 18:30:00,2065.0
2024-02-05 18:45:00,1883.1999999999998
2024-02-05 19:00:00,1653.2
2024-02-05 19:15:00,1494.1999999999998
2024-02-05 19:30:00,1443.1999999999998
2024-02-05 19:45:00,1399.8000000000002
2024-02-05 20:00:00,1425.8
2024-02-05 20:15:00,1361.2
2024-02-05 20:30:00,1301.0
2024-02-05 20:45:00,1227.8000000000002
2024-02-05 21:00:00,1177.8
2024-02-05 21:15:00,1130.0
2024-02-05 21:30:00,1076.1999999999998
2024-02-05 21:45:00,1076.8
2024-02-05 22:00:00,1076.4
2024-02-05 22:15:00,1035.4
2024-02-05 22:30:00,1013.5999999999999
2024-02-05 22:45:00,1031.0
2024-02-05 23:00:00,1025.0
2024-02-05 23:15:00,1211.0
2024-02-05 23:30:00,1294.2
2024-02-05 23:45:00,1247.2
2024-02-06 00:00:00,1113.8
2024-02-06 00:15:00,984.4000000000001
2024-02-06 00:30:00,890.8
2024-02-06 00:45:00,844.6
2024-02-06 01:00:00,797.8
2024-02-06 01:15:00,774.8
2024-02-06 01:30:00,757.1999999999999
2024-02-06 01:45:00,732.0
2024-02-06 02:00:00,707.4000000000001
2024-02-06 02:15:00,724.6
2024-02-06 02:30:00,701.8
2024-02-06 02:45:00,752.0
2024-02-06 03:00:00,760.8
2024-02-06 03:15:00,735.0
2024-02-06 03:30:00,756.6
2024-02-06 03:45:00,790.8
2024-02-06 04:00:00,757.8000000000001
2024-02-06 04:15:00,827.2
2024-02-06 04:30:00,839.2
2024-02-06 04:45:00,836.8000000000001
2024-02-06 05:00:00,840.5999999999999
2024-02-06 05:15:00,843.2
2024-02-06 05:30:00,799.8
2024-02-06 05:45:00,810.4000000000001
2024-02-06 06:00:00,803.2
2024-02-06 06:15:00,845.5999999999999
2024-02-06 06:30:00,1033.8000000000002
2024-02-06 06:45:00,1019.1999999999999
2024-02-06 07:00:00,1112.6
2024-02-06 07:15:00,1016.2
2024-02-06 07:30:00,1051.0
2024-02-06 07:45:00,1211.1999999999998
2024-02-06 08:00:00,1201.2255999999998
2024-02-06 08:15:00,1437.6255999999998
2024-02-06 08:30:00,1738.2255999999998
2024-02-06 08:45:00,2137.6256
2024-02-06 09:00:00,2369.0281
2024-02-06 09:15:00,2503.2281000000003
2024-02-06 09:30:00,2737.8280999999997
2024-02-06 09:45:00,2943.0280999999995
2024-02-06 10:00:00,2988.5307999999995
2024-02-06 10:15:00,3002.5308000000005
2024-02-06 10:30:00,3108.9308
2024-02-06 10:45:00,3136.3307999999997
2024-02-06 11:00:00,3136.4953000000005
2024-02-06 11:15:00,2974.0953000000004
2024-02-06 11:30:00,2982.0953
2024-02-06 11:45:00,2821.4953
2024-02-06 12:00:00,2765.9809
2024-02-06 12:15:00,1142.9809
2024-02-06 12:30:00,2995.1809000000003
2024-02-06 12:45:00,2723.5809
2024-02-06 13:00:00,2599.7169000000004
2024-02-06 13:15:00,2449.7169000000004
2024-02-06 13:30:00,2495.7169
2024-02-06 13:45:00,2588.5169
2024-02-06 14:00:00,2561.4734000000003
2024-02-06 14:15:00,2597.8734
2024-02-06 14:30:00,2686.2734
2024-02-06 14:45:00,2751.8734000000004
2024-02-06 15:00:00,2704.4066000000003
2024-02-06 15:15:00,2642.8066
2024-02-06 15:30:00,2687.8066
2024-02-06 15:45:00,2623.4066
2024-02-06 16:00:00,2482.3009
2024-02-06 16:15:00,2568.7009000000003
2024-02-06 16:30:00,2568.5009
2024-02-06 16:45:00,2472.7009
2024-02-06 17:00:00,2544.3824999999997
2024-02-06 17:15:00,2458.3825
2024-02-06 17:30:00,2419.7825
2024-02-06 17:45:00,2328.5825
2024-02-06 18:00:00,2034.6
2024-02-06 18:15:00,1863.8
2024-02-06 18:30:00,1748.8000000000002
2024-02-06 18:45:00,1563.8000000000002
2024-02-06 19:00:00,1488.6
2024-02-06 19:15:00,1407.2
2024-02-06 19:30:00,1279.0
2024-02-06 19:45:00,1400.6
2024-02-06 20:00:00,1298.6
2024-02-06 20:15:00,1280.4
2024-02-06 20:30:00,1189.0
2024-02-06 20:45:00,1069.3999999999999
2024-02-06 21:00:00,1056.4
2024-02-06 21:15:00,970.8
2024-02-06 21:30:00,939.2
2024-02-06 21:45:00,909.4000000000001
2024-02-06 22:00:00,867.5999999999999
2024-02-06 22:15:00,833.0
2024-02-06 22:30:00,841.8
2024-02-06 22:45:00,841.4
2024-02-06 23:00:00,820.0
2024-02-06 23:15:00,1023.8
2024-02-06 23:30:00,1109.0
2024-02-06 23:45:00,1020.6
2024-02-07 00:00:00,881.8000000000001
2024-02-07 00:15:00,786.4
2024-02-07 00:30:00,712.8
2024-02-07 00:45:00,740.2
2024-02-07 01:00:00,864.6
2024-02-07 01:15:00,788.0
2024-02-07 01:30:00,761.4
2024-02-07 01:45:00,710.0
2024-02-07 02:00:00,779.4
2024-02-07 02:15:00,762.4
2024-02-07 02:30:00,756.8
2024-02-07 02:45:00,714.0
2024-02-07 03:00:00,671.4
2024-02-07 03:15:00,668.4
2024-02-07 03:30:00,667.0
2024-02-07 03:45:00,666.0
2024-02-07 04:00:00,720.4
2024-02-07 04:15:00,756.6
2024-02-07 04:30:00,822.8
2024-02-07 04:45:00,755.1999999999999
2024-02-07 05:00:00,712.0
2024-02-07 05:15:00,720.4
2024-02-07 05:30:00,767.5999999999999
2024-02-07 05:45:00,757.8
2024-02-07 06:00:00,719.1999999999999
2024-02-07 06:15:00,864.4
2024-02-07 06:30:00,941.2
2024-02-07 06:45:00,1021.5999999999999
2024-02-07 07:00:00,1099.7856
2024-02-07 07:15:00,1047.9856
2024-02-07 07:30:00,1129.9856
2024-02-07 07:45:00,1008.9856
2024-02-07 08:00:00,841.8604000000001
2024-02-07 08:15:00,929.2604000000001
2024-02-07 08:30:00,1117.4604000000002
2024-02-07 08:45:00,1350.2604000000001
2024-02-07 09:00:00,1247.4780999999998
2024-02-07 09:15:00,1402.8781
2024-02-07 09:30:00,1478.4781
2024-02-07 09:45:00,1624.0781
2024-02-07 10:00:00,1436.5636
2024-02-07 10:15:00,1446.9636
2024-02-07 10:30:00,1508.3636000000001
2024-02-07 10:45:00,1530.9636
2024-02-07 11:00:00,1224.743
2024-02-07 11:15:00,1275.5430000000001
2024-02-07 11:30:00,1326.343
2024-02-07 11:45:00,1235.943
2024-02-07 12:00:00,1216.2396
2024-02-07 12:15:00,1282.2396
2024-02-07 12:30:00,1137.8396
2024-02-07 12:45:00,1183.2396
2024-02-07 13:00:00,1058.4639000000002
2024-02-07 13:15:00,1040.0638999999999
2024-02-07 13:30:00,1043.8639
2024-02-07 13:45:00,964.4639000000001
2024-02-07 14:00:00,1251.7346
2024-02-07 14:15:00,1287.5346
2024-02-07 14:30:00,1215.3346
2024-02-07 14:45:00,1285.7346
2024-02-07 15:00:00,1516.2773
2024-02-07 15:15:00,1415.0773
2024-02-07 15:30:00,1426.0773
2024-02-07 15:45:00,1414.6772999999998
2024-02-07 16:00:00,1680.6861
2024-02-07 16:15:00,1585.8861
2024-02-07 16:30:00,1716.4861
2024-02-07 16:45:00,1703.2861
2024-02-07 17:00:00,1794.9661999999998
2024-02-07 17:15:00,1837.5662000000002
2024-02-07 17:30:00,1817.5662
2024-02-07 17:45:00,1905.9662
2024-02-07 18:00:00,1747.1999999999998
2024-02-07 18:15:00,1574.8
2024-02-07 18:30:00,1283.8
2024-02-07 18:45:00,1169.8
2024-02-07 19:00:00,1118.6
2024-02-07 19:15:00,1104.0
2024-02-07 19:30:00,1080.2
2024-02-07 19:45:00,1169.4
2024-02-07 20:00:00,987.5999999999999
2024-02-07 20:15:00,979.5999999999999
2024-02-07 20:30:00,898.0
2024-02-07 20:45:00,895.0
2024-02-07 21:00:00,788.8
2024-02-07 21:15:00,770.8000000000001
2024-02-07 21:30:00,732.4000000000001
2024-02-07 21:45:00,687.8000000000001
2024-02-07 22:00:00,702.8
2024-02-07 22:15:00,712.5999999999999
2024-02-07 22:30:00,697.6
2024-02-07 22:45:00,663.4
2024-02-07 23:00:00,650.8
2024-02-07 23:15:00,898.2
2024-02-07 23:30:00,1000.5999999999999
2024-02-07 23:45:00,970.4000000000001
2024-02-08 00:00:00,818.0
2024-02-08 00:15:00,724.4000000000001
2024-02-08 00:30:00,674.8
2024-02-08 00:45:00,762.2
2024-02-08 01:00:00,627.5999999999999
2024-02-08 01:15:00,646.0
2024-02-08 01:30:00,659.4
2024-02-08 01:45:00,589.4
2024-02-08 02:00:00,579.8
2024-02-08 02:15:00,583.0
2024-02-08 02:30:00,581.8
2024-02-08 02:45:00,568.0
2024-02-08 03:00:00,579.6
2024-02-08 03:15:00,550.8
2024-02-08 03:30:00,632.8
2024-02-08 03:45:00,598.0
2024-02-08 04:00:00,571.8000000000001
2024-02-08 04:15:00,585.5999999999999
2024-02-08 04:30:00,566.0
2024-02-08 04:45:00,561.8
2024-02-08 05:00:00,576.0
2024-02-08 05:15:00,600.0
2024-02-08 05:30:00,583.2
2024-02-08 05:45:00,574.8
2024-02-08 06:00:00,578.8
2024-02-08 06:15:00,630.6
2024-02-08 06:30:00,623.4
2024-02-08 06:45:00,660.5999999999999
2024-02-08 07:00:00,671.9874
2024-02-08 07:15:00,707.5874
2024-02-08 07:30:00,680.3874000000001
2024-02-08 07:45:00,734.7873999999999
2024-02-08 08:00:00,537.7844
2024-02-08 08:15:00,604.1844000000001
2024-02-08 08:30:00,704.7844
2024-02-08 08:45:00,789.7844
2024-02-08 09:00:00,572.4368999999999
2024-02-08 09:15:00,712.4369000000002
2024-02-08 09:30:00,631.0369
2024-02-08 09:45:00,668.0369000000001
2024-02-08 10:00:00,435.5203
2024-02-08 10:15:00,397.1203
2024-02-08 10:30:00,404.12030000000004
2024-02-08 10:45:00,409.3203
2024-02-08 11:00:00,304.7179
2024-02-08 11:15:00,279.7179
2024-02-08 11:30:00,323.11789999999996
2024-02-08 11:45:00,382.9179
2024-02-08 12:00:00,322.0852000000001
2024-02-08 12:15:00,163.4852000000001
2024-02-08 12:30:00,107.48520000000008
2024-02-08 12:45:00,6.685200000000037
2024-02-08 13:00:00,61.55229999999996
2024-02-08 13:15:00,76.95229999999997
2024-02-08 13:30:00,24.15229999999991
2024-02-08 13:45:00,45.95229999999992
2024-02-08 14:00:00,384.0883
2024-02-08 14:15:00,411.8883
2024-02-08 14:30:00,413.88829999999996
2024-02-08 14:45:00,350.4883
2024-02-08 15:00:00,537.6486
2024-02-08 15:15:00,492.6485999999999
2024-02-08 15:30:00,557.6486
2024-02-08 15:45:00,565.0486
2024-02-08 16:00:00,845.2905000000001
2024-02-08 16:15:00,766.2905000000001
2024-02-08 16:30:00,725.0905
2024-02-08 16:45:00,667.0905
2024-02-08 17:00:00,824.1010000000001
2024-02-08 17:15:00,772.301
2024-02-08 17:30:00,756.1010000000001
2024-02-08 17:45:00,746.901
2024-02-08 18:00:00,871.1999999999999
2024-02-08 18:15:00,775.3999999999999
2024-02-08 18:30:00,709.6
2024-02-08 18:45:00,676.0
2024-02-08 19:00:00,680.0
2024-02-08 19:15:00,679.4
2024-02-08 19:30:00,663.4
2024-02-08 19:45:00,637.6
2024-02-08 20:00:00,649.2
2024-02-08 20:15:00,639.1999999999999
2024-02-08 20:30:00,629.0
2024-02-08 20:45:00,617.0
2024-02-08 21:00:00,601.8
2024-02-08 21:15:00,668.8
2024-02-08 21:30:00,663.2
2024-02-08 21:45:00,697.2
2024-02-08 22:00:00,690.0
2024-02-08 22:15:00,599.4
2024-02-08 22:30:00,547.4
2024-02-08 22:45:00,556.8
2024-02-08 23:00:00,570.8
2024-02-08 23:15:00,705.8
2024-02-08 23:30:00,686.8
2024-02-08 23:45:00,610.0
2024-02-09 00:00:00,572.4000000000001
2024-02-09 00:15:00,572.6
2024-02-09 00:30:00,543.1999999999999
2024-02-09 00:45:00,545.4000000000001
2024-02-09 01:00:00,519.4000000000001
2024-02-09 01:15:00,537.4
2024-02-09 01:30:00,540.8
2024-02-09 01:45:00,514.4
2024-02-09 02:00:00,598.6
2024-02-09 02:15:00,576.8
2024-02-09 02:30:00,623.6
2024-02-09 02:45:00,584.0
2024-02-09 03:00:00,571.4
2024-02-09 03:15:00,541.8
2024-02-09 03:30:00,554.2
2024-02-09 03:45:00,531.6
2024-02-09 04:00:00,519.2
2024-02-09 04:15:00,522.4
2024-02-09 04:30:00,505.8
2024-02-09 04:45:00,514.0
2024-02-09 05:00:00,516.8
2024-02-09 05:15:00,564.8
2024-02-09 05:30:00,568.0
2024-02-09 05:45:00,526.2
2024-02-09 06:00:00,558.2
2024-02-09 06:15:00,544.6
2024-02-09 06:30:00,568.2
2024-02-09 06:45:00,537.8
2024-02-09 07:00:00,547.5999999999999
2024-02-09 07:15:00,527.8000000000001
2024-02-09 07:30:00,527.8
2024-02-09 07:45:00,520.2
2024-02-09 08:00:00,540.5476000000001
2024-02-09 08:15:00,577.3476
2024-02-09 08:30:00,570.5476
2024-02-09 08:45:00,616.3476
2024-02-09 09:00:00,619.6880000000001
2024-02-09 09:15:00,653.288
2024-02-09 09:30:00,613.088
2024-02-09 09:45:00,643.088
2024-02-09 10:00:00,632.5652
2024-02-09 10:15:00,610.3652000000001
2024-02-09 10:30:00,600.9652
2024-02-09 10:45:00,555.1652
2024-02-09 11:00:00,509.4827
2024-02-09 11:15:00,491.28270000000003
2024-02-09 11:30:00,527.6827
2024-02-09 11:45:00,516.8827
2024-02-09 12:00:00,470.41769999999997
2024-02-09 12:15:00,474.4177
2024-02-09 12:30:00,463.0177
2024-02-09 12:45:00,459.6177
2024-02-09 13:00:00,-262.60150000000004
2024-02-09 13:15:00,-265.0015
2024-02-09 13:30:00,-231.80150000000003
2024-02-09 13:45:00,-257.4015
2024-02-09 14:00:00,-135.9324000000001
2024-02-09 14:15:00,-150.73240000000015
2024-02-09 14:30:00,-135.13240000000008
2024-02-09 14:45:00,-153.5324000000001
2024-02-09 15:00:00,55.0728
2024-02-09 15:15:00,43.47279999999998
2024-02-09 15:30:00,52.472799999999964
2024-02-09 15:45:00,44.872800000000026
2024-02-09 16:00:00,243.88760000000002
2024-02-09 16:15:00,342.28760000000005
2024-02-09 16:30:00,318.88759999999996
2024-02-09 16:45:00,303.2876
2024-02-09 17:00:00,440.11850000000004
2024-02-09 17:15:00,442.7185
2024-02-09 17:30:00,431.31850000000003
2024-02-09 17:45:00,478.3185000000001
2024-02-09 18:00:00,588.6
2024-02-09 18:15:00,577.5999999999999
2024-02-09 18:30:00,568.6
2024-02-09 18:45:00,563.5999999999999
2024-02-09 19:00:00,563.8
2024-02-09 19:15:00,560.0
2024-02-09 19:30:00,540.2
2024-02-09 19:45:00,557.6
2024-02-09 20:00:00,566.0
2024-02-09 20:15:00,583.6
2024-02-09 20:30:00,588.5999999999999
2024-02-09 20:45:00,601.4000000000001
2024-02-09 21:00:00,570.4
2024-02-09 21:15:00,604.1999999999999
2024-02-09 21:30:00,559.8000000000001
2024-02-09 21:45:00,577.2
2024-02-09 22:00:00,550.6
2024-02-09 22:15:00,546.4
2024-02-09 22:30:00,560.2
2024-02-09 22:45:00,546.6
2024-02-09 23:00:00,568.8
2024-02-09 23:15:00,670.8
2024-02-09 23:30:00,743.4
2024-02-09 23:45:00,746.0
2024-02-10 00:00:00,621.0
2024-02-10 00:15:00,523.4
2024-02-10 00:30:00,505.8
2024-02-10 00:45:00,518.8
2024-02-10 01:00:00,516.5999999999999
2024-02-10 01:15:00,520.8
2024-02-10 01:30:00,515.0
2024-02-10 01:45:00,520.4000000000001
2024-02-10 02:00:00,534.8
2024-02-10 02:15:00,565.0
2024-02-10 02:30:00,505.40000000000003
2024-02-10 02:45:00,511.2
2024-02-10 03:00:00,522.6
2024-02-10 03:15:00,515.4000000000001
2024-02-10 03:30:00,523.8
2024-02-10 03:45:00,513.0
2024-02-10 04:00:00,503.20000000000005
2024-02-10 04:15:00,516.2
2024-02-10 04:30:00,510.80000000000007
2024-02-10 04:45:00,508.0
2024-02-10 05:00:00,498.0
2024-02-10 05:15:00,521.5999999999999
2024-02-10 05:30:00,527.0
2024-02-10 05:45:00,542.0
2024-02-10 06:00:00,573.8
2024-02-10 06:15:00,565.2
2024-02-10 06:30:00,540.6
2024-02-10 06:45:00,548.8
2024-02-10 07:00:00,541.4
2024-02-10 07:15:00,517.1999999999999
2024-02-10 07:30:00,523.8
2024-02-10 07:45:00,511.4
2024-02-10 08:00:00,428.379
2024-02-10 08:15:00,437.579
2024-02-10 08:30:00,434.97900000000004
2024-02-10 08:45:00,445.979
2024-02-10 09:00:00,357.7398
2024-02-10 09:15:00,361.9398
2024-02-10 09:30:00,331.7398
2024-02-10 09:45:00,360.13980000000004
2024-02-10 10:00:00,274.44100000000003
2024-02-10 10:15:00,273.041
2024-02-10 10:30:00,273.6410000000001
2024-02-10 10:45:00,280.841
2024-02-10 11:00:00,146.29529999999997
2024-02-10 11:15:00,146.4953
2024-02-10 11:30:00,145.89529999999996
2024-02-10 11:45:00,150.8953
2024-02-10 12:00:00,80.56330000000003
2024-02-10 12:15:00,56.963299999999975
2024-02-10 12:30:00,70.5633
2024-02-10 12:45:00,62.16329999999999
2024-02-10 13:00:00,10.565699999999978
2024-02-10 13:15:00,-14.23429999999999
2024-02-10 13:30:00,-28.434300000000057
2024-02-10 13:45:00,-9.23429999999999
2024-02-10 14:00:00,58.85030000000003
2024-02-10 14:15:00,127.0503
2024-02-10 14:30:00,93.25030000000001
2024-02-10 14:45:00,64.2503
2024-02-10 15:00:00,179.7307
2024-02-10 15:15:00,163.9307
2024-02-10 15:30:00,171.13070000000002
2024-02-10 15:45:00,177.7307
2024-02-10 16:00:00,316.89840000000004
2024-02-10 16:15:00,352.2984
2024-02-10 16:30:00,311.2984
2024-02-10 16:45:00,304.69840000000005
2024-02-10 17:00:00,429.8882
2024-02-10 17:15:00,427.0882
2024-02-10 17:30:00,436.88820000000004
2024-02-10 17:45:00,478.2882
2024-02-10 18:00:00,557.8
2024-02-10 18:15:00,532.5999999999999
2024-02-10 18:30:00,528.4000000000001
2024-02-10 18:45:00,516.6
2024-02-10 19:00:00,515.8
2024-02-10 19:15:00,514.8
2024-02-10 19:30:00,528.4
2024-02-10 19:45:00,541.4000000000001
2024-02-10 20:00:00,541.2
2024-02-10 20:15:00,547.8
2024-02-10 20:30:00,531.0
2024-02-10 20:45:00,541.8
2024-02-10 21:00:00,532.8
2024-02-10 21:15:00,520.0
2024-02-10 21:30:00,546.6
2024-02-10 21:45:00,543.0
2024-02-10 22:00:00,536.5999999999999
2024-02-10 22:15:00,526.4000000000001
2024-02-10 22:30:00,523.2
2024-02-10 22:45:00,531.5999999999999
2024-02-10 23:00:00,522.6
2024-02-10 23:15:00,523.5999999999999
2024-02-10 23:30:00,514.2
2024-02-10 23:45:00,525.0
2024-02-11 00:00:00,510.8
2024-02-11 00:15:00,472.6
2024-02-11 00:30:00,496.20000000000005
2024-02-11 00:45:00,482.40000000000003
2024-02-11 01:00:00,474.6
2024-02-11 01:15:00,480.4
2024-02-11 01:30:00,482.79999999999995
2024-02-11 01:45:00,485.6
2024-02-11 02:00:00,470.40000000000003
2024-02-11 02:15:00,475.0
2024-02-11 02:30:00,480.4
2024-02-11 02:45:00,485.6
2024-02-11 03:00:00,484.6
2024-02-11 03:15:00,489.8
2024-02-11 03:30:00,481.20000000000005
2024-02-11 03:45:00,468.8
2024-02-11 04:00:00,465.4
2024-02-11 04:15:00,480.0
2024-02-11 04:30:00,480.2
2024-02-11 04:45:00,475.6
2024-02-11 05:00:00,483.20000000000005
2024-02-11 05:15:00,470.40000000000003
2024-02-11 05:30:00,475.6
2024-02-11 05:45:00,476.0
2024-02-11 06:00:00,503.2
2024-02-11 06:15:00,507.79999999999995
2024-02-11 06:30:00,505.59999999999997
2024-02-11 06:45:00,510.6
2024-02-11 07:00:00,483.7249
2024-02-11 07:15:00,478.32489999999996
2024-02-11 07:30:00,466.7249
2024-02-11 07:45:00,472.32489999999996
2024-02-11 08:00:00,271.3745
2024-02-11 08:15:00,281.3745
2024-02-11 08:30:00,288.17449999999997
2024-02-11 08:45:00,290.3745
2024-02-11 09:00:00,39.45160000000001
2024-02-11 09:15:00,32.05160000000001
2024-02-11 09:30:00,25.2516
2024-02-11 09:45:00,27.451600000000017
2024-02-11 10:00:00,-373.58330000000007
2024-02-11 10:15:00,-301.38329999999996
2024-02-11 10:30:00,-381.5833
2024-02-11 10:45:00,-411.1833000000001
2024-02-11 11:00:00,-595.3896
2024-02-11 11:15:00,-589.1896
2024-02-11 11:30:00,-603.1895999999999
2024-02-11 11:45:00,-595.7896
2024-02-11 12:00:00,-630.2607
2024-02-11 12:15:00,-633.4607000000001
2024-02-11 12:30:00,-623.6607
2024-02-11 12:45:00,-637.6607
2024-02-11 13:00:00,-526.6685
2024-02-11 13:15:00,-537.2685
2024-02-11 13:30:00,-533.0685000000001
2024-02-11 13:45:00,-530.6685
2024-02-11 14:00:00,-373.13680000000005
2024-02-11 14:15:00,-302.53679999999997
2024-02-11 14:30:00,-265.7368
2024-02-11 14:45:00,-293.13680000000005
2024-02-11 15:00:00,-90.1272
2024-02-11 15:15:00,-102.72719999999998
2024-02-11 15:30:00,-101.3272
2024-02-11 15:45:00,-21.727199999999982
2024-02-11 16:00:00,176.10400000000004
2024-02-11 16:15:00,156.704
2024-02-11 16:30:00,122.50400000000002
2024-02-11 16:45:00,117.104
2024-02-11 17:00:00,343.3015
2024-02-11 17:15:00,333.50149999999996
2024-02-11 17:30:00,335.90149999999994
2024-02-11 17:45:00,359.1015
2024-02-11 18:00:00,498.6
2024-02-11 18:15:00,525.6
2024-02-11 18:30:00,553.4
2024-02-11 18:45:00,506.6
2024-02-11 19:00:00,503.20000000000005
2024-02-11 19:15:00,498.0
2024-02-11 19:30:00,500.6
2024-02-11 19:45:00,494.2
2024-02-11 20:00:00,495.8
2024-02-11 20:15:00,496.79999999999995
2024-02-11 20:30:00,509.2
2024-02-11 20:45:00,506.59999999999997
2024-02-11 21:00:00,507.0
2024-02-11 21:15:00,501.6
2024-02-11 21:30:00,507.6
2024-02-11 21:45:00,509.8
2024-02-11 22:00:00,498.20000000000005
2024-02-11 22:15:00,503.99999999999994
2024-02-11 22:30:00,562.8
2024-02-11 22:45:00,545.2
2024-02-11 23:00:00,521.0
2024-02-11 23:15:00,643.4000000000001
2024-02-11 23:30:00,620.2
2024-02-11 23:45:00,752.8
2024-02-12 00:00:00,678.0
2024-02-12 00:15:00,463.2
2024-02-12 00:30:00,467.2
2024-02-12 00:45:00,569.0
2024-02-12 01:00:00,585.0
2024-02-12 01:15:00,520.8
2024-02-12 01:30:00,476.8
2024-02-12 01:45:00,530.0
2024-02-12 02:00:00,597.0
2024-02-12 02:15:00,582.6
2024-02-12 02:30:00,486.6
2024-02-12 02:45:00,488.4
2024-02-12 03:00:00,481.59999999999997
2024-02-12 03:15:00,482.4
2024-02-12 03:30:00,465.99999999999994
2024-02-12 03:45:00,479.0
2024-02-12 04:00:00,458.79999999999995
2024-02-12 04:15:00,462.4
2024-02-12 04:30:00,475.40000000000003
2024-02-12 04:45:00,505.8
2024-02-12 05:00:00,512.4000000000001
2024-02-12 05:15:00,458.0
2024-02-12 05:30:00,459.80000000000007
2024-02-12 05:45:00,497.6
2024-02-12 06:00:00,481.79999999999995
2024-02-12 06:15:00,506.2
2024-02-12 06:30:00,490.8
2024-02-12 06:45:00,500.0
2024-02-12 07:00:00,426.29830000000004
2024-02-12 07:15:00,413.4983
2024-02-12 07:30:00,458.29830000000004
2024-02-12 07:45:00,432.6983
2024-02-12 08:00:00,122.7491
2024-02-12 08:15:00,123.74910000000001
2024-02-12 08:30:00,145.5491
2024-02-12 08:45:00,141.94910000000002
2024-02-12 09:00:00,-211.41320000000002
2024-02-12 09:15:00,-163.8132
2024-02-12 09:30:00,-175.8132
2024-02-12 09:45:00,-178.4132
2024-02-12 10:00:00,-542.8555000000001
2024-02-12 10:15:00,-569.0554999999999
2024-02-12 10:30:00,-611.0554999999999
2024-02-12 10:45:00,-600.2555
2024-02-12 11:00:00,-831.7257999999998
2024-02-12 11:15:00,-839.9257999999999
2024-02-12 11:30:00,-848.7257999999998
2024-02-12 11:45:00,-841.5257999999999
2024-02-12 12:00:00,-948.5540000000001
2024-02-12 12:15:00,-964.1540000000001
2024-02-12 12:30:00,-970.7540000000001
2024-02-12 12:45:00,-976.7540000000001
2024-02-12 13:00:00,-916.9156
2024-02-12 13:15:00,-928.3156
2024-02-12 13:30:00,-949.3156
2024-02-12 13:45:00,-940.1156000000001
2024-02-12 14:00:00,-748.3554
2024-02-12 14:15:00,-711.3554
2024-02-12 14:30:00,-659.1554000000001
2024-02-12 14:45:00,-684.3554000000001
2024-02-12 15:00:00,-323.9605000000001
2024-02-12 15:15:00,-335.56050000000005
2024-02-12 15:30:00,-418.56050000000005
2024-02-12 15:45:00,-341.9605
2024-02-12 16:00:00,91.75540000000001
2024-02-12 16:15:00,75.55539999999999
2024-02-12 16:30:00,38.75539999999998
2024-02-12 16:45:00,23.75539999999998
2024-02-12 17:00:00,461.3849
2024-02-12 17:15:00,345.98490000000004
2024-02-12 17:30:00,274.7849
2024-02-12 17:45:00,300.58490000000006
2024-02-12 18:00:00,499.2
2024-02-12 18:15:00,500.6
2024-02-12 18:30:00,505.20000000000005
2024-02-12 18:45:00,485.79999999999995
2024-02-12 19:00:00,484.6
2024-02-12 19:15:00,498.79999999999995
2024-02-12 19:30:00,492.2
2024-02-12 19:45:00,488.20000000000005
2024-02-12 20:00:00,495.0
2024-02-12 20:15:00,481.2
2024-02-12 20:30:00,501.19999999999993
2024-02-12 20:45:00,486.20000000000005
2024-02-12 21:00:00,493.59999999999997
2024-02-12 21:15:00,498.79999999999995
2024-02-12 21:30:00,496.00000000000006
2024-02-12 21:45:00,497.4
2024-02-12 22:00:00,484.2
2024-02-12 22:15:00,489.4
2024-02-12 22:30:00,480.0
2024-02-12 22:45:00,491.8
2024-02-12 23:00:00,474.20000000000005
2024-02-12 23:15:00,675.8000000000001
2024-02-12 23:30:00,665.8
2024-02-12 23:45:00,526.4
2024-02-13 00:00:00,453.2
2024-02-13 00:15:00,476.6
2024-02-13 00:30:00,439.20000000000005
2024-02-13 00:45:00,433.4
2024-02-13 01:00:00,435.4
2024-02-13 01:15:00,445.00000000000006
2024-02-13 01:30:00,437.79999999999995
2024-02-13 01:45:00,448.6
2024-02-13 02:00:00,441.6
2024-02-13 02:15:00,439.20000000000005
2024-02-13 02:30:00,448.4
2024-02-13 02:45:00,438.0
2024-02-13 03:00:00,440.0
2024-02-13 03:15:00,442.6
2024-02-13 03:30:00,439.6
2024-02-13 03:45:00,445.0
2024-02-13 04:00:00,454.2
2024-02-13 04:15:00,440.0
2024-02-13 04:30:00,444.6
2024-02-13 04:45:00,455.0
2024-02-13 05:00:00,450.40000000000003
2024-02-13 05:15:00,437.2
2024-02-13 05:30:00,472.80000000000007
2024-02-13 05:45:00,487.20000000000005
2024-02-13 06:00:00,494.20000000000005
2024-02-13 06:15:00,464.79999999999995
2024-02-13 06:30:00,453.0
2024-02-13 06:45:00,462.59999999999997
2024-02-13 07:00:00,455.6
2024-02-13 07:15:00,448.4
2024-02-13 07:30:00,443.4
2024-02-13 07:45:00,438.8
2024-02-13 08:00:00,193.9112
2024-02-13 08:15:00,183.3112
2024-02-13 08:30:00,231.31119999999999
2024-02-13 08:45:00,229.5112
2024-02-13 09:00:00,-271.79139999999995
2024-02-13 09:15:00,-249.99139999999997
2024-02-13 09:30:00,-238.59139999999996
2024-02-13 09:45:00,-246.1914
2024-02-13 10:00:00,-438.6895999999999
2024-02-13 10:15:00,-437.28959999999995
2024-02-13 10:30:00,-336.6895999999999
2024-02-13 10:45:00,-308.4896
2024-02-13 11:00:00,-567.3242
2024-02-13 11:15:00,-598.9242
2024-02-13 11:30:00,-624.9242000000002
2024-02-13 11:45:00,-631.9241999999999
2024-02-13 12:00:00,-508.16110000000003
2024-02-13 12:15:00,-463.76109999999994
2024-02-13 12:30:00,-463.56109999999995
2024-02-13 12:45:00,-500.76110000000006
2024-02-13 13:00:00,-251.95999999999992
2024-02-13 13:15:00,-276.56
2024-02-13 13:30:00,-251.15999999999997
2024-02-13 13:45:00,-194.15999999999997
2024-02-13 14:00:00,173.94009999999997
2024-02-13 14:15:00,260.3401
2024-02-13 14:30:00,247.14009999999996
2024-02-13 14:45:00,322.14009999999996
2024-02-13 15:00:00,536.925
2024-02-13 15:15:00,457.325
2024-02-13 15:30:00,464.32500000000005
2024-02-13 15:45:00,446.92500000000007
2024-02-13 16:00:00,377.4232
2024-02-13 16:15:00,376.0232
2024-02-13 16:30:00,344.6232
2024-02-13 16:45:00,349.22319999999996
2024-02-13 17:00:00,480.3437
2024-02-13 17:15:00,652.7437
2024-02-13 17:30:00,629.9437
2024-02-13 17:45:00,568.7437
2024-02-13 18:00:00,557.4000000000001
2024-02-13 18:15:00,540.4000000000001
2024-02-13 18:30:00,536.8
2024-02-13 18:45:00,539.0
2024-02-13 19:00:00,526.8
2024-02-13 19:15:00,533.4
2024-02-13 19:30:00,531.0
2024-02-13 19:45:00,590.8
2024-02-13 20:00:00,588.4
2024-02-13 20:15:00,518.2
2024-02-13 20:30:00,518.2
2024-02-13 20:45:00,507.0
2024-02-13 21:00:00,503.6
2024-02-13 21:15:00,505.0
2024-02-13 21:30:00,497.2
2024-02-13 21:45:00,494.4
2024-02-13 22:00:00,508.19999999999993
2024-02-13 22:15:00,500.0
2024-02-13 22:30:00,506.40000000000003
2024-02-13 22:45:00,487.4
2024-02-13 23:00:00,494.4
2024-02-13 23:15:00,623.4000000000001
2024-02-13 23:30:00,619.1999999999999
2024-02-13 23:45:00,553.0
2024-02-14 00:00:00,486.8
2024-02-14 00:15:00,480.2
2024-02-14 00:30:00,471.8
2024-02-14 00:45:00,467.0
2024-02-14 01:00:00,451.2
2024-02-14 01:15:00,479.8
2024-02-14 01:30:00,428.0
2024-02-14 01:45:00,446.4
2024-02-14 02:00:00,521.2
2024-02-14 02:15:00,511.79999999999995
2024-02-14 02:30:00,484.2
2024-02-14 02:45:00,439.4
2024-02-14 03:00:00,441.2
2024-02-14 03:15:00,441.79999999999995
2024-02-14 03:30:00,449.2
2024-02-14 03:45:00,430.2
2024-02-14 04:00:00,445.4
2024-02-14 04:15:00,425.4
2024-02-14 04:30:00,425.4
2024-02-14 04:45:00,449.59999999999997
2024-02-14 05:00:00,425.4
2024-02-14 05:15:00,434.2
2024-02-14 05:30:00,461.20000000000005
2024-02-14 05:45:00,469.79999999999995
2024-02-14 06:00:00,448.4
2024-02-14 06:15:00,443.2
2024-02-14 06:30:00,433.0
2024-02-14 06:45:00,427.8
2024-02-14 07:00:00,464.7405
2024-02-14 07:15:00,485.1405
2024-02-14 07:30:00,488.34049999999996
2024-02-14 07:45:00,477.74050000000005
2024-02-14 08:00:00,294.43539999999996
2024-02-14 08:15:00,247.83540000000002
2024-02-14 08:30:00,282.43539999999996
2024-02-14 08:45:00,273.23539999999997
2024-02-14 09:00:00,111.58099999999999
2024-02-14 09:15:00,104.18099999999998
2024-02-14 09:30:00,86.18099999999997
2024-02-14 09:45:00,83.38099999999999
2024-02-14 10:00:00,139.91199999999998
2024-02-14 10:15:00,118.112
2024-02-14 10:30:00,185.31199999999995
2024-02-14 10:45:00,57.511999999999986
2024-02-14 11:00:00,-53.6759
2024-02-14 11:15:00,-74.07589999999999
2024-02-14 11:30:00,-72.4759
2024-02-14 11:45:00,-74.07589999999999
2024-02-14 12:00:00,-225.95589999999999
2024-02-14 12:15:00,-218.35590000000002
2024-02-14 12:30:00,-225.95589999999999
2024-02-14 12:45:00,-181.95589999999999
2024-02-14 13:00:00,-273.3157
2024-02-14 13:15:00,-308.71569999999997
2024-02-14 13:30:00,-335.5157
2024-02-14 13:45:00,-178.71569999999997
2024-02-14 14:00:00,3.9354000000000013
2024-02-14 14:15:00,61.735399999999984
2024-02-14 14:30:00,68.5354
2024-02-14 14:45:00,-18.0646
2024-02-14 15:00:00,180.89890000000003
2024-02-14 15:15:00,190.69889999999998
2024-02-14 15:30:00,384.8989
2024-02-14 15:45:00,374.8989
2024-02-14 16:00:00,480.56309999999996
2024-02-14 16:15:00,413.5631
2024-02-14 16:30:00,348.9631
2024-02-14 16:45:00,387.56309999999996
2024-02-14 17:00:00,549.7479
2024-02-14 17:15:00,513.7479000000001
2024-02-14 17:30:00,465.7479
2024-02-14 17:45:00,452.3479
2024-02-14 18:00:00,471.6
2024-02-14 18:15:00,463.6
2024-02-14 18:30:00,453.2
2024-02-14 18:45:00,464.00000000000006
2024-02-14 19:00:00,466.59999999999997
2024-02-14 19:15:00,472.6
2024-02-14 19:30:00,466.0
2024-02-14 19:45:00,471.40000000000003
2024-02-14 20:00:00,474.4
2024-02-14 20:15:00,532.4
2024-02-14 20:30:00,478.40000000000003
2024-02-14 20:45:00,474.40000000000003
2024-02-14 21:00:00,469.20000000000005
2024-02-14 21:15:00,463.0
2024-02-14 21:30:00,472.79999999999995
2024-02-14 21:45:00,481.0
2024-02-14 22:00:00,472.40000000000003
2024-02-14 22:15:00,485.4
2024-02-14 22:30:00,490.0
2024-02-14 22:45:00,478.59999999999997
2024-02-14 23:00:00,490.6
2024-02-14 23:15:00,509.20000000000005
2024-02-14 23:30:00,569.1999999999999
2024-02-14 23:45:00,552.2
2024-02-15 00:00:00,558.4
2024-02-15 00:15:00,485.0
2024-02-15 00:30:00,494.40000000000003
2024-02-15 00:45:00,474.0
2024-02-15 01:00:00,515.6
2024-02-15 01:15:00,474.6
2024-02-15 01:30:00,543.4
2024-02-15 01:45:00,471.40000000000003
2024-02-15 02:00:00,427.2
2024-02-15 02:15:00,420.0
2024-02-15 02:30:00,425.79999999999995
2024-02-15 02:45:00,489.40000000000003
2024-02-15 03:00:00,435.2
2024-02-15 03:15:00,433.0
2024-02-15 03:30:00,499.20000000000005
2024-02-15 03:45:00,488.40000000000003
2024-02-15 04:00:00,470.4
2024-02-15 04:15:00,455.0
2024-02-15 04:30:00,453.4
2024-02-15 04:45:00,448.8
2024-02-15 05:00:00,438.8
2024-02-15 05:15:00,478.40000000000003
2024-02-15 05:30:00,476.8
2024-02-15 05:45:00,485.6
2024-02-15 06:00:00,457.40000000000003
2024-02-15 06:15:00,455.20000000000005
2024-02-15 06:30:00,454.2
2024-02-15 06:45:00,439.4
2024-02-15 07:00:00,452.8
2024-02-15 07:15:00,451.2
2024-02-15 07:30:00,442.0
2024-02-15 07:45:00,465.0
2024-02-15 08:00:00,426.7043
2024-02-15 08:15:00,404.3043
2024-02-15 08:30:00,506.9043
2024-02-15 08:45:00,501.9043
2024-02-15 09:00:00,477.5847
2024-02-15 09:15:00,471.7847
2024-02-15 09:30:00,587.1847
2024-02-15 09:45:00,534.1847
2024-02-15 10:00:00,476.70210000000003
2024-02-15 10:15:00,460.3021
2024-02-15 10:30:00,443.70210000000003
2024-02-15 10:45:00,483.70210000000003
2024-02-15 11:00:00,415.18809999999996
2024-02-15 11:15:00,390.3881
2024-02-15 11:30:00,471.58810000000005
2024-02-15 11:45:00,479.7881
2024-02-15 12:00:00,404.8156
2024-02-15 12:15:00,406.6156000000001
2024-02-15 12:30:00,421.4156
2024-02-15 12:45:00,416.6156
2024-02-15 13:00:00,-501.74409999999995
2024-02-15 13:15:00,-465.3440999999999
2024-02-15 13:30:00,-475.54409999999996
2024-02-15 13:45:00,-486.94409999999993
2024-02-15 14:00:00,-345.25400000000013
2024-02-15 14:15:00,-261.25400000000013
2024-02-15 14:30:00,-202.45400000000012
2024-02-15 14:45:00,-244.65400000000005
2024-02-15 15:00:00,-102.38099999999997
2024-02-15 15:15:00,-80.38099999999999
2024-02-15 15:30:00,12.819000000000017
2024-02-15 15:45:00,32.81899999999999
2024-02-15 16:00:00,221.339
2024-02-15 16:15:00,181.73899999999998
2024-02-15 16:30:00,246.739
2024-02-15 16:45:00,280.339
2024-02-15 17:00:00,471.75849999999997
2024-02-15 17:15:00,456.35850000000005
2024-02-15 17:30:00,487.3585
2024-02-15 17:45:00,402.1585
2024-02-15 18:00:00,654.2
2024-02-15 18:15:00,640.2
2024-02-15 18:30:00,534.4
2024-02-15 18:45:00,526.8000000000001
2024-02-15 19:00:00,519.4000000000001
2024-02-15 19:15:00,523.4
2024-02-15 19:30:00,530.2
2024-02-15 19:45:00,523.8
2024-02-15 20:00:00,523.0
2024-02-15 20:15:00,532.0
2024-02-15 20:30:00,553.8
2024-02-15 20:45:00,554.5999999999999
2024-02-15 21:00:00,608.4
2024-02-15 21:15:00,560.0
2024-02-15 21:30:00,558.4
2024-02-15 21:45:00,552.0
2024-02-15 22:00:00,537.0
2024-02-15 22:15:00,541.8
2024-02-15 22:30:00,549.6
2024-02-15 22:45:00,531.8
2024-02-15 23:00:00,588.5999999999999
2024-02-15 23:15:00,704.8
2024-02-15 23:30:00,689.4000000000001
2024-02-15 23:45:00,608.6
2024-02-16 00:00:00,533.2
2024-02-16 00:15:00,560.6
2024-02-16 00:30:00,482.4
2024-02-16 00:45:00,478.6
2024-02-16 01:00:00,468.40000000000003
2024-02-16 01:15:00,471.0
2024-02-16 01:30:00,523.0
2024-02-16 01:45:00,527.0
2024-02-16 02:00:00,541.0
2024-02-16 02:15:00,543.0
2024-02-16 02:30:00,543.4
2024-02-16 02:45:00,526.4
2024-02-16 03:00:00,508.59999999999997
2024-02-16 03:15:00,502.8
2024-02-16 03:30:00,485.0
2024-02-16 03:45:00,478.4
2024-02-16 04:00:00,473.0
2024-02-16 04:15:00,586.4
2024-02-16 04:30:00,611.4
2024-02-16 04:45:00,700.0
2024-02-16 05:00:00,544.1999999999999
2024-02-16 05:15:00,565.6
2024-02-16 05:30:00,550.4
2024-02-16 05:45:00,549.8000000000001
2024-02-16 06:00:00,513.6
2024-02-16 06:15:00,527.0
2024-02-16 06:30:00,505.79999999999995
2024-02-16 06:45:00,479.4
2024-02-16 07:00:00,484.8
2024-02-16 07:15:00,476.40000000000003
2024-02-16 07:30:00,560.0
2024-02-16 07:45:00,520.2
2024-02-16 08:00:00,487.9128
2024-02-16 08:15:00,535.7128
2024-02-16 08:30:00,510.9128
2024-02-16 08:45:00,481.51279999999997
2024-02-16 09:00:00,474.02369999999996
2024-02-16 09:15:00,507.2237
2024-02-16 09:30:00,540.0237
2024-02-16 09:45:00,591.2237
2024-02-16 10:00:00,600.1459
2024-02-16 10:15:00,541.3459
2024-02-16 10:30:00,557.5459000000001
2024-02-16 10:45:00,549.1459
2024-02-16 11:00:00,537.8762
2024-02-16 11:15:00,491.0762
2024-02-16 11:30:00,486.6762
2024-02-16 11:45:00,491.8762
2024-02-16 12:00:00,482.9386
2024-02-16 12:15:00,473.1386
2024-02-16 12:30:00,467.9386
2024-02-16 12:45:00,467.13860000000005
2024-02-16 13:00:00,-402.2566
2024-02-16 13:15:00,-407.4565999999999
2024-02-16 13:30:00,-422.65659999999997
2024-02-16 13:45:00,-415.85659999999996
2024-02-16 14:00:00,-234.08020000000005
2024-02-16 14:15:00,-253.48020000000002
2024-02-16 14:30:00,-217.48020000000008
2024-02-16 14:45:00,-248.08020000000005
2024-02-16 15:00:00,-44.54779999999997
2024-02-16 15:15:00,-56.34779999999999
2024-02-16 15:30:00,9.652200000000022
2024-02-16 15:45:00,134.8522
2024-02-16 16:00:00,387.78049999999996
2024-02-16 16:15:00,305.3805
2024-02-16 16:30:00,231.1805
2024-02-16 16:45:00,336.1805
2024-02-16 17:00:00,541.1299
2024-02-16 17:15:00,628.5299
2024-02-16 17:30:00,439.32990000000007
2024-02-16 17:45:00,471.1299
2024-02-16 18:00:00,620.6
2024-02-16 18:15:00,632.0
2024-02-16 18:30:00,564.4
2024-02-16 18:45:00,580.2
2024-02-16 19:00:00,549.0
2024-02-16 19:15:00,540.2
2024-02-16 19:30:00,541.2
2024-02-16 19:45:00,514.8
2024-02-16 20:00:00,531.4
2024-02-16 20:15:00,537.6
2024-02-16 20:30:00,533.5999999999999
2024-02-16 20:45:00,535.6
2024-02-16 21:00:00,537.5999999999999
2024-02-16 21:15:00,605.0
2024-02-16 21:30:00,609.4
2024-02-16 21:45:00,554.8000000000001
2024-02-16 22:00:00,540.8
2024-02-16 22:15:00,601.8
2024-02-16 22:30:00,568.2
2024-02-16 22:45:00,542.4
2024-02-16 23:00:00,618.0
2024-02-16 23:15:00,677.1999999999999
2024-02-16 23:30:00,701.1999999999999
2024-02-16 23:45:00,662.0
2024-02-17 00:00:00,569.8
2024-02-17 00:15:00,516.4
2024-02-17 00:30:00,490.0
2024-02-17 00:45:00,462.79999999999995
2024-02-17 01:00:00,493.0
2024-02-17 01:15:00,536.1999999999999
2024-02-17 01:30:00,623.4
2024-02-17 01:45:00,573.6
2024-02-17 02:00:00,505.8
2024-02-17 02:15:00,511.00000000000006
2024-02-17 02:30:00,513.6
2024-02-17 02:45:00,512.2
2024-02-17 03:00:00,508.2
2024-02-17 03:15:00,555.0
2024-02-17 03:30:00,509.0
2024-02-17 03:45:00,497.6
2024-02-17 04:00:00,492.79999999999995
2024-02-17 04:15:00,491.8
2024-02-17 04:30:00,532.2
2024-02-17 04:45:00,527.6
2024-02-17 05:00:00,500.20000000000005
2024-02-17 05:15:00,483.4
2024-02-17 05:30:00,464.40000000000003
2024-02-17 05:45:00,476.4
2024-02-17 06:00:00,478.0
2024-02-17 06:15:00,547.2
2024-02-17 06:30:00,530.6
2024-02-17 06:45:00,513.0
2024-02-17 07:00:00,510.4
2024-02-17 07:15:00,492.6
2024-02-17 07:30:00,492.20000000000005
2024-02-17 07:45:00,494.20000000000005
2024-02-17 08:00:00,491.2291
2024-02-17 08:15:00,557.6291000000001
2024-02-17 08:30:00,563.8290999999999
2024-02-17 08:45:00,627.8291
2024-02-17 09:00:00,613.8383
2024-02-17 09:15:00,602.2383
2024-02-17 09:30:00,628.8383
2024-02-17 09:45:00,660.0382999999999
2024-02-17 10:00:00,691.6849
2024-02-17 10:15:00,715.6849
2024-02-17 10:30:00,650.2849
2024-02-17 10:45:00,582.8849
2024-02-17 11:00:00,527.4263000000001
2024-02-17 11:15:00,503.4263000000001
2024-02-17 11:30:00,439.62630000000007
2024-02-17 11:45:00,459.2263
2024-02-17 12:00:00,389.6436
2024-02-17 12:15:00,357.84360000000004
2024-02-17 12:30:00,402.8435999999999
2024-02-17 12:45:00,369.4436
2024-02-17 13:00:00,383.4059
2024-02-17 13:15:00,380.0059
2024-02-17 13:30:00,329.6059
2024-02-17 13:45:00,298.20590000000004
2024-02-17 14:00:00,353.07539999999995
2024-02-17 14:15:00,330.67539999999997
2024-02-17 14:30:00,351.2754
2024-02-17 14:45:00,398.6754
2024-02-17 15:00:00,429.56320000000005
2024-02-17 15:15:00,441.56320000000005
2024-02-17 15:30:00,556.9632
2024-02-17 15:45:00,535.9631999999999
2024-02-17 16:00:00,551.2447000000001
2024-02-17 16:15:00,582.6447000000001
2024-02-17 16:30:00,577.6447000000001
2024-02-17 16:45:00,549.0447
2024-02-17 17:00:00,702.5336
2024-02-17 17:15:00,655.5336
2024-02-17 17:30:00,560.3336
2024-02-17 17:45:00,586.3335999999999
2024-02-17 18:00:00,648.4
2024-02-17 18:15:00,582.6
2024-02-17 18:30:00,564.1999999999999
2024-02-17 18:45:00,612.0
2024-02-17 19:00:00,590.4
2024-02-17 19:15:00,637.2
2024-02-17 19:30:00,578.1999999999999
2024-02-17 19:45:00,559.0
2024-02-17 20:00:00,562.2
2024-02-17 20:15:00,551.2
2024-02-17 20:30:00,555.8
2024-02-17 20:45:00,607.6
2024-02-17 21:00:00,541.6
2024-02-17 21:15:00,531.5999999999999
2024-02-17 21:30:00,532.2
2024-02-17 21:45:00,516.4
2024-02-17 22:00:00,502.20000000000005
2024-02-17 22:15:00,509.40000000000003
2024-02-17 22:30:00,594.4
2024-02-17 22:45:00,560.8
2024-02-17 23:00:00,552.2
2024-02-17 23:15:00,771.5999999999999
2024-02-17 23:30:00,955.1999999999999
2024-02-17 23:45:00,880.4000000000001
2024-02-18 00:00:00,786.2
2024-02-18 00:15:00,508.4
2024-02-18 00:30:00,449.6
2024-02-18 00:45:00,456.4
2024-02-18 01:00:00,452.6
2024-02-18 01:15:00,483.4
2024-02-18 01:30:00,495.59999999999997
2024-02-18 01:45:00,458.20000000000005
2024-02-18 02:00:00,457.2
2024-02-18 02:15:00,454.0
2024-02-18 02:30:00,523.2
2024-02-18 02:45:00,447.2
2024-02-18 03:00:00,455.2
2024-02-18 03:15:00,509.6
2024-02-18 03:30:00,460.0
2024-02-18 03:45:00,458.4
2024-02-18 04:00:00,456.79999999999995
2024-02-18 04:15:00,446.8
2024-02-18 04:30:00,456.6
2024-02-18 04:45:00,453.59999999999997
2024-02-18 05:00:00,496.4
2024-02-18 05:15:00,565.8
2024-02-18 05:30:00,530.4
2024-02-18 05:45:00,569.0
2024-02-18 06:00:00,578.8
2024-02-18 06:15:00,658.0
2024-02-18 06:30:00,697.5999999999999
2024-02-18 06:45:00,653.4
2024-02-18 07:00:00,757.0
2024-02-18 07:15:00,633.0
2024-02-18 07:30:00,735.4000000000001
2024-02-18 07:45:00,698.4
2024-02-18 08:00:00,712.5233000000001
2024-02-18 08:15:00,729.1233
2024-02-18 08:30:00,859.5233000000001
2024-02-18 08:45:00,933.7233000000001
2024-02-18 09:00:00,1000.6476
2024-02-18 09:15:00,1218.0476
2024-02-18 09:30:00,1270.6476
2024-02-18 09:45:00,1329.8476
2024-02-18 10:00:00,1309.9025000000001
2024-02-18 10:15:00,1106.7025
2024-02-18 10:30:00,1063.1025
2024-02-18 10:45:00,1043.1025
2024-02-18 11:00:00,959.1576
2024-02-18 11:15:00,919.9576
2024-02-18 11:30:00,881.5576
2024-02-18 11:45:00,906.5576
2024-02-18 12:00:00,869.0269000000001
2024-02-18 12:15:00,836.6269
2024-02-18 12:30:00,748.2269000000001
2024-02-18 12:45:00,701.6269
2024-02-18 13:00:00,698.2843
2024-02-18 13:15:00,626.2843
2024-02-18 13:30:00,679.8843
2024-02-18 13:45:00,673.0843
2024-02-18 14:00:00,778.6213
2024-02-18 14:15:00,802.2213
2024-02-18 14:30:00,862.2213
2024-02-18 14:45:00,841.8213000000001
2024-02-18 15:00:00,944.9142
2024-02-18 15:15:00,963.5142000000001
2024-02-18 15:30:00,862.9141999999999
2024-02-18 15:45:00,908.7142000000001
2024-02-18 16:00:00,991.927
2024-02-18 16:15:00,938.1270000000001
2024-02-18 16:30:00,1076.927
2024-02-18 16:45:00,1105.9270000000001
2024-02-18 17:00:00,1107.9011
2024-02-18 17:15:00,962.1011
2024-02-18 17:30:00,868.9011
2024-02-18 17:45:00,937.3011
2024-02-18 18:00:00,870.8
2024-02-18 18:15:00,802.8
2024-02-18 18:30:00,758.0
2024-02-18 18:45:00,704.5999999999999
2024-02-18 19:00:00,701.4
2024-02-18 19:15:00,673.1999999999999
2024-02-18 19:30:00,665.2
2024-02-18 19:45:00,638.4
2024-02-18 20:00:00,696.6
2024-02-18 20:15:00,647.0
2024-02-18 20:30:00,627.0
2024-02-18 20:45:00,579.6
2024-02-18 21:00:00,596.4
2024-02-18 21:15:00,590.0
2024-02-18 21:30:00,605.2
2024-02-18 21:45:00,595.4
2024-02-18 22:00:00,544.4
2024-02-18 22:15:00,573.8
2024-02-18 22:30:00,549.8000000000001
2024-02-18 22:45:00,540.4
2024-02-18 23:00:00,616.4
2024-02-18 23:15:00,586.0
2024-02-18 23:30:00,591.8
2024-02-18 23:45:00,544.8
2024-02-19 00:00:00,496.79999999999995
2024-02-19 00:15:00,582.5999999999999
2024-02-19 00:30:00,539.6
2024-02-19 00:45:00,516.4
2024-02-19 01:00:00,446.8
2024-02-19 01:15:00,484.4
2024-02-19 01:30:00,501.8
2024-02-19 01:45:00,507.0
2024-02-19 02:00:00,588.0
2024-02-19 02:15:00,469.4
2024-02-19 02:30:00,523.0
2024-02-19 02:45:00,482.40000000000003
2024-02-19 03:00:00,495.8
2024-02-19 03:15:00,481.20000000000005
2024-02-19 03:30:00,483.0
2024-02-19 03:45:00,539.8
2024-02-19 04:00:00,537.0
2024-02-19 04:15:00,497.59999999999997
2024-02-19 04:30:00,452.4
2024-02-19 04:45:00,445.2
2024-02-19 05:00:00,463.79999999999995
2024-02-19 05:15:00,449.99999999999994
2024-02-19 05:30:00,456.0
2024-02-19 05:45:00,451.0
2024-02-19 06:00:00,472.6
2024-02-19 06:15:00,470.20000000000005
2024-02-19 06:30:00,627.6
2024-02-19 06:45:00,673.0
2024-02-19 07:00:00,714.8921
2024-02-19 07:15:00,692.2921
2024-02-19 07:30:00,675.0921
2024-02-19 07:45:00,662.8921
2024-02-19 08:00:00,406.7298
2024-02-19 08:15:00,461.92980000000006
2024-02-19 08:30:00,538.9298000000001
2024-02-19 08:45:00,606.7298
2024-02-19 09:00:00,353.6855999999999
2024-02-19 09:15:00,455.48560000000003
2024-02-19 09:30:00,471.28559999999993
2024-02-19 09:45:00,423.8856
2024-02-19 10:00:00,218.59880000000013
2024-02-19 10:15:00,253.79880000000009
2024-02-19 10:30:00,317.7988000000001
2024-02-19 10:45:00,282.5988000000001
2024-02-19 11:00:00,43.81720000000004
2024-02-19 11:15:00,73.61720000000008
2024-02-19 11:30:00,48.01720000000006
2024-02-19 11:45:00,31.21720000000002
2024-02-19 12:00:00,-77.2364
2024-02-19 12:15:00,-90.03640000000007
2024-02-19 12:30:00,-129.03639999999996
2024-02-19 12:45:00,-260.0364
2024-02-19 13:00:00,-145.36839999999998
2024-02-19 13:15:00,-180.56840000000003
2024-02-19 13:30:00,-190.5684
2024-02-19 13:45:00,-135.5684
2024-02-19 14:00:00,27.131399999999985
2024-02-19 14:15:00,204.73139999999998
2024-02-19 14:30:00,296.1314
2024-02-19 14:45:00,217.5314
2024-02-19 15:00:00,402.5028000000001
2024-02-19 15:15:00,485.70279999999997
2024-02-19 15:30:00,621.7028
2024-02-19 15:45:00,491.3028000000001
2024-02-19 16:00:00,887.0975999999999
2024-02-19 16:15:00,789.0976
2024-02-19 16:30:00,830.6976
2024-02-19 16:45:00,961.4976000000001
2024-02-19 17:00:00,1238.4572
2024-02-19 17:15:00,1043.6572
2024-02-19 17:30:00,934.8571999999999
2024-02-19 17:45:00,1076.6572
2024-02-19 18:00:00,1188.2
2024-02-19 18:15:00,1057.0
2024-02-19 18:30:00,986.0
2024-02-19 18:45:00,845.4
2024-02-19 19:00:00,794.0
2024-02-19 19:15:00,802.0
2024-02-19 19:30:00,856.8
2024-02-19 19:45:00,851.2
2024-02-19 20:00:00,757.2
2024-02-19 20:15:00,759.8
2024-02-19 20:30:00,774.4000000000001
2024-02-19 20:45:00,759.0
2024-02-19 21:00:00,745.1999999999999
2024-02-19 21:15:00,704.2
2024-02-19 21:30:00,679.8
2024-02-19 21:45:00,719.2
2024-02-19 22:00:00,649.4
2024-02-19 22:15:00,642.8
2024-02-19 22:30:00,661.4
2024-02-19 22:45:00,624.0
2024-02-19 23:00:00,750.4000000000001
2024-02-19 23:15:00,982.8
2024-02-19 23:30:00,941.2
2024-02-19 23:45:00,770.4
2024-02-20 00:00:00,644.0
2024-02-20 00:15:00,573.4
2024-02-20 00:30:00,621.8
2024-02-20 00:45:00,574.4
2024-02-20 01:00:00,602.6
2024-02-20 01:15:00,566.8
2024-02-20 01:30:00,665.0
2024-02-20 01:45:00,588.5999999999999
2024-02-20 02:00:00,535.2
2024-02-20 02:15:00,515.0
2024-02-20 02:30:00,621.4
2024-02-20 02:45:00,596.6
2024-02-20 03:00:00,576.8
2024-02-20 03:15:00,560.2
2024-02-20 03:30:00,548.8
2024-02-20 03:45:00,512.0
2024-02-20 04:00:00,535.8
2024-02-20 04:15:00,540.0
2024-02-20 04:30:00,526.0
2024-02-20 04:45:00,589.5999999999999
2024-02-20 05:00:00,521.4
2024-02-20 05:15:00,513.4
2024-02-20 05:30:00,549.0
2024-02-20 05:45:00,546.2
2024-02-20 06:00:00,588.4
2024-02-20 06:15:00,604.0
2024-02-20 06:30:00,842.1999999999999
2024-02-20 06:45:00,903.2
2024-02-20 07:00:00,817.94
2024-02-20 07:15:00,750.54
2024-02-20 07:30:00,770.74
2024-02-20 07:45:00,751.14
2024-02-20 08:00:00,363.9517
2024-02-20 08:15:00,411.15170000000006
2024-02-20 08:30:00,771.5517
2024-02-20 08:45:00,1062.9517
2024-02-20 09:00:00,694.7963
2024-02-20 09:15:00,879.3963000000001
2024-02-20 09:30:00,898.1963000000001
2024-02-20 09:45:00,965.7963
2024-02-20 10:00:00,698.2278000000001
2024-02-20 10:15:00,745.2278
2024-02-20 10:30:00,843.2278000000001
2024-02-20 10:45:00,794.4278
2024-02-20 11:00:00,611.7643
2024-02-20 11:15:00,528.9643000000001
2024-02-20 11:30:00,539.3643
2024-02-20 11:45:00,593.9643000000001
2024-02-20 12:00:00,461.89650000000006
2024-02-20 12:15:00,448.6965000000001
2024-02-20 12:30:00,359.29650000000004
2024-02-20 12:45:00,333.4965000000001
2024-02-20 13:00:00,360.8722999999999
2024-02-20 13:15:00,349.8723
2024-02-20 13:30:00,338.87230000000005
2024-02-20 13:45:00,437.0722999999999
2024-02-20 14:00:00,628.6155000000001
2024-02-20 14:15:00,760.4155000000001
2024-02-20 14:30:00,837.6155
2024-02-20 14:45:00,929.4155000000001
2024-02-20 15:00:00,1191.2053
2024-02-20 15:15:00,1140.6053
2024-02-20 15:30:00,1192.6053
2024-02-20 15:45:00,1291.6053
2024-02-20 16:00:00,1708.1835999999998
2024-02-20 16:15:00,1563.5836
2024-02-20 16:30:00,1607.3836000000001
2024-02-20 16:45:00,1701.1836
2024-02-20 17:00:00,1981.3433
2024-02-20 17:15:00,1917.1433
2024-02-20 17:30:00,1814.1433
2024-02-20 17:45:00,1749.9433
2024-02-20 18:00:00,1804.6
2024-02-20 18:15:00,1590.8000000000002
2024-02-20 18:30:00,1458.0000000000002
2024-02-20 18:45:00,1377.6000000000001
2024-02-20 19:00:00,1230.2
2024-02-20 19:15:00,1224.4
2024-02-20 19:30:00,1224.2
2024-02-20 19:45:00,1148.4
2024-02-20 20:00:00,1110.8
2024-02-20 20:15:00,1135.2
2024-02-20 20:30:00,1124.8
2024-02-20 20:45:00,1045.2
2024-02-20 21:00:00,981.0
2024-02-20 21:15:00,981.4
2024-02-20 21:30:00,930.8
2024-02-20 21:45:00,918.4
2024-02-20 22:00:00,953.8
2024-02-20 22:15:00,938.8000000000001
2024-02-20 22:30:00,799.6
2024-02-20 22:45:00,803.6
2024-02-20 23:00:00,804.6
2024-02-20 23:15:00,1251.2
2024-02-20 23:30:00,1263.6
2024-02-20 23:45:00,1282.2
2024-02-21 00:00:00,1100.8
2024-02-21 00:15:00,927.1999999999999
2024-02-21 00:30:00,822.8
2024-02-21 00:45:00,679.8000000000001
2024-02-21 01:00:00,743.0
2024-02-21 01:15:00,770.8
2024-02-21 01:30:00,724.4
2024-02-21 01:45:00,740.6
2024-02-21 02:00:00,687.0000000000001
2024-02-21 02:15:00,605.4000000000001
2024-02-21 02:30:00,616.2
2024-02-21 02:45:00,629.4
2024-02-21 03:00:00,598.2
2024-02-21 03:15:00,590.0
2024-02-21 03:30:00,594.0
2024-02-21 03:45:00,615.4
2024-02-21 04:00:00,617.0
2024-02-21 04:15:00,613.1999999999999
2024-02-21 04:30:00,607.4000000000001
2024-02-21 04:45:00,605.5999999999999
2024-02-21 05:00:00,588.4
2024-02-21 05:15:00,606.0
2024-02-21 05:30:00,601.2
2024-02-21 05:45:00,653.0
2024-02-21 06:00:00,744.4
2024-02-21 06:15:00,783.8
2024-02-21 06:30:00,960.6
2024-02-21 06:45:00,929.8
2024-02-21 07:00:00,913.897
2024-02-21 07:15:00,898.097
2024-02-21 07:30:00,923.697
2024-02-21 07:45:00,960.497
2024-02-21 08:00:00,785.0989
2024-02-21 08:15:00,1018.6989
2024-02-21 08:30:00,1410.2989000000002
2024-02-21 08:45:00,1669.6989
2024-02-21 09:00:00,1707.9913999999999
2024-02-21 09:15:00,1911.5913999999998
2024-02-21 09:30:00,1911.1914
2024-02-21 09:45:00,2048.9914
2024-02-21 10:00:00,1987.9612000000002
2024-02-21 10:15:00,2121.5612
2024-02-21 10:30:00,2318.3612000000003
2024-02-21 10:45:00,2273.3612
2024-02-21 11:00:00,2009.362
2024-02-21 11:15:00,1937.362
2024-02-21 11:30:00,1921.362
2024-02-21 11:45:00,1870.9620000000002
2024-02-21 12:00:00,1710.6042000000002
2024-02-21 12:15:00,1681.2041999999997
2024-02-21 12:30:00,1577.8041999999998
2024-02-21 12:45:00,1400.0041999999999
2024-02-21 13:00:00,1450.1513
2024-02-21 13:15:00,1584.1513000000002
2024-02-21 13:30:00,1566.9513000000002
2024-02-21 13:45:00,1728.9513000000002
2024-02-21 14:00:00,1877.6435000000001
2024-02-21 14:15:00,1972.2434999999998
2024-02-21 14:30:00,2270.2434999999996
2024-02-21 14:45:00,2120.0434999999998
2024-02-21 15:00:00,2489.5314
2024-02-21 15:15:00,2346.7313999999997
2024-02-21 15:30:00,2459.1314
2024-02-21 15:45:00,2476.1314
2024-02-21 16:00:00,2763.7966
2024-02-21 16:15:00,2848.9966
2024-02-21 16:30:00,2891.7965999999997
2024-02-21 16:45:00,2931.9965999999995
2024-02-21 17:00:00,3123.9197
2024-02-21 17:15:00,2921.9197000000004
2024-02-21 17:30:00,2719.5197
2024-02-21 17:45:00,2642.9197
2024-02-21 18:00:00,2543.2
2024-02-21 18:15:00,2291.8
2024-02-21 18:30:00,2237.0
2024-02-21 18:45:00,1898.2
2024-02-21 19:00:00,1804.3999999999999
2024-02-21 19:15:00,1787.6
2024-02-21 19:30:00,1672.7999999999997
2024-02-21 19:45:00,1663.0
2024-02-21 20:00:00,1544.2
2024-02-21 20:15:00,1539.1999999999998
2024-02-21 20:30:00,1446.4
2024-02-21 20:45:00,1381.4
2024-02-21 21:00:00,1389.4
2024-02-21 21:15:00,1367.4
2024-02-21 21:30:00,1208.8
2024-02-21 21:45:00,1147.2
2024-02-21 22:00:00,1079.2
2024-02-21 22:15:00,997.0
2024-02-21 22:30:00,965.6
2024-02-21 22:45:00,924.4
2024-02-21 23:00:00,1061.4
2024-02-21 23:15:00,1403.1999999999998
2024-02-21 23:30:00,1291.4
2024-02-21 23:45:00,1270.2
2024-02-22 00:00:00,1239.0
2024-02-22 00:15:00,1175.2
2024-02-22 00:30:00,976.2
2024-02-22 00:45:00,826.0
2024-02-22 01:00:00,772.6
2024-02-22 01:15:00,719.8
2024-02-22 01:30:00,710.8
2024-02-22 01:45:00,804.4
2024-02-22 02:00:00,742.4000000000001
2024-02-22 02:15:00,796.1999999999999
2024-02-22 02:30:00,789.4
2024-02-22 02:45:00,714.1999999999999
2024-02-22 03:00:00,713.5999999999999
2024-02-22 03:15:00,702.8
2024-02-22 03:30:00,706.6
2024-02-22 03:45:00,725.4
2024-02-22 04:00:00,746.8
2024-02-22 04:15:00,755.0
2024-02-22 04:30:00,765.4
2024-02-22 04:45:00,803.4
2024-02-22 05:00:00,749.4000000000001
2024-02-22 05:15:00,760.4
2024-02-22 05:30:00,749.5999999999999
2024-02-22 05:45:00,772.0
2024-02-22 06:00:00,890.4000000000001
2024-02-22 06:15:00,927.4000000000001
2024-02-22 06:30:00,1035.8
2024-02-22 06:45:00,1127.4
2024-02-22 07:00:00,1081.8557999999998
2024-02-22 07:15:00,1068.6558
2024-02-22 07:30:00,1099.4558
2024-02-22 07:45:00,1167.4558
2024-02-22 08:00:00,1246.5628
2024-02-22 08:15:00,1578.7628
2024-02-22 08:30:00,1955.5628000000002
2024-02-22 08:45:00,2462.9628
2024-02-22 09:00:00,2842.4111999999996
2024-02-22 09:15:00,2892.4111999999996
2024-02-22 09:30:00,3203.8112
2024-02-22 09:45:00,3216.0112
2024-02-22 10:00:00,3226.7177
2024-02-22 10:15:00,3241.5177000000003
2024-02-22 10:30:00,3278.7177
2024-02-22 10:45:00,3365.9177
2024-02-22 11:00:00,3297.2185
2024-02-22 11:15:00,3221.8185
2024-02-22 11:30:00,3245.4185
2024-02-22 11:45:00,3166.2185
2024-02-22 12:00:00,2733.1638000000003
2024-02-22 12:15:00,2803.5638
2024-02-22 12:30:00,2786.7637999999997
2024-02-22 12:45:00,2719.1638000000003
2024-02-22 13:00:00,2603.9759
2024-02-22 13:15:00,2615.7758999999996
2024-02-22 13:30:00,2621.1759
2024-02-22 13:45:00,2508.1759
2024-02-22 14:00:00,2813.4545
2024-02-22 14:15:00,3100.0545
2024-02-22 14:30:00,3108.0545
2024-02-22 14:45:00,3105.0545
2024-02-22 15:00:00,3285.1092
2024-02-22 15:15:00,3297.5092000000004
2024-02-22 15:30:00,3268.9092
2024-02-22 15:45:00,3477.1092
2024-02-22 16:00:00,3425.2677000000003
2024-02-22 16:15:00,3367.0677000000005
2024-02-22 16:30:00,3387.6677000000004
2024-02-22 16:45:00,3272.4677
2024-02-22 17:00:00,3401.8474
2024-02-22 17:15:00,3199.2474
2024-02-22 17:30:00,3148.4474
2024-02-22 17:45:00,2924.4474
2024-02-22 18:00:00,2687.2
2024-02-22 18:15:00,2605.2
2024-02-22 18:30:00,2610.6
2024-02-22 18:45:00,2240.8
2024-02-22 19:00:00,2050.3999999999996
2024-02-22 19:15:00,2059.4
2024-02-22 19:30:00,1979.2
2024-02-22 19:45:00,1959.2
2024-02-22 20:00:00,1849.2
2024-02-22 20:15:00,1874.6
2024-02-22 20:30:00,1800.8000000000002
2024-02-22 20:45:00,1656.0000000000002
2024-02-22 21:00:00,1534.0
2024-02-22 21:15:00,1494.1999999999998
2024-02-22 21:30:00,1531.8
2024-02-22 21:45:00,1439.8000000000002
2024-02-22 22:00:00,1371.0
2024-02-22 22:15:00,1300.4
2024-02-22 22:30:00,1230.8
2024-02-22 22:45:00,1188.6
2024-02-22 23:00:00,1139.6
2024-02-22 23:15:00,1467.9999999999998
2024-02-22 23:30:00,1432.0
2024-02-22 23:45:00,1351.4
2024-02-23 00:00:00,1242.4
2024-02-23 00:15:00,1301.8
2024-02-23 00:30:00,1238.0
2024-02-23 00:45:00,1057.2
2024-02-23 01:00:00,1050.2
2024-02-23 01:15:00,1042.4
2024-02-23 01:30:00,974.4000000000001
2024-02-23 01:45:00,850.8
2024-02-23 02:00:00,831.4000000000001
2024-02-23 02:15:00,828.0
2024-02-23 02:30:00,871.2
2024-02-23 02:45:00,884.6
2024-02-23 03:00:00,888.0
2024-02-23 03:15:00,884.6
2024-02-23 03:30:00,894.6
2024-02-23 03:45:00,935.2
2024-02-23 04:00:00,946.9999999999999
2024-02-23 04:15:00,881.6
2024-02-23 04:30:00,845.2
2024-02-23 04:45:00,900.0
2024-02-23 05:00:00,871.8
2024-02-23 05:15:00,889.8
2024-02-23 05:30:00,933.5999999999999
2024-02-23 05:45:00,872.8
2024-02-23 06:00:00,902.6
2024-02-23 06:15:00,949.0
2024-02-23 06:30:00,1111.8000000000002
2024-02-23 06:45:00,1087.4
2024-02-23 07:00:00,1201.2115
2024-02-23 07:15:00,1297.4115
2024-02-23 07:30:00,1325.8115
2024-02-23 07:45:00,1283.6115
2024-02-23 08:00:00,1273.2929
2024-02-23 08:15:00,1534.4929000000002
2024-02-23 08:30:00,1985.4928999999997
2024-02-23 08:45:00,2595.0928999999996
2024-02-23 09:00:00,2777.9675
2024-02-23 09:15:00,2976.7675
2024-02-23 09:30:00,3160.5675
2024-02-23 09:45:00,3441.3675
2024-02-23 10:00:00,3445.6893
2024-02-23 10:15:00,3572.8893000000003
2024-02-23 10:30:00,3679.6893
2024-02-23 10:45:00,3557.0893
2024-02-23 11:00:00,3393.7185
2024-02-23 11:15:00,3568.5185
2024-02-23 11:30:00,3549.1185000000005
2024-02-23 11:45:00,3427.1185
2024-02-23 12:00:00,3432.5382
2024-02-23 12:15:00,3262.1382
2024-02-23 12:30:00,3262.3382
2024-02-23 12:45:00,3062.7382
2024-02-23 13:00:00,3071.6992
2024-02-23 13:15:00,3114.2992
2024-02-23 13:30:00,3152.4992
2024-02-23 13:45:00,3051.8992
2024-02-23 14:00:00,3168.5052
2024-02-23 14:15:00,3344.9052
2024-02-23 14:30:00,3472.3052
2024-02-23 14:45:00,3406.9051999999997
2024-02-23 15:00:00,3338.5904
2024-02-23 15:15:00,3440.3903999999998
2024-02-23 15:30:00,3443.1904000000004
2024-02-23 15:45:00,3519.5904
2024-02-23 16:00:00,3625.4764999999998
2024-02-23 16:15:00,3528.0765
2024-02-23 16:30:00,3486.0765
2024-02-23 16:45:00,3380.6765
2024-02-23 17:00:00,3388.2333999999996
2024-02-23 17:15:00,3468.2334
2024-02-23 17:30:00,3364.4334
2024-02-23 17:45:00,2909.2334
2024-02-23 18:00:00,2607.8
2024-02-23 18:15:00,2367.8
2024-02-23 18:30:00,2172.6
2024-02-23 18:45:00,1937.0
2024-02-23 19:00:00,1826.6
2024-02-23 19:15:00,1722.6
2024-02-23 19:30:00,1646.6000000000001
2024-02-23 19:45:00,1641.0000000000002
2024-02-23 20:00:00,1549.2
2024-02-23 20:15:00,1511.1999999999998
2024-02-23 20:30:00,1477.1999999999998
2024-02-23 20:45:00,1364.6
2024-02-23 21:00:00,1454.1999999999998
2024-02-23 21:15:00,1366.6000000000001
2024-02-23 21:30:00,1252.2
2024-02-23 21:45:00,1248.6
2024-02-23 22:00:00,1116.4
2024-02-23 22:15:00,1060.0
2024-02-23 22:30:00,991.8
2024-02-23 22:45:00,1050.2
2024-02-23 23:00:00,1122.6
2024-02-23 23:15:00,1324.4
2024-02-23 23:30:00,1308.0
2024-02-23 23:45:00,1220.0
2024-02-24 00:00:00,1241.6
2024-02-24 00:15:00,1192.6000000000001
2024-02-24 00:30:00,1045.6
2024-02-24 00:45:00,937.8
2024-02-24 01:00:00,906.0000000000001
2024-02-24 01:15:00,931.4
2024-02-24 01:30:00,840.3999999999999
2024-02-24 01:45:00,744.4000000000001
2024-02-24 02:00:00,748.0
2024-02-24 02:15:00,731.0
2024-02-24 02:30:00,733.2
2024-02-24 02:45:00,736.0
2024-02-24 03:00:00,746.2
2024-02-24 03:15:00,747.8000000000001
2024-02-24 03:30:00,811.2
2024-02-24 03:45:00,783.0000000000001
2024-02-24 04:00:00,756.1999999999999
2024-02-24 04:15:00,754.2
2024-02-24 04:30:00,844.8
2024-02-24 04:45:00,742.4
2024-02-24 05:00:00,733.2
2024-02-24 05:15:00,758.1999999999999
2024-02-24 05:30:00,854.0
2024-02-24 05:45:00,877.8
2024-02-24 06:00:00,855.2
2024-02-24 06:15:00,840.8
2024-02-24 06:30:00,727.0
2024-02-24 06:45:00,814.1999999999999
2024-02-24 07:00:00,850.024
2024-02-24 07:15:00,790.624
2024-02-24 07:30:00,809.0240000000001
2024-02-24 07:45:00,904.4240000000002
2024-02-24 08:00:00,752.8141
2024-02-24 08:15:00,695.6141
2024-02-24 08:30:00,762.0141
2024-02-24 08:45:00,927.0141000000001
2024-02-24 09:00:00,968.7305000000001
2024-02-24 09:15:00,999.3305
2024-02-24 09:30:00,1129.1305
2024-02-24 09:45:00,1148.7305000000001
2024-02-24 10:00:00,1048.4187
2024-02-24 10:15:00,1097.6187
2024-02-24 10:30:00,1178.0187
2024-02-24 10:45:00,1200.8187
2024-02-24 11:00:00,1009.4857
2024-02-24 11:15:00,1005.2856999999999
2024-02-24 11:30:00,991.6857
2024-02-24 11:45:00,1003.4857
2024-02-24 12:00:00,858.1812
2024-02-24 12:15:00,883.1812
2024-02-24 12:30:00,942.9812
2024-02-24 12:45:00,867.7811999999999
2024-02-24 13:00:00,906.0097000000001
2024-02-24 13:15:00,940.0097000000001
2024-02-24 13:30:00,985.0097000000001
2024-02-24 13:45:00,1122.8097
2024-02-24 14:00:00,1209.6286
2024-02-24 14:15:00,1227.8286
2024-02-24 14:30:00,1254.4286000000002
2024-02-24 14:45:00,1217.8285999999998
2024-02-24 15:00:00,1422.1347999999998
2024-02-24 15:15:00,1422.5348
2024-02-24 15:30:00,1381.9348
2024-02-24 15:45:00,1309.3348
2024-02-24 16:00:00,1415.5785
2024-02-24 16:15:00,1562.7785
2024-02-24 16:30:00,1543.1785
2024-02-24 16:45:00,1468.7785000000001
2024-02-24 17:00:00,1493.455
2024-02-24 17:15:00,1333.255
2024-02-24 17:30:00,1347.255
2024-02-24 17:45:00,1227.455
2024-02-24 18:00:00,1195.8000000000002
2024-02-24 18:15:00,1112.8
2024-02-24 18:30:00,1215.4
2024-02-24 18:45:00,1033.8000000000002
2024-02-24 19:00:00,1133.0
2024-02-24 19:15:00,1061.6
2024-02-24 19:30:00,1043.6
2024-02-24 19:45:00,982.6
2024-02-24 20:00:00,993.0
2024-02-24 20:15:00,997.8
2024-02-24 20:30:00,904.8000000000001
2024-02-24 20:45:00,917.5999999999999
2024-02-24 21:00:00,880.0
2024-02-24 21:15:00,874.4000000000001
2024-02-24 21:30:00,905.6
2024-02-24 21:45:00,871.0
2024-02-24 22:00:00,835.4
2024-02-24 22:15:00,803.8
2024-02-24 22:30:00,825.2
2024-02-24 22:45:00,799.4000000000001
2024-02-24 23:00:00,898.0
2024-02-24 23:15:00,1255.1999999999998
2024-02-24 23:30:00,1267.2
2024-02-24 23:45:00,1108.6
2024-02-25 00:00:00,875.5999999999999
2024-02-25 00:15:00,881.2
2024-02-25 00:30:00,1046.1999999999998
2024-02-25 00:45:00,946.4000000000001
2024-02-25 01:00:00,951.2
2024-02-25 01:15:00,966.4000000000001
2024-02-25 01:30:00,882.4
2024-02-25 01:45:00,931.4000000000001
2024-02-25 02:00:00,920.0
2024-02-25 02:15:00,839.0
2024-02-25 02:30:00,917.8000000000001
2024-02-25 02:45:00,812.5999999999999
2024-02-25 03:00:00,773.8
2024-02-25 03:15:00,690.0
2024-02-25 03:30:00,743.4000000000001
2024-02-25 03:45:00,797.4000000000001
2024-02-25 04:00:00,762.8
2024-02-25 04:15:00,735.4
2024-02-25 04:30:00,720.2
2024-02-25 04:45:00,715.0
2024-02-25 05:00:00,735.6000000000001
2024-02-25 05:15:00,723.4000000000001
2024-02-25 05:30:00,720.2
2024-02-25 05:45:00,797.4
2024-02-25 06:00:00,753.2
2024-02-25 06:15:00,719.8
2024-02-25 06:30:00,691.4
2024-02-25 06:45:00,730.0
2024-02-25 07:00:00,757.2810999999999
2024-02-25 07:15:00,693.8811000000001
2024-02-25 07:30:00,755.6811
2024-02-25 07:45:00,762.8811000000001
2024-02-25 08:00:00,676.9529
2024-02-25 08:15:00,671.3529000000001
2024-02-25 08:30:00,776.9529
2024-02-25 08:45:00,888.7529
2024-02-25 09:00:00,738.3428
2024-02-25 09:15:00,833.9428
2024-02-25 09:30:00,822.1428000000001
2024-02-25 09:45:00,868.9428
2024-02-25 10:00:00,903.8159
2024-02-25 10:15:00,994.8159
2024-02-25 10:30:00,1004.4159000000001
2024-02-25 10:45:00,897.0159000000001
2024-02-25 11:00:00,896.7723000000002
2024-02-25 11:15:00,938.7723
2024-02-25 11:30:00,859.5723
2024-02-25 11:45:00,876.1723000000001
2024-02-25 12:00:00,836.7079000000001
2024-02-25 12:15:00,776.7079
2024-02-25 12:30:00,780.9078999999999
2024-02-25 12:45:00,770.5079000000001
2024-02-25 13:00:00,874.4547
2024-02-25 13:15:00,898.8547000000001
2024-02-25 13:30:00,914.2547000000001
2024-02-25 13:45:00,1019.4547
2024-02-25 14:00:00,1054.8971000000001
2024-02-25 14:15:00,1052.2971
2024-02-25 14:30:00,1090.2971
2024-02-25 14:45:00,1112.8971000000001
2024-02-25 15:00:00,1336.0099
2024-02-25 15:15:00,1358.2099
2024-02-25 15:30:00,1402.2099
2024-02-25 15:45:00,1505.4099
2024-02-25 16:00:00,1845.1773
2024-02-25 16:15:00,1723.7773
2024-02-25 16:30:00,1602.5773
2024-02-25 16:45:00,1620.9773
2024-02-25 17:00:00,1621.6491
2024-02-25 17:15:00,1775.8491
2024-02-25 17:30:00,1621.0491000000002
2024-02-25 17:45:00,1332.2491
2024-02-25 18:00:00,1357.0
2024-02-25 18:15:00,1172.8
2024-02-25 18:30:00,1227.0
2024-02-25 18:45:00,1252.4
2024-02-25 19:00:00,1140.8000000000002
2024-02-25 19:15:00,1132.1999999999998
2024-02-25 19:30:00,1138.4
2024-02-25 19:45:00,1163.2
2024-02-25 20:00:00,1159.6
2024-02-25 20:15:00,1081.6000000000001
2024-02-25 20:30:00,1066.8
2024-02-25 20:45:00,1010.4
2024-02-25 21:00:00,970.6
2024-02-25 21:15:00,990.4
2024-02-25 21:30:00,999.0
2024-02-25 21:45:00,972.4
2024-02-25 22:00:00,910.2
2024-02-25 22:15:00,909.4
2024-02-25 22:30:00,941.1999999999999
2024-02-25 22:45:00,835.2
2024-02-25 23:00:00,820.5999999999999
2024-02-25 23:15:00,1022.2
2024-02-25 23:30:00,1141.4
2024-02-25 23:45:00,1143.2
2024-02-26 00:00:00,1094.3999999999999
2024-02-26 00:15:00,956.8000000000001
2024-02-26 00:30:00,852.4
2024-02-26 00:45:00,795.8
2024-02-26 01:00:00,754.2
2024-02-26 01:15:00,824.2
2024-02-26 01:30:00,783.2
2024-02-26 01:45:00,776.8
2024-02-26 02:00:00,862.6
2024-02-26 02:15:00,890.0
2024-02-26 02:30:00,851.8
2024-02-26 02:45:00,852.5999999999999
2024-02-26 03:00:00,826.6
2024-02-26 03:15:00,696.2
2024-02-26 03:30:00,705.8
2024-02-26 03:45:00,721.2
2024-02-26 04:00:00,705.2
2024-02-26 04:15:00,753.8
2024-02-26 04:30:00,777.0
2024-02-26 04:45:00,769.0
2024-02-26 05:00:00,782.0
2024-02-26 05:15:00,818.0
2024-02-26 05:30:00,885.5999999999999
2024-02-26 05:45:00,866.5999999999999
2024-02-26 06:00:00,820.6
2024-02-26 06:15:00,870.5999999999999
2024-02-26 06:30:00,1009.8
2024-02-26 06:45:00,1106.2
2024-02-26 07:00:00,1097.6
2024-02-26 07:15:00,996.4000000000001
2024-02-26 07:30:00,1065.2
2024-02-26 07:45:00,1122.4
2024-02-26 08:00:00,1235.3387
2024-02-26 08:15:00,1673.5386999999998
2024-02-26 08:30:00,2042.3387000000002
2024-02-26 08:45:00,2591.1386999999995
2024-02-26 09:00:00,2937.8445
2024-02-26 09:15:00,3186.0445
2024-02-26 09:30:00,3478.2445
2024-02-26 09:45:00,3482.0445
2024-02-26 10:00:00,3843.5386
2024-02-26 10:15:00,3796.7385999999997
2024-02-26 10:30:00,3817.9385999999995
2024-02-26 10:45:00,3910.1386
2024-02-26 11:00:00,3833.6728999999996
2024-02-26 11:15:00,3848.0729
2024-02-26 11:30:00,3651.4728999999998
2024-02-26 11:45:00,3787.4728999999998
2024-02-26 12:00:00,3525.9804999999997
2024-02-26 12:15:00,3404.3805
2024-02-26 12:30:00,3458.5805
2024-02-26 12:45:00,3444.9805
2024-02-26 13:00:00,3392.8626
2024-02-26 13:15:00,3359.0626
2024-02-26 13:30:00,3216.6626
2024-02-26 13:45:00,3379.2626
2024-02-26 14:00:00,3438.3472999999994
2024-02-26 14:15:00,3353.5472999999997
2024-02-26 14:30:00,3495.3473
2024-02-26 14:45:00,3496.5473
2024-02-26 15:00:00,3301.7468
2024-02-26 15:15:00,3386.7468
2024-02-26 15:30:00,3253.1468
2024-02-26 15:45:00,3264.3468
2024-02-26 16:00:00,3489.1443
2024-02-26 16:15:00,3640.5442999999996
2024-02-26 16:30:00,3673.9442999999997
2024-02-26 16:45:00,3399.5442999999996
2024-02-26 17:00:00,3324.2853999999998
2024-02-26 17:15:00,3210.2853999999998
2024-02-26 17:30:00,3140.2853999999998
2024-02-26 17:45:00,2879.2854
2024-02-26 18:00:00,2703.8
2024-02-26 18:15:00,2356.6
2024-02-26 18:30:00,2182.2
2024-02-26 18:45:00,2019.1999999999998
2024-02-26 19:00:00,1921.8
2024-02-26 19:15:00,1883.0
2024-02-26 19:30:00,1807.6000000000001
2024-02-26 19:45:00,1762.6
2024-02-26 20:00:00,1752.6
2024-02-26 20:15:00,1620.0
2024-02-26 20:30:00,1550.0
2024-02-26 20:45:00,1491.8000000000002
2024-02-26 21:00:00,1420.2
2024-02-26 21:15:00,1341.4
2024-02-26 21:30:00,1319.8
2024-02-26 21:45:00,1372.4
2024-02-26 22:00:00,1278.6
2024-02-26 22:15:00,1181.0
2024-02-26 22:30:00,1182.4
2024-02-26 22:45:00,1089.8
2024-02-26 23:00:00,1159.0
2024-02-26 23:15:00,1308.0
2024-02-26 23:30:00,1211.2
2024-02-26 23:45:00,1250.8
2024-02-27 00:00:00,1124.2
2024-02-27 00:15:00,1016.8000000000001
2024-02-27 00:30:00,958.6
2024-02-27 00:45:00,1010.0
2024-02-27 01:00:00,917.4
2024-02-27 01:15:00,899.2
2024-02-27 01:30:00,771.1999999999999
2024-02-27 01:45:00,761.8
2024-02-27 02:00:00,757.0
2024-02-27 02:15:00,759.4
2024-02-27 02:30:00,771.1999999999999
2024-02-27 02:45:00,757.9999999999999
2024-02-27 03:00:00,771.0
2024-02-27 03:15:00,825.8
2024-02-27 03:30:00,856.2
2024-02-27 03:45:00,809.6
2024-02-27 04:00:00,820.5999999999999
2024-02-27 04:15:00,802.6
2024-02-27 04:30:00,798.4
2024-02-27 04:45:00,808.8
2024-02-27 05:00:00,857.5999999999999
2024-02-27 05:15:00,843.6
2024-02-27 05:30:00,816.4
2024-02-27 05:45:00,776.8
2024-02-27 06:00:00,772.2
2024-02-27 06:15:00,847.1999999999999
2024-02-27 06:30:00,969.6000000000001
2024-02-27 06:45:00,998.6
2024-02-27 07:00:00,1007.7645
2024-02-27 07:15:00,975.1645000000001
2024-02-27 07:30:00,1029.7645
2024-02-27 07:45:00,1104.9645
2024-02-27 08:00:00,1362.1297
2024-02-27 08:15:00,1603.7296999999999
2024-02-27 08:30:00,1881.5297
2024-02-27 08:45:00,2265.9297
2024-02-27 09:00:00,2701.2562
2024-02-27 09:15:00,2982.0562
2024-02-27 09:30:00,3172.4562
2024-02-27 09:45:00,3138.2562
2024-02-27 10:00:00,3113.6895999999997
2024-02-27 10:15:00,3190.6895999999997
2024-02-27 10:30:00,3388.6895999999997
2024-02-27 10:45:00,3224.2896
2024-02-27 11:00:00,3139.8061000000002
2024-02-27 11:15:00,3033.4061
2024-02-27 11:30:00,3074.2061000000003
2024-02-27 11:45:00,3063.0061
2024-02-27 12:00:00,2786.0541000000003
2024-02-27 12:15:00,2710.8541
2024-02-27 12:30:00,2706.8541000000005
2024-02-27 12:45:00,2553.2541
2024-02-27 13:00:00,2642.3194
2024-02-27 13:15:00,2488.3194
2024-02-27 13:30:00,2458.1194
2024-02-27 13:45:00,2628.5194
2024-02-27 14:00:00,2605.1530000000002
2024-02-27 14:15:00,2588.353
2024-02-27 14:30:00,2675.353
2024-02-27 14:45:00,2664.753
2024-02-27 15:00:00,2726.0303
2024-02-27 15:15:00,2688.2303
2024-02-27 15:30:00,2562.2303
2024-02-27 15:45:00,2517.2303
2024-02-27 16:00:00,2647.0816999999997
2024-02-27 16:15:00,2698.6817
2024-02-27 16:30:00,2784.6817
2024-02-27 16:45:00,2713.8817
2024-02-27 17:00:00,2821.9340999999995
2024-02-27 17:15:00,2715.5341
2024-02-27 17:30:00,2532.5341
2024-02-27 17:45:00,2313.9341
2024-02-27 18:00:00,2211.4
2024-02-27 18:15:00,2073.0
2024-02-27 18:30:00,1884.1999999999998
2024-02-27 18:45:00,1704.0
2024-02-27 19:00:00,1601.4
2024-02-27 19:15:00,1527.2
2024-02-27 19:30:00,1454.8
2024-02-27 19:45:00,1424.7999999999997
2024-02-27 20:00:00,1434.0
2024-02-27 20:15:00,1357.0
2024-02-27 20:30:00,1271.4
2024-02-27 20:45:00,1239.4
2024-02-27 21:00:00,1183.0
2024-02-27 21:15:00,1192.0
2024-02-27 21:30:00,1128.8
2024-02-27 21:45:00,1119.4
2024-02-27 22:00:00,995.5999999999999
2024-02-27 22:15:00,941.4
2024-02-27 22:30:00,939.5999999999999
2024-02-27 22:45:00,867.2
2024-02-27 23:00:00,838.4000000000001
2024-02-27 23:15:00,1171.2
2024-02-27 23:30:00,1184.6
2024-02-27 23:45:00,1022.8000000000001
2024-02-28 00:00:00,904.8000000000001
2024-02-28 00:15:00,827.4000000000001
2024-02-28 00:30:00,789.8000000000001
2024-02-28 00:45:00,753.8
2024-02-28 01:00:00,695.2
2024-02-28 01:15:00,672.6
2024-02-28 01:30:00,701.8
2024-02-28 01:45:00,675.6
2024-02-28 02:00:00,642.4
2024-02-28 02:15:00,650.0
2024-02-28 02:30:00,620.2
2024-02-28 02:45:00,623.2
2024-02-28 03:00:00,622.4
2024-02-28 03:15:00,646.2
2024-02-28 03:30:00,612.8
2024-02-28 03:45:00,624.1999999999999
2024-02-28 04:00:00,626.0
2024-02-28 04:15:00,623.4000000000001
2024-02-28 04:30:00,627.2
2024-02-28 04:45:00,624.0
2024-02-28 05:00:00,626.5999999999999
2024-02-28 05:15:00,630.6
2024-02-28 05:30:00,657.4
2024-02-28 05:45:00,659.2
2024-02-28 06:00:00,697.4
2024-02-28 06:15:00,816.2
2024-02-28 06:30:00,977.2
2024-02-28 06:45:00,1006.1999999999999
2024-02-28 07:00:00,835.3414
2024-02-28 07:15:00,711.1414
2024-02-28 07:30:00,783.1414000000001
2024-02-28 07:45:00,859.5414000000001
2024-02-28 08:00:00,742.6281
2024-02-28 08:15:00,981.8281000000001
2024-02-28 08:30:00,1497.4281
2024-02-28 08:45:00,1788.2280999999998
2024-02-28 09:00:00,1722.8523
2024-02-28 09:15:00,2026.6522999999997
2024-02-28 09:30:00,2157.4523
2024-02-28 09:45:00,2289.6522999999997
2024-02-28 10:00:00,2167.1296
2024-02-28 10:15:00,2244.3296
2024-02-28 10:30:00,2352.7296
2024-02-28 10:45:00,2172.3296
2024-02-28 11:00:00,2009.8969000000002
2024-02-28 11:15:00,1994.6969000000001
2024-02-28 11:30:00,2046.6969
2024-02-28 11:45:00,1989.4969
2024-02-28 12:00:00,1681.1677000000002
2024-02-28 12:15:00,1642.9677000000001
2024-02-28 12:30:00,1599.7677
2024-02-28 12:45:00,1576.7677
2024-02-28 13:00:00,1669.2891000000002
2024-02-28 13:15:00,1588.8890999999999
2024-02-28 13:30:00,1675.4891000000002
2024-02-28 13:45:00,1714.4891000000002
2024-02-28 14:00:00,2168.1843
2024-02-28 14:15:00,2180.1843
2024-02-28 14:30:00,2183.1843
2024-02-28 14:45:00,2118.3842999999997
2024-02-28 15:00:00,2299.5661
2024-02-28 15:15:00,2331.9661
2024-02-28 15:30:00,2422.9661
2024-02-28 15:45:00,2368.3661
2024-02-28 16:00:00,2590.5739000000003
2024-02-28 16:15:00,2486.5739
2024-02-28 16:30:00,2512.1739
2024-02-28 16:45:00,2587.7739
2024-02-28 17:00:00,2815.4846
2024-02-28 17:15:00,2540.2846
2024-02-28 17:30:00,2389.0846
2024-02-28 17:45:00,2228.4846
2024-02-28 18:00:00,2194.0
2024-02-28 18:15:00,1964.8000000000002
2024-02-28 18:30:00,1845.6000000000001
2024-02-28 18:45:00,1768.1999999999998
2024-02-28 19:00:00,1686.8000000000002
2024-02-28 19:15:00,1599.6
2024-02-28 19:30:00,1532.6
2024-02-28 19:45:00,1474.4
2024-02-28 20:00:00,1429.6
2024-02-28 20:15:00,1384.6
2024-02-28 20:30:00,1355.8
2024-02-28 20:45:00,1309.6
2024-02-28 21:00:00,1210.6
2024-02-28 21:15:00,1167.6
2024-02-28 21:30:00,1136.2
2024-02-28 21:45:00,1067.4
2024-02-28 22:00:00,1039.6
2024-02-28 22:15:00,975.0
2024-02-28 22:30:00,947.6
2024-02-28 22:45:00,905.0000000000001
2024-02-28 23:00:00,907.6
2024-02-28 23:15:00,1175.6
2024-02-28 23:30:00,1219.8
2024-02-28 23:45:00,1094.0
2024-02-29 00:00:00,1007.4
2024-02-29 00:15:00,886.8
2024-02-29 00:30:00,712.4
2024-02-29 00:45:00,765.3999999999999
2024-02-29 01:00:00,732.0
2024-02-29 01:15:00,700.6
2024-02-29 01:30:00,749.1999999999999
2024-02-29 01:45:00,782.0000000000001
2024-02-29 02:00:00,745.6
2024-02-29 02:15:00,699.8
2024-02-29 02:30:00,749.0000000000001
2024-02-29 02:45:00,753.8
2024-02-29 03:00:00,796.1999999999999
2024-02-29 03:15:00,730.4000000000001
2024-02-29 03:30:00,718.6
2024-02-29 03:45:00,665.4
2024-02-29 04:00:00,675.0
2024-02-29 04:15:00,683.0
2024-02-29 04:30:00,676.2
2024-02-29 04:45:00,645.8
2024-02-29 05:00:00,664.6
2024-02-29 05:15:00,661.0
2024-02-29 05:30:00,653.2
2024-02-29 05:45:00,691.6
2024-02-29 06:00:00,741.2
2024-02-29 06:15:00,849.4000000000001
2024-02-29 06:30:00,911.8000000000001
2024-02-29 06:45:00,901.8
2024-02-29 07:00:00,858.6556
2024-02-29 07:15:00,849.2556
2024-02-29 07:30:00,866.0556
2024-02-29 07:45:00,931.0556
2024-02-29 08:00:00,1005.0684000000001
2024-02-29 08:15:00,1160.2684000000002
2024-02-29 08:30:00,1521.0684
2024-02-29 08:45:00,2112.2684
2024-02-29 09:00:00,2416.7895
2024-02-29 09:15:00,2608.1895
2024-02-29 09:30:00,2879.7895
2024-02-29 09:45:00,2751.7895
2024-02-29 10:00:00,2687.8201
2024-02-29 10:15:00,2723.6201
2024-02-29 10:30:00,2828.4201000000003
2024-02-29 10:45:00,2936.8201
2024-02-29 11:00:00,2813.1817
2024-02-29 11:15:00,2703.3817
2024-02-29 11:30:00,2678.7817
2024-02-29 11:45:00,2600.3817
2024-02-29 12:00:00,2421.824
2024-02-29 12:15:00,2428.024
2024-02-29 12:30:00,2355.224
2024-02-29 12:45:00,2317.0240000000003
2024-02-29 13:00:00,2313.8196
2024-02-29 13:15:00,2275.8196
2024-02-29 13:30:00,2258.6196
2024-02-29 13:45:00,2202.6196
2024-02-29 14:00:00,2208.7782
2024-02-29 14:15:00,2295.9782
2024-02-29 14:30:00,2358.5782
2024-02-29 14:45:00,2288.1782000000003
2024-02-29 15:00:00,2336.7925
2024-02-29 15:15:00,2293.9925000000003
2024-02-29 15:30:00,2199.7925
2024-02-29 15:45:00,2374.7925
2024-02-29 16:00:00,2433.5405
2024-02-29 16:15:00,2469.1405
2024-02-29 16:30:00,2473.3405
2024-02-29 16:45:00,2485.9405
2024-02-29 17:00:00,2503.2299
2024-02-29 17:15:00,2484.4299
2024-02-29 17:30:00,2243.0299
2024-02-29 17:45:00,2315.2299000000003
2024-02-29 18:00:00,2123.2
2024-02-29 18:15:00,1946.0
2024-02-29 18:30:00,1777.4
2024-02-29 18:45:00,1642.6000000000001
2024-02-29 19:00:00,1539.8
2024-02-29 19:15:00,1510.6
2024-02-29 19:30:00,1467.4
2024-02-29 19:45:00,1405.4
2024-02-29 20:00:00,1457.8000000000002
2024-02-29 20:15:00,1362.8
2024-02-29 20:30:00,1323.6
2024-02-29 20:45:00,1299.0
2024-02-29 21:00:00,1273.0
2024-02-29 21:15:00,1214.4
2024-02-29 21:30:00,1218.4
2024-02-29 21:45:00,1162.4
2024-02-29 22:00:00,1106.1999999999998
2024-02-29 22:15:00,1061.2
2024-02-29 22:30:00,969.4
2024-02-29 22:45:00,902.8
2024-02-29 23:00:00,905.8
2024-02-29 23:15:00,1150.6000000000001
2024-02-29 23:30:00,1279.8
2024-02-29 23:45:00,1109.6000000000001
2024-03-01 00:00:00,1110.1999999999998
2024-03-01 00:15:00,884.4000000000001
2024-03-01 00:30:00,760.4
2024-03-01 00:45:00,691.2
2024-03-01 01:00:00,711.6
2024-03-01 01:15:00,682.6
2024-03-01 01:30:00,694.2
2024-03-01 01:45:00,717.2
2024-03-01 02:00:00,716.8000000000001
2024-03-01 02:15:00,696.2
2024-03-01 02:30:00,671.4000000000001
2024-03-01 02:45:00,677.8
2024-03-01 03:00:00,670.4
2024-03-01 03:15:00,682.5999999999999
2024-03-01 03:30:00,705.0
2024-03-01 03:45:00,697.2
2024-03-01 04:00:00,687.8
2024-03-01 04:15:00,653.2
2024-03-01 04:30:00,663.6
2024-03-01 04:45:00,672.2
2024-03-01 05:00:00,659.2
2024-03-01 05:15:00,670.8
2024-03-01 05:30:00,723.6
2024-03-01 05:45:00,708.8000000000001
2024-03-01 06:00:00,745.0
2024-03-01 06:15:00,727.8
2024-03-01 06:30:00,869.6
2024-03-01 06:45:00,770.6
2024-03-01 07:00:00,758.4073000000001
2024-03-01 07:15:00,850.2073
2024-03-01 07:30:00,920.8072999999999
2024-03-01 07:45:00,953.2073
2024-03-01 08:00:00,1047.7861
2024-03-01 08:15:00,1172.1861
2024-03-01 08:30:00,1593.1861
2024-03-01 08:45:00,2349.1861
2024-03-01 09:00:00,2572.5837
2024-03-01 09:15:00,2670.5837
2024-03-01 09:30:00,2718.5837
2024-03-01 09:45:00,2677.3837000000003
2024-03-01 10:00:00,2635.6699
2024-03-01 10:15:00,2608.2699000000002
2024-03-01 10:30:00,2597.2699000000002
2024-03-01 10:45:00,2657.0699
2024-03-01 11:00:00,2414.0429
2024-03-01 11:15:00,2501.0429
2024-03-01 11:30:00,2616.2429
2024-03-01 11:45:00,2590.4429
2024-03-01 12:00:00,2472.6309
2024-03-01 12:15:00,2384.4309000000003
2024-03-01 12:30:00,2438.4309
2024-03-01 12:45:00,2384.6309
2024-03-01 13:00:00,2423.3623
2024-03-01 13:15:00,2340.5623
2024-03-01 13:30:00,2310.7623
2024-03-01 13:45:00,2363.1623
2024-03-01 14:00:00,2397.0837
2024-03-01 14:15:00,2445.6837
2024-03-01 14:30:00,2458.0836999999997
2024-03-01 14:45:00,2430.4836999999998
2024-03-01 15:00:00,2490.7411
2024-03-01 15:15:00,2414.9411
2024-03-01 15:30:00,2434.7411
2024-03-01 15:45:00,2458.5411
2024-03-01 16:00:00,2527.8223
2024-03-01 16:15:00,2483.6223
2024-03-01 16:30:00,2511.4223
2024-03-01 16:45:00,2419.8223
2024-03-01 17:00:00,2436.6949
2024-03-01 17:15:00,2449.6949
2024-03-01 17:30:00,2317.0949
2024-03-01 17:45:00,2157.4948999999997
2024-03-01 18:00:00,2017.6
2024-03-01 18:15:00,1832.2
2024-03-01 18:30:00,1643.0
2024-03-01 18:45:00,1523.6
2024-03-01 19:00:00,1462.0
2024-03-01 19:15:00,1417.4
2024-03-01 19:30:00,1309.6
2024-03-01 19:45:00,1264.0
2024-03-01 20:00:00,1251.6
2024-03-01 20:15:00,1195.8
2024-03-01 20:30:00,1207.8
2024-03-01 20:45:00,1066.4
2024-03-01 21:00:00,1063.8
2024-03-01 21:15:00,1084.6
2024-03-01 21:30:00,1023.0
2024-03-01 21:45:00,1043.4
2024-03-01 22:00:00,1031.6
2024-03-01 22:15:00,921.6
2024-03-01 22:30:00,956.8
2024-03-01 22:45:00,916.0
2024-03-01 23:00:00,867.2
2024-03-01 23:15:00,1093.0
2024-03-01 23:30:00,1051.1999999999998
2024-03-01 23:45:00,956.0
2024-03-02 00:00:00,917.5999999999999
2024-03-02 00:15:00,872.2
2024-03-02 00:30:00,926.2
2024-03-02 00:45:00,882.8
2024-03-02 01:00:00,743.6
2024-03-02 01:15:00,721.8
2024-03-02 01:30:00,751.4000000000001
2024-03-02 01:45:00,729.2
2024-03-02 02:00:00,744.8000000000001
2024-03-02 02:15:00,722.5999999999999
2024-03-02 02:30:00,691.0
2024-03-02 02:45:00,665.4
2024-03-02 03:00:00,685.2
2024-03-02 03:15:00,657.8
2024-03-02 03:30:00,675.6
2024-03-02 03:45:00,665.0
2024-03-02 04:00:00,681.4
2024-03-02 04:15:00,645.8
2024-03-02 04:30:00,770.2
2024-03-02 04:45:00,739.8
2024-03-02 05:00:00,733.6
2024-03-02 05:15:00,737.5999999999999
2024-03-02 05:30:00,791.2
2024-03-02 05:45:00,727.0
2024-03-02 06:00:00,755.0
2024-03-02 06:15:00,682.0
2024-03-02 06:30:00,735.6
2024-03-02 06:45:00,718.0
2024-03-02 07:00:00,745.5793000000001
2024-03-02 07:15:00,676.1793
2024-03-02 07:30:00,675.7793
2024-03-02 07:45:00,702.5793
2024-03-02 08:00:00,686.0787
2024-03-02 08:15:00,734.0787
2024-03-02 08:30:00,923.0787
2024-03-02 08:45:00,919.4787000000001
2024-03-02 09:00:00,978.8706999999999
2024-03-02 09:15:00,1078.2707
2024-03-02 09:30:00,1146.4706999999999
2024-03-02 09:45:00,1263.2707
2024-03-02 10:00:00,1342.4475
2024-03-02 10:15:00,1314.4475
2024-03-02 10:30:00,1199.0474999999997
2024-03-02 10:45:00,1282.2475
2024-03-02 11:00:00,1303.3518
2024-03-02 11:15:00,1255.3518
2024-03-02 11:30:00,1167.1518
2024-03-02 11:45:00,1114.7518
2024-03-02 12:00:00,1125.7434
2024-03-02 12:15:00,1081.9434
2024-03-02 12:30:00,1081.7434
2024-03-02 12:45:00,1001.7434
2024-03-02 13:00:00,1010.4103
2024-03-02 13:15:00,973.2103000000001
2024-03-02 13:30:00,944.8103000000001
2024-03-02 13:45:00,1025.8103
2024-03-02 14:00:00,1012.1558
2024-03-02 14:15:00,1042.1558
2024-03-02 14:30:00,1083.9558
2024-03-02 14:45:00,1129.1558
2024-03-02 15:00:00,1123.1100000000001
2024-03-02 15:15:00,1142.31
2024-03-02 15:30:00,1143.31
2024-03-02 15:45:00,1104.91
2024-03-02 16:00:00,1174.5430000000001
2024-03-02 16:15:00,1117.5430000000001
2024-03-02 16:30:00,1101.943
2024-03-02 16:45:00,1139.3429999999998
2024-03-02 17:00:00,1305.9936
2024-03-02 17:15:00,1216.5936
2024-03-02 17:30:00,1124.9936
2024-03-02 17:45:00,1107.1936
2024-03-02 18:00:00,1104.6000000000001
2024-03-02 18:15:00,1024.4
2024-03-02 18:30:00,987.2
2024-03-02 18:45:00,931.4000000000001
2024-03-02 19:00:00,976.8000000000001
2024-03-02 19:15:00,928.2
2024-03-02 19:30:00,866.9999999999999
2024-03-02 19:45:00,870.5999999999999
2024-03-02 20:00:00,853.0
2024-03-02 20:15:00,878.4000000000001
2024-03-02 20:30:00,832.4
2024-03-02 20:45:00,858.8
2024-03-02 21:00:00,864.3999999999999
2024-03-02 21:15:00,851.2
2024-03-02 21:30:00,821.8
2024-03-02 21:45:00,793.6
2024-03-02 22:00:00,772.5999999999999
2024-03-02 22:15:00,739.2
2024-03-02 22:30:00,707.4
2024-03-02 22:45:00,688.8
2024-03-02 23:00:00,675.4000000000001
2024-03-02 23:15:00,688.2
2024-03-02 23:30:00,742.2
2024-03-02 23:45:00,828.4000000000001
2024-03-03 00:00:00,759.4
2024-03-03 00:15:00,681.4
2024-03-03 00:30:00,840.8
2024-03-03 00:45:00,827.4000000000001
2024-03-03 01:00:00,733.6
2024-03-03 01:15:00,590.8
2024-03-03 01:30:00,585.4
2024-03-03 01:45:00,591.6
2024-03-03 02:00:00,616.0
2024-03-03 02:15:00,615.8
2024-03-03 02:30:00,620.4
2024-03-03 02:45:00,606.2
2024-03-03 03:00:00,585.0
2024-03-03 03:15:00,593.4
2024-03-03 03:30:00,603.4
2024-03-03 03:45:00,599.4
2024-03-03 04:00:00,604.8
2024-03-03 04:15:00,589.0
2024-03-03 04:30:00,600.2
2024-03-03 04:45:00,581.2
2024-03-03 05:00:00,614.6
2024-03-03 05:15:00,591.8
2024-03-03 05:30:00,596.0
2024-03-03 05:45:00,595.0
2024-03-03 06:00:00,647.2
2024-03-03 06:15:00,624.4
2024-03-03 06:30:00,647.6
2024-03-03 06:45:00,624.8000000000001
2024-03-03 07:00:00,551.9429
2024-03-03 07:15:00,556.3429000000001
2024-03-03 07:30:00,556.9429
2024-03-03 07:45:00,593.9429
2024-03-03 08:00:00,432.4676
2024-03-03 08:15:00,535.0676
2024-03-03 08:30:00,533.0676
2024-03-03 08:45:00,633.8676
2024-03-03 09:00:00,587.4151
2024-03-03 09:15:00,560.0151000000001
2024-03-03 09:30:00,520.6151000000001
2024-03-03 09:45:00,532.8151
2024-03-03 10:00:00,395.0229
2024-03-03 10:15:00,469.8229
2024-03-03 10:30:00,481.2229
2024-03-03 10:45:00,426.6229
2024-03-03 11:00:00,338.18919999999997
2024-03-03 11:15:00,357.3892
2024-03-03 11:30:00,350.38919999999996
2024-03-03 11:45:00,411.5892
2024-03-03 12:00:00,372.9415
2024-03-03 12:15:00,371.3415
2024-03-03 12:30:00,353.3415
2024-03-03 12:45:00,370.3415
2024-03-03 13:00:00,286.35839999999996
2024-03-03 13:15:00,307.5584
2024-03-03 13:30:00,326.5584
2024-03-03 13:45:00,333.15840000000003
2024-03-03 14:00:00,448.6007
2024-03-03 14:15:00,520.6007000000001
2024-03-03 14:30:00,495.8007
2024-03-03 14:45:00,504.00069999999994
2024-03-03 15:00:00,847.5874
2024-03-03 15:15:00,790.3874000000001
2024-03-03 15:30:00,893.9874000000001
2024-03-03 15:45:00,871.7873999999999
2024-03-03 16:00:00,996.3410000000001
2024-03-03 16:15:00,989.941
2024-03-03 16:30:00,1038.741
2024-03-03 16:45:00,1117.541
2024-03-03 17:00:00,1273.6664
2024-03-03 17:15:00,1181.2664
2024-03-03 17:30:00,1113.4664000000002
2024-03-03 17:45:00,1020.6664000000001
2024-03-03 18:00:00,1034.0
2024-03-03 18:15:00,959.0
2024-03-03 18:30:00,952.4
2024-03-03 18:45:00,926.0
2024-03-03 19:00:00,883.4
2024-03-03 19:15:00,883.2
2024-03-03 19:30:00,868.8000000000001
2024-03-03 19:45:00,846.0
2024-03-03 20:00:00,884.8
2024-03-03 20:15:00,890.0
2024-03-03 20:30:00,865.4
2024-03-03 20:45:00,861.8
2024-03-03 21:00:00,803.0
2024-03-03 21:15:00,859.0
2024-03-03 21:30:00,821.5999999999999
2024-03-03 21:45:00,795.9999999999999
2024-03-03 22:00:00,771.6
2024-03-03 22:15:00,732.4000000000001
2024-03-03 22:30:00,770.8
2024-03-03 22:45:00,709.0
2024-03-03 23:00:00,724.8
2024-03-03 23:15:00,874.0
2024-03-03 23:30:00,859.4
2024-03-03 23:45:00,849.1999999999999
2024-03-04 00:00:00,691.0
2024-03-04 00:15:00,710.0
2024-03-04 00:30:00,666.2
2024-03-04 00:45:00,666.2
2024-03-04 01:00:00,618.0
2024-03-04 01:15:00,608.0
2024-03-04 01:30:00,612.6
2024-03-04 01:45:00,595.6
2024-03-04 02:00:00,641.8
2024-03-04 02:15:00,619.8
2024-03-04 02:30:00,594.8
2024-03-04 02:45:00,616.4
2024-03-04 03:00:00,610.4
2024-03-04 03:15:00,616.2
2024-03-04 03:30:00,611.8
2024-03-04 03:45:00,610.8
2024-03-04 04:00:00,659.6
2024-03-04 04:15:00,635.0
2024-03-04 04:30:00,621.0
2024-03-04 04:45:00,635.0
2024-03-04 05:00:00,624.8
2024-03-04 05:15:00,642.8
2024-03-04 05:30:00,626.8
2024-03-04 05:45:00,624.6
2024-03-04 06:00:00,599.0
2024-03-04 06:15:00,775.2
2024-03-04 06:30:00,933.4
2024-03-04 06:45:00,823.6
2024-03-04 07:00:00,749.1394
2024-03-04 07:15:00,830.9394
2024-03-04 07:30:00,772.1394
2024-03-04 07:45:00,900.9394
2024-03-04 08:00:00,861.6868999999999
2024-03-04 08:15:00,999.2869
2024-03-04 08:30:00,1336.2869
2024-03-04 08:45:00,1884.8869
2024-03-04 09:00:00,1959.3769
2024-03-04 09:15:00,2148.5769
2024-03-04 09:30:00,2129.3769
2024-03-04 09:45:00,2195.3769
2024-03-04 10:00:00,2248.4198
2024-03-04 10:15:00,2180.6198
2024-03-04 10:30:00,2242.0198
2024-03-04 10:45:00,2241.0198
2024-03-04 11:00:00,2162.3529
2024-03-04 11:15:00,2143.9529
2024-03-04 11:30:00,2099.5529
2024-03-04 11:45:00,1996.3529
2024-03-04 12:00:00,1946.7968
2024-03-04 12:15:00,1843.3968
2024-03-04 12:30:00,1874.9968
2024-03-04 12:45:00,1781.9968
2024-03-04 13:00:00,1757.4297
2024-03-04 13:15:00,1745.8297
2024-03-04 13:30:00,1756.6297
2024-03-04 13:45:00,1778.4297000000001
2024-03-04 14:00:00,1966.2907
2024-03-04 14:15:00,2004.4907
2024-03-04 14:30:00,2080.4907
2024-03-04 14:45:00,2000.0907
2024-03-04 15:00:00,1970.4239000000002
2024-03-04 15:15:00,1942.6239
2024-03-04 15:30:00,2063.2239
2024-03-04 15:45:00,1933.0239000000001
2024-03-04 16:00:00,2000.612
2024-03-04 16:15:00,2108.012
2024-03-04 16:30:00,2060.012
2024-03-04 16:45:00,2034.8120000000001
2024-03-04 17:00:00,2143.2106000000003
2024-03-04 17:15:00,2161.2106
2024-03-04 17:30:00,2052.0106
2024-03-04 17:45:00,1772.4106
2024-03-04 18:00:00,1871.4
2024-03-04 18:15:00,1741.4
2024-03-04 18:30:00,1594.6
2024-03-04 18:45:00,1409.8
2024-03-04 19:00:00,1366.8000000000002
2024-03-04 19:15:00,1357.8
2024-03-04 19:30:00,1249.6
2024-03-04 19:45:00,1276.6
2024-03-04 20:00:00,1253.4
2024-03-04 20:15:00,1225.6
2024-03-04 20:30:00,1127.4
2024-03-04 20:45:00,1127.6
2024-03-04 21:00:00,1073.6
2024-03-04 21:15:00,1090.0
2024-03-04 21:30:00,1021.1999999999999
2024-03-04 21:45:00,1013.8
2024-03-04 22:00:00,954.0
2024-03-04 22:15:00,873.2
2024-03-04 22:30:00,855.4000000000001
2024-03-04 22:45:00,794.0
2024-03-04 23:00:00,845.0
2024-03-04 23:15:00,987.0
2024-03-04 23:30:00,956.6000000000001
2024-03-04 23:45:00,937.6
2024-03-05 00:00:00,832.8
2024-03-05 00:15:00,742.8
2024-03-05 00:30:00,841.6
2024-03-05 00:45:00,831.8
2024-03-05 01:00:00,743.2
2024-03-05 01:15:00,677.4000000000001
2024-03-05 01:30:00,625.8
2024-03-05 01:45:00,639.2
2024-03-05 02:00:00,736.2
2024-03-05 02:15:00,667.2
2024-03-05 02:30:00,667.6
2024-03-05 02:45:00,630.2
2024-03-05 03:00:00,628.0
2024-03-05 03:15:00,635.0
2024-03-05 03:30:00,624.4000000000001
2024-03-05 03:45:00,608.4
2024-03-05 04:00:00,628.0
2024-03-05 04:15:00,618.8
2024-03-05 04:30:00,625.4000000000001
2024-03-05 04:45:00,668.0
2024-03-05 05:00:00,653.0
2024-03-05 05:15:00,641.4000000000001
2024-03-05 05:30:00,668.0
2024-03-05 05:45:00,674.0
2024-03-05 06:00:00,702.5999999999999
2024-03-05 06:15:00,764.1999999999999
2024-03-05 06:30:00,847.8
2024-03-05 06:45:00,866.8000000000001
2024-03-05 07:00:00,751.8691
2024-03-05 07:15:00,824.4691
2024-03-05 07:30:00,858.8691000000001
2024-03-05 07:45:00,874.6691000000001
2024-03-05 08:00:00,935.2855999999999
2024-03-05 08:15:00,1165.8856
2024-03-05 08:30:00,1529.6856
2024-03-05 08:45:00,1809.8856
2024-03-05 09:00:00,2028.8380000000002
2024-03-05 09:15:00,2265.438
2024-03-05 09:30:00,2253.438
2024-03-05 09:45:00,2403.8379999999997
2024-03-05 10:00:00,2584.5209
2024-03-05 10:15:00,2526.3208999999997
2024-03-05 10:30:00,2604.1209
2024-03-05 10:45:00,2663.7209000000003
2024-03-05 11:00:00,2479.6286
2024-03-05 11:15:00,2462.4286
2024-03-05 11:30:00,2482.8286
2024-03-05 11:45:00,2436.2286
2024-03-05 12:00:00,2357.3382
2024-03-05 12:15:00,2272.7382
2024-03-05 12:30:00,2269.9381999999996
2024-03-05 12:45:00,2285.5382
2024-03-05 13:00:00,2208.5451
2024-03-05 13:15:00,2176.1450999999997
2024-03-05 13:30:00,2141.1451
2024-03-05 13:45:00,2129.7451
2024-03-05 14:00:00,2198.8867
2024-03-05 14:15:00,2240.8867
2024-03-05 14:30:00,2347.2867
2024-03-05 14:45:00,2275.0867
2024-03-05 15:00:00,2347.8282
2024-03-05 15:15:00,2353.8282
2024-03-05 15:30:00,2285.8282000000004
2024-03-05 15:45:00,2315.6282
2024-03-05 16:00:00,2384.4075
2024-03-05 16:15:00,2479.8075
2024-03-05 16:30:00,2397.0074999999997
2024-03-05 16:45:00,2441.6075
2024-03-05 17:00:00,2409.8997
2024-03-05 17:15:00,2342.6997
2024-03-05 17:30:00,2190.6997
2024-03-05 17:45:00,2022.6997000000001
2024-03-05 18:00:00,1954.8
2024-03-05 18:15:00,1686.1999999999998
2024-03-05 18:30:00,1635.2
2024-03-05 18:45:00,1488.2
2024-03-05 19:00:00,1398.2
2024-03-05 19:15:00,1377.6
2024-03-05 19:30:00,1370.4
2024-03-05 19:45:00,1308.2
2024-03-05 20:00:00,1283.4
2024-03-05 20:15:00,1202.8
2024-03-05 20:30:00,1163.4
2024-03-05 20:45:00,1128.4
2024-03-05 21:00:00,1106.2
2024-03-05 21:15:00,1034.0
2024-03-05 21:30:00,1004.0
2024-03-05 21:45:00,979.8000000000001
2024-03-05 22:00:00,912.8
2024-03-05 22:15:00,906.8
2024-03-05 22:30:00,877.4000000000001
2024-03-05 22:45:00,828.0
2024-03-05 23:00:00,737.8
2024-03-05 23:15:00,1089.6
2024-03-05 23:30:00,1124.6000000000001
2024-03-05 23:45:00,988.8
2024-03-06 00:00:00,868.0
2024-03-06 00:15:00,723.6
2024-03-06 00:30:00,709.4
2024-03-06 00:45:00,659.0
2024-03-06 01:00:00,643.8
2024-03-06 01:15:00,620.4
2024-03-06 01:30:00,663.8
2024-03-06 01:45:00,623.6
2024-03-06 02:00:00,621.8
2024-03-06 02:15:00,617.4
2024-03-06 02:30:00,613.6
2024-03-06 02:45:00,590.8
2024-03-06 03:00:00,623.0
2024-03-06 03:15:00,655.0
2024-03-06 03:30:00,625.4
2024-03-06 03:45:00,618.2
2024-03-06 04:00:00,628.2
2024-03-06 04:15:00,625.8
2024-03-06 04:30:00,640.8
2024-03-06 04:45:00,629.2
2024-03-06 05:00:00,661.4
2024-03-06 05:15:00,665.0
2024-03-06 05:30:00,694.2
2024-03-06 05:45:00,709.6
2024-03-06 06:00:00,736.8
2024-03-06 06:15:00,771.0
2024-03-06 06:30:00,856.8000000000001
2024-03-06 06:45:00,741.4
2024-03-06 07:00:00,663.6199
2024-03-06 07:15:00,810.2198999999999
2024-03-06 07:30:00,850.4199
2024-03-06 07:45:00,910.0199
2024-03-06 08:00:00,1014.9784000000001
2024-03-06 08:15:00,1172.9784
2024-03-06 08:30:00,1406.1784
2024-03-06 08:45:00,1728.1784
2024-03-06 09:00:00,1687.0695
2024-03-06 09:15:00,1853.2694999999999
2024-03-06 09:30:00,1802.0695
2024-03-06 09:45:00,1956.4695
2024-03-06 10:00:00,1948.3833
2024-03-06 10:15:00,2069.7833
2024-03-06 10:30:00,2079.3833
2024-03-06 10:45:00,1896.3833
2024-03-06 11:00:00,1768.0848000000003
2024-03-06 11:15:00,1797.4848000000002
2024-03-06 11:30:00,1793.4848
2024-03-06 11:45:00,1814.6848000000002
2024-03-06 12:00:00,1628.0288
2024-03-06 12:15:00,1540.2287999999999
2024-03-06 12:30:00,1539.4288000000001
2024-03-06 12:45:00,1493.2287999999999
2024-03-06 13:00:00,1469.0668
2024-03-06 13:15:00,1425.8668
2024-03-06 13:30:00,1444.6668
2024-03-06 13:45:00,1510.2667999999999
2024-03-06 14:00:00,1527.4386
2024-03-06 14:15:00,1607.0385999999999
2024-03-06 14:30:00,1548.2386
2024-03-06 14:45:00,1579.0385999999999
2024-03-06 15:00:00,1594.393
2024-03-06 15:15:00,1634.7930000000001
2024-03-06 15:30:00,1622.393
2024-03-06 15:45:00,1731.5929999999998
2024-03-06 16:00:00,1857.1116999999997
2024-03-06 16:15:00,1818.5116999999998
2024-03-06 16:30:00,1847.9116999999999
2024-03-06 16:45:00,1886.1117
2024-03-06 17:00:00,1925.8338999999999
2024-03-06 17:15:00,1835.4339
2024-03-06 17:30:00,1741.6339
2024-03-06 17:45:00,1675.2339
2024-03-06 18:00:00,1631.2
2024-03-06 18:15:00,1451.6
2024-03-06 18:30:00,1454.4
2024-03-06 18:45:00,1353.0
2024-03-06 19:00:00,1263.8
2024-03-06 19:15:00,1224.8
2024-03-06 19:30:00,1162.6
2024-03-06 19:45:00,1128.2
2024-03-06 20:00:00,1118.2
2024-03-06 20:15:00,1089.0
2024-03-06 20:30:00,1098.6000000000001
2024-03-06 20:45:00,1069.2
2024-03-06 21:00:00,1036.6
2024-03-06 21:15:00,978.2
2024-03-06 21:30:00,977.4
2024-03-06 21:45:00,981.0
2024-03-06 22:00:00,869.4
2024-03-06 22:15:00,816.1999999999999
2024-03-06 22:30:00,801.2
2024-03-06 22:45:00,747.8
2024-03-06 23:00:00,732.0
2024-03-06 23:15:00,976.5999999999999
2024-03-06 23:30:00,1073.6
2024-03-06 23:45:00,889.8
2024-03-07 00:00:00,734.8
2024-03-07 00:15:00,624.4
2024-03-07 00:30:00,615.2
2024-03-07 00:45:00,606.2
2024-03-07 01:00:00,602.6
2024-03-07 01:15:00,620.6
2024-03-07 01:30:00,723.5999999999999
2024-03-07 01:45:00,746.6
2024-03-07 02:00:00,675.4000000000001
2024-03-07 02:15:00,608.8
2024-03-07 02:30:00,596.6
2024-03-07 02:45:00,581.2
2024-03-07 03:00:00,589.2
2024-03-07 03:15:00,610.8000000000001
2024-03-07 03:30:00,589.0
2024-03-07 03:45:00,598.1999999999999
2024-03-07 04:00:00,592.2
2024-03-07 04:15:00,575.4
2024-03-07 04:30:00,609.4000000000001
2024-03-07 04:45:00,594.5999999999999
2024-03-07 05:00:00,595.8
2024-03-07 05:15:00,660.6
2024-03-07 05:30:00,638.5999999999999
2024-03-07 05:45:00,630.4
2024-03-07 06:00:00,646.6
2024-03-07 06:15:00,684.0
2024-03-07 06:30:00,757.0
2024-03-07 06:45:00,746.8
2024-03-07 07:00:00,758.1311000000001
2024-03-07 07:15:00,760.3311
2024-03-07 07:30:00,892.9310999999999
2024-03-07 07:45:00,859.9311
2024-03-07 08:00:00,804.8330000000001
2024-03-07 08:15:00,980.8330000000001
2024-03-07 08:30:00,1283.233
2024-03-07 08:45:00,1539.433
2024-03-07 09:00:00,1637.0679
2024-03-07 09:15:00,1789.4678999999999
2024-03-07 09:30:00,1891.4679
2024-03-07 09:45:00,1879.2679
2024-03-07 10:00:00,1759.6556999999998
2024-03-07 10:15:00,1842.0557
2024-03-07 10:30:00,1808.6557000000003
2024-03-07 10:45:00,1800.2557000000002
2024-03-07 11:00:00,1610.6475999999998
2024-03-07 11:15:00,1581.2476000000001
2024-03-07 11:30:00,1531.8476
2024-03-07 11:45:00,1570.0476
2024-03-07 12:00:00,1411.9206
2024-03-07 12:15:00,1331.7206
2024-03-07 12:30:00,1240.9206
2024-03-07 12:45:00,1155.1206
2024-03-07 13:00:00,1217.4412
2024-03-07 13:15:00,1173.0412000000001
2024-03-07 13:30:00,1190.8412
2024-03-07 13:45:00,1304.0412
2024-03-07 14:00:00,1341.214
2024-03-07 14:15:00,1394.214
2024-03-07 14:30:00,1341.214
2024-03-07 14:45:00,1345.814
2024-03-07 15:00:00,1488.7847000000002
2024-03-07 15:15:00,1300.9847
2024-03-07 15:30:00,1195.5847
2024-03-07 15:45:00,1231.1847
2024-03-07 16:00:00,1335.469
2024-03-07 16:15:00,1453.069
2024-03-07 16:30:00,1443.469
2024-03-07 16:45:00,1524.469
2024-03-07 17:00:00,1528.3561
2024-03-07 17:15:00,1380.9560999999999
2024-03-07 17:30:00,1310.1561
2024-03-07 17:45:00,1252.1561
2024-03-07 18:00:00,1320.4
2024-03-07 18:15:00,1247.8
2024-03-07 18:30:00,1162.0
2024-03-07 18:45:00,1154.4
2024-03-07 19:00:00,1126.8
2024-03-07 19:15:00,1156.8
2024-03-07 19:30:00,1041.6
2024-03-07 19:45:00,993.4000000000001
2024-03-07 20:00:00,945.8000000000001
2024-03-07 20:15:00,951.0
2024-03-07 20:30:00,902.4
2024-03-07 20:45:00,859.4
2024-03-07 21:00:00,849.4
2024-03-07 21:15:00,844.0
2024-03-07 21:30:00,814.8000000000001
2024-03-07 21:45:00,767.2
2024-03-07 22:00:00,735.6
2024-03-07 22:15:00,723.4000000000001
2024-03-07 22:30:00,700.8
2024-03-07 22:45:00,640.8
2024-03-07 23:00:00,675.6
2024-03-07 23:15:00,739.4
2024-03-07 23:30:00,733.9999999999999
2024-03-07 23:45:00,786.8
2024-03-08 00:00:00,729.0
2024-03-08 00:15:00,742.8
2024-03-08 00:30:00,739.4
2024-03-08 00:45:00,683.4
2024-03-08 01:00:00,669.0
2024-03-08 01:15:00,646.5999999999999
2024-03-08 01:30:00,574.0
2024-03-08 01:45:00,566.8
2024-03-08 02:00:00,583.2
2024-03-08 02:15:00,543.0
2024-03-08 02:30:00,544.4
2024-03-08 02:45:00,577.8
2024-03-08 03:00:00,565.4
2024-03-08 03:15:00,560.2
2024-03-08 03:30:00,569.4
2024-03-08 03:45:00,558.0
2024-03-08 04:00:00,623.8
2024-03-08 04:15:00,615.5999999999999
2024-03-08 04:30:00,592.0
2024-03-08 04:45:00,580.2
2024-03-08 05:00:00,604.0
2024-03-08 05:15:00,579.0
2024-03-08 05:30:00,632.0
2024-03-08 05:45:00,645.5999999999999
2024-03-08 06:00:00,620.0
2024-03-08 06:15:00,607.6
2024-03-08 06:30:00,794.0
2024-03-08 06:45:00,708.5999999999999
2024-03-08 07:00:00,743.7455
2024-03-08 07:15:00,695.1455000000001
2024-03-08 07:30:00,719.1455000000001
2024-03-08 07:45:00,772.7455
2024-03-08 08:00:00,626.4673
2024-03-08 08:15:00,702.4673
2024-03-08 08:30:00,744.8673
2024-03-08 08:45:00,945.6673000000001
2024-03-08 09:00:00,1019.6591000000001
2024-03-08 09:15:00,1043.0591
2024-03-08 09:30:00,1115.6591
2024-03-08 09:45:00,1246.6590999999999
2024-03-08 10:00:00,976.6563
2024-03-08 10:15:00,1029.6563
2024-03-08 10:30:00,940.4563
2024-03-08 10:45:00,1032.2563
2024-03-08 11:00:00,915.3116
2024-03-08 11:15:00,810.5116
2024-03-08 11:30:00,718.9116000000001
2024-03-08 11:45:00,628.7116000000001
2024-03-08 12:00:00,491.6499
2024-03-08 12:15:00,413.2499000000001
2024-03-08 12:30:00,307.2499
2024-03-08 12:45:00,354.84990000000005
2024-03-08 13:00:00,-45.117099999999965
2024-03-08 13:15:00,-147.71709999999996
2024-03-08 13:30:00,0.682900000000032
2024-03-08 13:45:00,-49.11710000000005
2024-03-08 14:00:00,313.06860000000006
2024-03-08 14:15:00,362.2686
2024-03-08 14:30:00,386.46860000000004
2024-03-08 14:45:00,396.46860000000004
2024-03-08 15:00:00,527.3135
2024-03-08 15:15:00,587.3135
2024-03-08 15:30:00,546.1135
2024-03-08 15:45:00,589.9135
2024-03-08 16:00:00,1037.0743
2024-03-08 16:15:00,1109.0743
2024-03-08 16:30:00,1119.0743
2024-03-08 16:45:00,1065.4742999999999
2024-03-08 17:00:00,1114.9832000000001
2024-03-08 17:15:00,1146.5832
2024-03-08 17:30:00,1012.7832
2024-03-08 17:45:00,959.3832
2024-03-08 18:00:00,1114.406
2024-03-08 18:15:00,1017.4060000000001
2024-03-08 18:30:00,987.406
2024-03-08 18:45:00,899.206
2024-03-08 19:00:00,900.1999999999999
2024-03-08 19:15:00,872.4
2024-03-08 19:30:00,850.4000000000001
2024-03-08 19:45:00,807.6
2024-03-08 20:00:00,785.0
2024-03-08 20:15:00,768.2
2024-03-08 20:30:00,774.4
2024-03-08 20:45:00,826.8000000000001
2024-03-08 21:00:00,738.5999999999999
2024-03-08 21:15:00,734.5999999999999
2024-03-08 21:30:00,701.5999999999999
2024-03-08 21:45:00,699.5999999999999
2024-03-08 22:00:00,673.1999999999999
2024-03-08 22:15:00,663.6
2024-03-08 22:30:00,655.5999999999999
2024-03-08 22:45:00,642.6
2024-03-08 23:00:00,680.0
2024-03-08 23:15:00,808.5999999999999
2024-03-08 23:30:00,834.2
2024-03-08 23:45:00,782.4000000000001
2024-03-09 00:00:00,743.4000000000001
2024-03-09 00:15:00,669.8
2024-03-09 00:30:00,614.2
2024-03-09 00:45:00,814.1999999999999
2024-03-09 01:00:00,858.4000000000001
2024-03-09 01:15:00,633.2
2024-03-09 01:30:00,570.6
2024-03-09 01:45:00,554.4
2024-03-09 02:00:00,539.4
2024-03-09 02:15:00,536.4
2024-03-09 02:30:00,555.6
2024-03-09 02:45:00,582.8
2024-03-09 03:00:00,558.4000000000001
2024-03-09 03:15:00,595.4
2024-03-09 03:30:00,575.8
2024-03-09 03:45:00,570.6
2024-03-09 04:00:00,538.4000000000001
2024-03-09 04:15:00,537.0
2024-03-09 04:30:00,559.4
2024-03-09 04:45:00,549.6
2024-03-09 05:00:00,541.2
2024-03-09 05:15:00,550.2
2024-03-09 05:30:00,549.8
2024-03-09 05:45:00,611.8
2024-03-09 06:00:00,703.0
2024-03-09 06:15:00,631.8
2024-03-09 06:30:00,590.6
2024-03-09 06:45:00,544.4000000000001
2024-03-09 07:00:00,579.7376
2024-03-09 07:15:00,573.7376
2024-03-09 07:30:00,565.3376000000001
2024-03-09 07:45:00,573.7376
2024-03-09 08:00:00,539.2024
2024-03-09 08:15:00,636.2024
2024-03-09 08:30:00,568.0024
2024-03-09 08:45:00,616.6024
2024-03-09 09:00:00,618.7426
2024-03-09 09:15:00,653.9425999999999
2024-03-09 09:30:00,726.7426
2024-03-09 09:45:00,798.5426
2024-03-09 10:00:00,790.6748
2024-03-09 10:15:00,831.6748
2024-03-09 10:30:00,876.2747999999999
2024-03-09 10:45:00,897.4748
2024-03-09 11:00:00,845.9403
2024-03-09 11:15:00,754.1403
2024-03-09 11:30:00,656.7403000000002
2024-03-09 11:45:00,632.1403
2024-03-09 12:00:00,637.4722999999999
2024-03-09 12:15:00,628.6723
2024-03-09 12:30:00,620.4723
2024-03-09 12:45:00,620.8723
2024-03-09 13:00:00,691.8911
2024-03-09 13:15:00,635.2910999999999
2024-03-09 13:30:00,645.8911
2024-03-09 13:45:00,633.4911000000001
2024-03-09 14:00:00,763.4554
2024-03-09 14:15:00,808.4554
2024-03-09 14:30:00,776.0554
2024-03-09 14:45:00,808.8554
2024-03-09 15:00:00,947.9247
2024-03-09 15:15:00,949.3247
2024-03-09 15:30:00,1096.9247
2024-03-09 15:45:00,1080.3247
2024-03-09 16:00:00,969.2876000000001
2024-03-09 16:15:00,949.8875999999999
2024-03-09 16:30:00,1035.8876
2024-03-09 16:45:00,1031.2876
2024-03-09 17:00:00,932.4555
2024-03-09 17:15:00,837.8555
2024-03-09 17:30:00,838.8554999999999
2024-03-09 17:45:00,827.6555
2024-03-09 18:00:00,872.4000000000001
2024-03-09 18:15:00,884.2
2024-03-09 18:30:00,873.6000000000001
2024-03-09 18:45:00,791.6
2024-03-09 19:00:00,831.1999999999999
2024-03-09 19:15:00,819.4000000000001
2024-03-09 19:30:00,768.0000000000001
2024-03-09 19:45:00,753.5999999999999
2024-03-09 20:00:00,754.0
2024-03-09 20:15:00,722.4
2024-03-09 20:30:00,749.5999999999999
2024-03-09 20:45:00,727.8000000000001
2024-03-09 21:00:00,742.0
2024-03-09 21:15:00,725.1999999999999
2024-03-09 21:30:00,744.4000000000001
2024-03-09 21:45:00,729.5999999999999
2024-03-09 22:00:00,744.2
2024-03-09 22:15:00,725.8
2024-03-09 22:30:00,700.2
2024-03-09 22:45:00,660.6
2024-03-09 23:00:00,713.0
2024-03-09 23:15:00,974.0
2024-03-09 23:30:00,931.0000000000001
2024-03-09 23:45:00,792.1999999999999
2024-03-10 00:00:00,666.0
2024-03-10 00:15:00,601.8
2024-03-10 00:30:00,652.2
2024-03-10 00:45:00,720.9999999999999
2024-03-10 01:00:00,662.6
2024-03-10 01:15:00,623.6
2024-03-10 01:30:00,611.8
2024-03-10 01:45:00,604.8
2024-03-10 02:00:00,555.0
2024-03-10 02:15:00,563.4000000000001
2024-03-10 02:30:00,544.8
2024-03-10 02:45:00,549.6
2024-03-10 03:00:00,572.8
2024-03-10 03:15:00,607.0
2024-03-10 03:30:00,555.2
2024-03-10 03:45:00,558.6
2024-03-10 04:00:00,560.5999999999999
2024-03-10 04:15:00,548.0
2024-03-10 04:30:00,592.8000000000001
2024-03-10 04:45:00,583.2
2024-03-10 05:00:00,582.4
2024-03-10 05:15:00,561.8
2024-03-10 05:30:00,552.6
2024-03-10 05:45:00,587.4
2024-03-10 06:00:00,599.8
2024-03-10 06:15:00,640.8
2024-03-10 06:30:00,615.4000000000001
2024-03-10 06:45:00,641.6000000000001
2024-03-10 07:00:00,605.6434999999999
2024-03-10 07:15:00,520.0435
2024-03-10 07:30:00,528.6435
2024-03-10 07:45:00,528.2434999999999
2024-03-10 08:00:00,470.51340000000005
2024-03-10 08:15:00,584.3134
2024-03-10 08:30:00,493.31340000000006
2024-03-10 08:45:00,589.7134000000001
2024-03-10 09:00:00,534.6184000000001
2024-03-10 09:15:00,523.6184
2024-03-10 09:30:00,498.0184
2024-03-10 09:45:00,508.2184
2024-03-10 10:00:00,440.6731
2024-03-10 10:15:00,468.87309999999997
2024-03-10 10:30:00,517.2731
2024-03-10 10:45:00,462.4731
2024-03-10 11:00:00,408.7419
2024-03-10 11:15:00,378.94190000000003
2024-03-10 11:30:00,351.3419
2024-03-10 11:45:00,380.5419
2024-03-10 12:00:00,325.8973
2024-03-10 12:15:00,313.4973
2024-03-10 12:30:00,287.0973
2024-03-10 12:45:00,281.4973
2024-03-10 13:00:00,276.9048
2024-03-10 13:15:00,327.5048
2024-03-10 13:30:00,309.90479999999997
2024-03-10 13:45:00,317.3048
2024-03-10 14:00:00,351.5745
2024-03-10 14:15:00,404.3745
2024-03-10 14:30:00,386.57449999999994
2024-03-10 14:45:00,349.3745
2024-03-10 15:00:00,451.2595
2024-03-10 15:15:00,611.6595
2024-03-10 15:30:00,623.0595000000001
2024-03-10 15:45:00,598.4595
2024-03-10 16:00:00,679.5199
2024-03-10 16:15:00,706.1199
2024-03-10 16:30:00,659.9199000000001
2024-03-10 16:45:00,607.5199
2024-03-10 17:00:00,703.5612
2024-03-10 17:15:00,679.9612
2024-03-10 17:30:00,667.1612
2024-03-10 17:45:00,694.5612
2024-03-10 18:00:00,764.8
2024-03-10 18:15:00,763.1999999999999
2024-03-10 18:30:00,742.0
2024-03-10 18:45:00,710.0
2024-03-10 19:00:00,697.8000000000001
2024-03-10 19:15:00,695.4
2024-03-10 19:30:00,696.2
2024-03-10 19:45:00,693.4000000000001
2024-03-10 20:00:00,737.5999999999999
2024-03-10 20:15:00,719.8
2024-03-10 20:30:00,717.8000000000001
2024-03-10 20:45:00,664.0
2024-03-10 21:00:00,677.6
2024-03-10 21:15:00,675.4
2024-03-10 21:30:00,678.0
2024-03-10 21:45:00,690.2
2024-03-10 22:00:00,654.0
2024-03-10 22:15:00,666.0
2024-03-10 22:30:00,644.2
2024-03-10 22:45:00,633.1999999999999
2024-03-10 23:00:00,661.0
2024-03-10 23:15:00,866.5999999999999
2024-03-10 23:30:00,882.0
2024-03-10 23:45:00,883.6
2024-03-11 00:00:00,745.2
2024-03-11 00:15:00,642.6
2024-03-11 00:30:00,557.2
2024-03-11 00:45:00,657.2
2024-03-11 01:00:00,623.0
2024-03-11 01:15:00,656.2
2024-03-11 01:30:00,646.4
2024-03-11 01:45:00,636.4
2024-03-11 02:00:00,602.0
2024-03-11 02:15:00,582.8
2024-03-11 02:30:00,600.0
2024-03-11 02:45:00,572.8
2024-03-11 03:00:00,603.4
2024-03-11 03:15:00,596.4
2024-03-11 03:30:00,589.2
2024-03-11 03:45:00,565.4
2024-03-11 04:00:00,547.0
2024-03-11 04:15:00,554.8
2024-03-11 04:30:00,542.6
2024-03-11 04:45:00,550.8
2024-03-11 05:00:00,562.0
2024-03-11 05:15:00,593.8000000000001
2024-03-11 05:30:00,591.6
2024-03-11 05:45:00,625.2
2024-03-11 06:00:00,703.0
2024-03-11 06:15:00,735.2
2024-03-11 06:30:00,793.4
2024-03-11 06:45:00,789.5999999999999
2024-03-11 07:00:00,640.7618
2024-03-11 07:15:00,682.9618
2024-03-11 07:30:00,672.9618
2024-03-11 07:45:00,651.3618
2024-03-11 08:00:00,488.27880000000005
2024-03-11 08:15:00,616.4788
2024-03-11 08:30:00,692.6788
2024-03-11 08:45:00,929.4788000000001
2024-03-11 09:00:00,1060.5086000000001
2024-03-11 09:15:00,1098.7086
2024-03-11 09:30:00,1115.3086
2024-03-11 09:45:00,1078.3086
2024-03-11 10:00:00,784.6044999999999
2024-03-11 10:15:00,828.8045
2024-03-11 10:30:00,780.2045
2024-03-11 10:45:00,842.4045
2024-03-11 11:00:00,563.6197
2024-03-11 11:15:00,431.41970000000003
2024-03-11 11:30:00,480.81969999999995
2024-03-11 11:45:00,414.4197
2024-03-11 12:00:00,339.4074
2024-03-11 12:15:00,295.40739999999994
2024-03-11 12:30:00,258.60740000000004
2024-03-11 12:45:00,165.40740000000002
2024-03-11 13:00:00,81.20159999999996
2024-03-11 13:15:00,35.201599999999985
2024-03-11 13:30:00,34.80159999999998
2024-03-11 13:45:00,93.60159999999996
2024-03-11 14:00:00,328.3027
2024-03-11 14:15:00,360.90270000000004
2024-03-11 14:30:00,321.7027
2024-03-11 14:45:00,273.5027
2024-03-11 15:00:00,404.53759999999994
2024-03-11 15:15:00,404.53760000000005
2024-03-11 15:30:00,413.3376
2024-03-11 15:45:00,492.1376
2024-03-11 16:00:00,1019.7309
2024-03-11 16:15:00,1079.3309
2024-03-11 16:30:00,947.9309000000001
2024-03-11 16:45:00,759.7309
2024-03-11 17:00:00,1043.3641
2024-03-11 17:15:00,1074.5641
2024-03-11 17:30:00,1002.9641
2024-03-11 17:45:00,986.7641000000001
2024-03-11 18:00:00,1072.8
2024-03-11 18:15:00,1094.8000000000002
2024-03-11 18:30:00,1044.6
2024-03-11 18:45:00,1016.4
2024-03-11 19:00:00,1005.6
2024-03-11 19:15:00,947.5999999999999
2024-03-11 19:30:00,854.2
2024-03-11 19:45:00,865.0
2024-03-11 20:00:00,900.6
2024-03-11 20:15:00,816.4000000000001
2024-03-11 20:30:00,812.1999999999999
2024-03-11 20:45:00,778.8000000000001
2024-03-11 21:00:00,762.2
2024-03-11 21:15:00,768.4000000000001
2024-03-11 21:30:00,733.2
2024-03-11 21:45:00,715.5999999999999
2024-03-11 22:00:00,705.5999999999999
2024-03-11 22:15:00,702.1999999999999
2024-03-11 22:30:00,666.4
2024-03-11 22:45:00,676.2
2024-03-11 23:00:00,638.6
2024-03-11 23:15:00,971.0000000000001
2024-03-11 23:30:00,924.6
2024-03-11 23:45:00,831.6
2024-03-12 00:00:00,732.4
2024-03-12 00:15:00,780.2
2024-03-12 00:30:00,755.3999999999999
2024-03-12 00:45:00,715.2
2024-03-12 01:00:00,615.8
2024-03-12 01:15:00,554.4
2024-03-12 01:30:00,547.4
2024-03-12 01:45:00,520.8000000000001
2024-03-12 02:00:00,518.6
2024-03-12 02:15:00,521.4
2024-03-12 02:30:00,524.4000000000001
2024-03-12 02:45:00,504.8
2024-03-12 03:00:00,527.4000000000001
2024-03-12 03:15:00,515.6
2024-03-12 03:30:00,508.4
2024-03-12 03:45:00,528.2
2024-03-12 04:00:00,512.8
2024-03-12 04:15:00,550.2
2024-03-12 04:30:00,557.6
2024-03-12 04:45:00,514.2
2024-03-12 05:00:00,496.2
2024-03-12 05:15:00,574.8
2024-03-12 05:30:00,553.2
2024-03-12 05:45:00,566.5999999999999
2024-03-12 06:00:00,540.0
2024-03-12 06:15:00,553.4000000000001
2024-03-12 06:30:00,592.4
2024-03-12 06:45:00,652.4000000000001
2024-03-12 07:00:00,594.8165999999999
2024-03-12 07:15:00,581.6166
2024-03-12 07:30:00,647.8166
2024-03-12 07:45:00,637.2166
2024-03-12 08:00:00,511.14820000000003
2024-03-12 08:15:00,529.7482
2024-03-12 08:30:00,578.5482
2024-03-12 08:45:00,680.3482
2024-03-12 09:00:00,573.552
2024-03-12 09:15:00,629.3520000000001
2024-03-12 09:30:00,626.952
2024-03-12 09:45:00,706.3520000000001
2024-03-12 10:00:00,802.1856999999999
2024-03-12 10:15:00,822.5857000000001
2024-03-12 10:30:00,914.1857
2024-03-12 10:45:00,831.9857
2024-03-12 11:00:00,633.9913
2024-03-12 11:15:00,605.5913
2024-03-12 11:30:00,604.9913
2024-03-12 11:45:00,553.7913
2024-03-12 12:00:00,337.1735
2024-03-12 12:15:00,259.1735
2024-03-12 12:30:00,237.57350000000002
2024-03-12 12:45:00,227.37350000000004
2024-03-12 13:00:00,298.82790000000006
2024-03-12 13:15:00,290.02790000000005
2024-03-12 13:30:00,331.62790000000007
2024-03-12 13:45:00,353.62790000000007
2024-03-12 14:00:00,381.1936
2024-03-12 14:15:00,509.59360000000004
2024-03-12 14:30:00,537.7936
2024-03-12 14:45:00,508.19360000000006
2024-03-12 15:00:00,448.9195
2024-03-12 15:15:00,529.5195
2024-03-12 15:30:00,582.5195
2024-03-12 15:45:00,530.9195
2024-03-12 16:00:00,717.3125
2024-03-12 16:15:00,781.5124999999999
2024-03-12 16:30:00,853.1125000000001
2024-03-12 16:45:00,847.5125
2024-03-12 17:00:00,1137.4514
2024-03-12 17:15:00,1055.0514
2024-03-12 17:30:00,974.4513999999999
2024-03-12 17:45:00,918.6514
2024-03-12 18:00:00,1042.7676000000001
2024-03-12 18:15:00,997.7676000000001
2024-03-12 18:30:00,1022.5676000000001
2024-03-12 18:45:00,921.7675999999999
2024-03-12 19:00:00,957.6
2024-03-12 19:15:00,946.8
2024-03-12 19:30:00,905.0
2024-03-12 19:45:00,889.8
2024-03-12 20:00:00,894.5999999999999
2024-03-12 20:15:00,809.0
2024-03-12 20:30:00,827.8
2024-03-12 20:45:00,800.4000000000001
2024-03-12 21:00:00,812.8
2024-03-12 21:15:00,735.6
2024-03-12 21:30:00,744.8
2024-03-12 21:45:00,735.8
2024-03-12 22:00:00,713.4
2024-03-12 22:15:00,696.5999999999999
2024-03-12 22:30:00,678.6
2024-03-12 22:45:00,677.5999999999999
2024-03-12 23:00:00,690.2
2024-03-12 23:15:00,816.8
2024-03-12 23:30:00,754.4
2024-03-12 23:45:00,710.8
2024-03-13 00:00:00,608.2
2024-03-13 00:15:00,732.6
2024-03-13 00:30:00,797.2
2024-03-13 00:45:00,692.8
2024-03-13 01:00:00,661.6
2024-03-13 01:15:00,723.4000000000001
2024-03-13 01:30:00,661.6
2024-03-13 01:45:00,629.2
2024-03-13 02:00:00,583.8000000000001
2024-03-13 02:15:00,587.6
2024-03-13 02:30:00,563.0
2024-03-13 02:45:00,552.8000000000001
2024-03-13 03:00:00,536.4
2024-03-13 03:15:00,561.8
2024-03-13 03:30:00,560.5999999999999
2024-03-13 03:45:00,543.8
2024-03-13 04:00:00,586.4
2024-03-13 04:15:00,670.0
2024-03-13 04:30:00,652.2
2024-03-13 04:45:00,611.0
2024-03-13 05:00:00,542.8
2024-03-13 05:15:00,635.0
2024-03-13 05:30:00,594.6
2024-03-13 05:45:00,562.0
2024-03-13 06:00:00,549.8
2024-03-13 06:15:00,568.8
2024-03-13 06:30:00,598.2
2024-03-13 06:45:00,700.8
2024-03-13 07:00:00,654.528
2024-03-13 07:15:00,586.328
2024-03-13 07:30:00,606.928
2024-03-13 07:45:00,604.528
2024-03-13 08:00:00,567.3598
2024-03-13 08:15:00,562.1597999999999
2024-03-13 08:30:00,760.9598
2024-03-13 08:45:00,959.1597999999999
2024-03-13 09:00:00,890.3014999999999
2024-03-13 09:15:00,858.7015
2024-03-13 09:30:00,882.3015
2024-03-13 09:45:00,935.3015
2024-03-13 10:00:00,967.3011
2024-03-13 10:15:00,1010.9011
2024-03-13 10:30:00,994.3011
2024-03-13 10:45:00,890.1011
2024-03-13 11:00:00,763.4419
2024-03-13 11:15:00,789.0418999999999
2024-03-13 11:30:00,732.0418999999999
2024-03-13 11:45:00,795.2419000000001
2024-03-13 12:00:00,765.6914999999999
2024-03-13 12:15:00,742.6914999999999
2024-03-13 12:30:00,711.2915
2024-03-13 12:45:00,675.8915
2024-03-13 13:00:00,658.1602
2024-03-13 13:15:00,635.5602
2024-03-13 13:30:00,657.5602000000001
2024-03-13 13:45:00,700.1602
2024-03-13 14:00:00,743.1799000000001
2024-03-13 14:15:00,852.9799
2024-03-13 14:30:00,911.7799
2024-03-13 14:45:00,842.5799
2024-03-13 15:00:00,964.8498
2024-03-13 15:15:00,890.4498
2024-03-13 15:30:00,946.0498000000001
2024-03-13 15:45:00,1040.6498
2024-03-13 16:00:00,1110.8148
2024-03-13 16:15:00,1111.8148
2024-03-13 16:30:00,1178.2148
2024-03-13 16:45:00,1176.8148
2024-03-13 17:00:00,1323.2731
2024-03-13 17:15:00,1177.8731
2024-03-13 17:30:00,1154.4731
2024-03-13 17:45:00,1093.4731000000002
2024-03-13 18:00:00,1131.8
2024-03-13 18:15:00,1047.0
2024-03-13 18:30:00,1071.2
2024-03-13 18:45:00,986.8
2024-03-13 19:00:00,1016.5999999999999
2024-03-13 19:15:00,903.9999999999999
2024-03-13 19:30:00,863.0
2024-03-13 19:45:00,833.5999999999999
2024-03-13 20:00:00,822.2
2024-03-13 20:15:00,865.0
2024-03-13 20:30:00,848.8000000000001
2024-03-13 20:45:00,783.6
2024-03-13 21:00:00,744.2
2024-03-13 21:15:00,726.6
2024-03-13 21:30:00,690.4000000000001
2024-03-13 21:45:00,668.6
2024-03-13 22:00:00,651.4
2024-03-13 22:15:00,648.4
2024-03-13 22:30:00,659.6
2024-03-13 22:45:00,623.5999999999999
2024-03-13 23:00:00,643.0
2024-03-13 23:15:00,796.2
2024-03-13 23:30:00,816.4
2024-03-13 23:45:00,732.2
2024-03-14 00:00:00,690.8
2024-03-14 00:15:00,646.4
2024-03-14 00:30:00,641.4000000000001
2024-03-14 00:45:00,586.6
2024-03-14 01:00:00,550.8000000000001
2024-03-14 01:15:00,527.4000000000001
2024-03-14 01:30:00,574.6
2024-03-14 01:45:00,569.8000000000001
2024-03-14 02:00:00,577.2
2024-03-14 02:15:00,555.6
2024-03-14 02:30:00,597.4000000000001
2024-03-14 02:45:00,518.4000000000001
2024-03-14 03:00:00,510.4
2024-03-14 03:15:00,504.4
2024-03-14 03:30:00,512.5999999999999
2024-03-14 03:45:00,496.8
2024-03-14 04:00:00,506.6
2024-03-14 04:15:00,528.4
2024-03-14 04:30:00,572.0
2024-03-14 04:45:00,528.8
2024-03-14 05:00:00,504.8
2024-03-14 05:15:00,519.0
2024-03-14 05:30:00,515.4
2024-03-14 05:45:00,545.4
2024-03-14 06:00:00,613.4
2024-03-14 06:15:00,621.6
2024-03-14 06:30:00,644.4
2024-03-14 06:45:00,622.2
2024-03-14 07:00:00,414.75620000000004
2024-03-14 07:15:00,454.35619999999994
2024-03-14 07:30:00,446.5562
2024-03-14 07:45:00,478.5562
2024-03-14 08:00:00,252.76590000000004
2024-03-14 08:15:00,362.3659
2024-03-14 08:30:00,453.16589999999997
2024-03-14 08:45:00,522.3659
2024-03-14 09:00:00,316.1407
2024-03-14 09:15:00,288.7407
2024-03-14 09:30:00,391.5407
2024-03-14 09:45:00,443.54069999999996
2024-03-14 10:00:00,400.6932
2024-03-14 10:15:00,440.09319999999997
2024-03-14 10:30:00,435.8931999999999
2024-03-14 10:45:00,368.8932
2024-03-14 11:00:00,164.48350000000005
2024-03-14 11:15:00,178.88350000000008
2024-03-14 11:30:00,183.08350000000007
2024-03-14 11:45:00,186.68350000000004
2024-03-14 12:00:00,90.44230000000006
2024-03-14 12:15:00,56.64230000000006
2024-03-14 12:30:00,46.04230000000004
2024-03-14 12:45:00,-7.557699999999926
2024-03-14 13:00:00,-53.35960000000006
2024-03-14 13:15:00,-80.95960000000014
2024-03-14 13:30:00,-29.159600000000125
2024-03-14 13:45:00,12.040399999999863
2024-03-14 14:00:00,334.0132
2024-03-14 14:15:00,317.2131999999999
2024-03-14 14:30:00,443.2131999999999
2024-03-14 14:45:00,380.2131999999999
2024-03-14 15:00:00,612.5713
2024-03-14 15:15:00,612.3713
2024-03-14 15:30:00,578.7713
2024-03-14 15:45:00,659.9712999999999
2024-03-14 16:00:00,874.6261999999999
2024-03-14 16:15:00,875.2262000000001
2024-03-14 16:30:00,993.6262
2024-03-14 16:45:00,944.6261999999999
2024-03-14 17:00:00,1280.7316
2024-03-14 17:15:00,1127.1316000000002
2024-03-14 17:30:00,981.5315999999999
2024-03-14 17:45:00,1024.7316
2024-03-14 18:00:00,1193.8000000000002
2024-03-14 18:15:00,1148.2
2024-03-14 18:30:00,1075.4
2024-03-14 18:45:00,982.0
2024-03-14 19:00:00,903.4
2024-03-14 19:15:00,883.8
2024-03-14 19:30:00,843.0
2024-03-14 19:45:00,817.8
2024-03-14 20:00:00,865.0
2024-03-14 20:15:00,832.5999999999999
2024-03-14 20:30:00,765.2
2024-03-14 20:45:00,744.5999999999999
2024-03-14 21:00:00,760.5999999999999
2024-03-14 21:15:00,716.6
2024-03-14 21:30:00,691.0
2024-03-14 21:45:00,692.8
2024-03-14 22:00:00,676.4000000000001
2024-03-14 22:15:00,660.8
2024-03-14 22:30:00,637.2
2024-03-14 22:45:00,632.2
2024-03-14 23:00:00,615.4
2024-03-14 23:15:00,718.6000000000001
2024-03-14 23:30:00,711.0
2024-03-14 23:45:00,665.2
2024-03-15 00:00:00,595.4
2024-03-15 00:15:00,551.0
2024-03-15 00:30:00,597.0
2024-03-15 00:45:00,595.6
2024-03-15 01:00:00,587.8
2024-03-15 01:15:00,531.0
2024-03-15 01:30:00,523.4
2024-03-15 01:45:00,615.8
2024-03-15 02:00:00,582.0
2024-03-15 02:15:00,556.0
2024-03-15 02:30:00,539.6
2024-03-15 02:45:00,518.2
2024-03-15 03:00:00,519.0
2024-03-15 03:15:00,523.1999999999999
2024-03-15 03:30:00,519.8
2024-03-15 03:45:00,520.6
2024-03-15 04:00:00,603.4000000000001
2024-03-15 04:15:00,557.6
2024-03-15 04:30:00,553.8
2024-03-15 04:45:00,524.4
2024-03-15 05:00:00,630.6
2024-03-15 05:15:00,677.0
2024-03-15 05:30:00,559.0
2024-03-15 05:45:00,540.4
2024-03-15 06:00:00,544.4
2024-03-15 06:15:00,542.8
2024-03-15 06:30:00,555.2
2024-03-15 06:45:00,556.5999999999999
2024-03-15 07:00:00,614.605
2024-03-15 07:15:00,620.205
2024-03-15 07:30:00,603.0050000000001
2024-03-15 07:45:00,641.605
2024-03-15 08:00:00,610.6926000000001
2024-03-15 08:15:00,777.6926000000001
2024-03-15 08:30:00,862.4926
2024-03-15 08:45:00,951.0926
2024-03-15 09:00:00,990.6452999999999
2024-03-15 09:15:00,1055.6453000000001
2024-03-15 09:30:00,1116.4453
2024-03-15 09:45:00,1183.4452999999999
2024-03-15 10:00:00,1220.4558
2024-03-15 10:15:00,1307.2558
2024-03-15 10:30:00,1316.6558
2024-03-15 10:45:00,1251.2558
2024-03-15 11:00:00,1214.8885
2024-03-15 11:15:00,1212.8885
2024-03-15 11:30:00,1158.0885
2024-03-15 11:45:00,1187.4885
2024-03-15 12:00:00,1126.0112
2024-03-15 12:15:00,1040.8112
2024-03-15 12:30:00,1058.4112
2024-03-15 12:45:00,1019.2112
2024-03-15 13:00:00,1010.9062
2024-03-15 13:15:00,1022.5062
2024-03-15 13:30:00,996.7062
2024-03-15 13:45:00,1038.5062
2024-03-15 14:00:00,1119.6419
2024-03-15 14:15:00,1179.4419
2024-03-15 14:30:00,1174.4419
2024-03-15 14:45:00,1336.8419000000001
2024-03-15 15:00:00,1255.2834
2024-03-15 15:15:00,1302.2834
2024-03-15 15:30:00,1202.8834000000002
2024-03-15 15:45:00,1253.6834000000001
2024-03-15 16:00:00,1339.6099
2024-03-15 16:15:00,1355.4099
2024-03-15 16:30:00,1342.6099
2024-03-15 16:45:00,1344.6099
2024-03-15 17:00:00,1339.4563
2024-03-15 17:15:00,1287.2563
2024-03-15 17:30:00,1333.2563
2024-03-15 17:45:00,1283.8563
2024-03-15 18:00:00,1221.0
2024-03-15 18:15:00,1091.6
2024-03-15 18:30:00,1030.6
2024-03-15 18:45:00,978.4
2024-03-15 19:00:00,948.2
2024-03-15 19:15:00,875.5999999999999
2024-03-15 19:30:00,857.6
2024-03-15 19:45:00,856.6
2024-03-15 20:00:00,832.2
2024-03-15 20:15:00,802.1999999999999
2024-03-15 20:30:00,796.4000000000001
2024-03-15 20:45:00,773.0
2024-03-15 21:00:00,760.0
2024-03-15 21:15:00,734.8
2024-03-15 21:30:00,721.1999999999999
2024-03-15 21:45:00,728.8000000000001
2024-03-15 22:00:00,689.6
2024-03-15 22:15:00,672.4000000000001
2024-03-15 22:30:00,666.4
2024-03-15 22:45:00,619.5999999999999
2024-03-15 23:00:00,631.6
2024-03-15 23:15:00,944.0
2024-03-15 23:30:00,881.4
2024-03-15 23:45:00,745.0
2024-03-16 00:00:00,624.4
2024-03-16 00:15:00,603.0
2024-03-16 00:30:00,583.2
2024-03-16 00:45:00,556.6
2024-03-16 01:00:00,616.0
2024-03-16 01:15:00,580.2
2024-03-16 01:30:00,657.0
2024-03-16 01:45:00,642.0
2024-03-16 02:00:00,594.2
2024-03-16 02:15:00,557.6
2024-03-16 02:30:00,513.8
2024-03-16 02:45:00,513.2
2024-03-16 03:00:00,521.4000000000001
2024-03-16 03:15:00,516.1999999999999
2024-03-16 03:30:00,511.4
2024-03-16 03:45:00,601.0
2024-03-16 04:00:00,560.4
2024-03-16 04:15:00,534.0
2024-03-16 04:30:00,507.2
2024-03-16 04:45:00,510.6
2024-03-16 05:00:00,513.4
2024-03-16 05:15:00,510.00000000000006
2024-03-16 05:30:00,520.6
2024-03-16 05:45:00,580.6
2024-03-16 06:00:00,548.0
2024-03-16 06:15:00,511.6
2024-03-16 06:30:00,612.0
2024-03-16 06:45:00,570.2
2024-03-16 07:00:00,525.4314999999999
2024-03-16 07:15:00,564.8315
2024-03-16 07:30:00,571.8315
2024-03-16 07:45:00,536.0315
2024-03-16 08:00:00,630.213
2024-03-16 08:15:00,701.213
2024-03-16 08:30:00,687.213
2024-03-16 08:45:00,649.413
2024-03-16 09:00:00,630.0530000000001
2024-03-16 09:15:00,609.2529999999999
2024-03-16 09:30:00,656.253
2024-03-16 09:45:00,828.453
2024-03-16 10:00:00,780.0559000000001
2024-03-16 10:15:00,775.4559
2024-03-16 10:30:00,790.4559
2024-03-16 10:45:00,846.8559
2024-03-16 11:00:00,888.6329000000001
2024-03-16 11:15:00,798.4329
2024-03-16 11:30:00,797.8329000000001
2024-03-16 11:45:00,772.4329
2024-03-16 12:00:00,745.0273
2024-03-16 12:15:00,747.2273
2024-03-16 12:30:00,722.4273000000001
2024-03-16 12:45:00,766.4273000000001
2024-03-16 13:00:00,719.4047
2024-03-16 13:15:00,721.0047
2024-03-16 13:30:00,724.4047
2024-03-16 13:45:00,731.8047000000001
2024-03-16 14:00:00,755.9992
2024-03-16 14:15:00,827.7991999999999
2024-03-16 14:30:00,861.3992000000001
2024-03-16 14:45:00,764.7991999999999
2024-03-16 15:00:00,912.6467
2024-03-16 15:15:00,912.8467
2024-03-16 15:30:00,819.0467000000001
2024-03-16 15:45:00,893.6467
2024-03-16 16:00:00,978.8149000000001
2024-03-16 16:15:00,979.2149
2024-03-16 16:30:00,1008.2149
2024-03-16 16:45:00,848.8149
2024-03-16 17:00:00,936.026
2024-03-16 17:15:00,903.2259999999999
2024-03-16 17:30:00,913.026
2024-03-16 17:45:00,839.6260000000001
2024-03-16 18:00:00,843.6
2024-03-16 18:15:00,793.8
2024-03-16 18:30:00,820.6
2024-03-16 18:45:00,780.8
2024-03-16 19:00:00,753.4000000000001
2024-03-16 19:15:00,685.6
2024-03-16 19:30:00,722.6
2024-03-16 19:45:00,704.8
2024-03-16 20:00:00,666.4
2024-03-16 20:15:00,669.1999999999999
2024-03-16 20:30:00,678.8
2024-03-16 20:45:00,663.8
2024-03-16 21:00:00,764.0
2024-03-16 21:15:00,730.4000000000001
2024-03-16 21:30:00,657.4000000000001
2024-03-16 21:45:00,626.8
2024-03-16 22:00:00,619.2
2024-03-16 22:15:00,579.6
2024-03-16 22:30:00,619.8
2024-03-16 22:45:00,563.4000000000001
2024-03-16 23:00:00,619.5999999999999
2024-03-16 23:15:00,779.8
2024-03-16 23:30:00,738.0
2024-03-16 23:45:00,872.0
2024-03-17 00:00:00,642.0
2024-03-17 00:15:00,616.0
2024-03-17 00:30:00,668.0
2024-03-17 00:45:00,827.8
2024-03-17 01:00:00,650.8
2024-03-17 01:15:00,615.8
2024-03-17 01:30:00,604.2
2024-03-17 01:45:00,534.8
2024-03-17 02:00:00,530.2
2024-03-17 02:15:00,525.4
2024-03-17 02:30:00,540.0
2024-03-17 02:45:00,481.20000000000005
2024-03-17 03:00:00,501.6
2024-03-17 03:15:00,480.00000000000006
2024-03-17 03:30:00,472.6
2024-03-17 03:45:00,491.59999999999997
2024-03-17 04:00:00,479.0
2024-03-17 04:15:00,476.59999999999997
2024-03-17 04:30:00,467.0
2024-03-17 04:45:00,467.80000000000007
2024-03-17 05:00:00,469.0
2024-03-17 05:15:00,471.8
2024-03-17 05:30:00,530.6
2024-03-17 05:45:00,528.0
2024-03-17 06:00:00,465.2
2024-03-17 06:15:00,470.0
2024-03-17 06:30:00,503.2
2024-03-17 06:45:00,487.99999999999994
2024-03-17 07:00:00,449.17359999999996
2024-03-17 07:15:00,452.57360000000006
2024-03-17 07:30:00,460.17359999999996
2024-03-17 07:45:00,464.7736
2024-03-17 08:00:00,503.6142
2024-03-17 08:15:00,447.2142
2024-03-17 08:30:00,521.8142
2024-03-17 08:45:00,618.4141999999999
2024-03-17 09:00:00,555.2416999999999
2024-03-17 09:15:00,494.2417
2024-03-17 09:30:00,456.6417
2024-03-17 09:45:00,543.4417
2024-03-17 10:00:00,464.3491
2024-03-17 10:15:00,461.9491
2024-03-17 10:30:00,441.34909999999996
2024-03-17 10:45:00,413.94910000000004
2024-03-17 11:00:00,358.5245
2024-03-17 11:15:00,385.9245
2024-03-17 11:30:00,379.32449999999994
2024-03-17 11:45:00,376.5245
2024-03-17 12:00:00,334.1159
2024-03-17 12:15:00,360.31590000000006
2024-03-17 12:30:00,348.71590000000003
2024-03-17 12:45:00,322.11590000000007
2024-03-17 13:00:00,373.74930000000006
2024-03-17 13:15:00,360.74930000000006
2024-03-17 13:30:00,363.14930000000004
2024-03-17 13:45:00,353.7493
2024-03-17 14:00:00,422.7742
2024-03-17 14:15:00,465.9742
2024-03-17 14:30:00,467.5742
2024-03-17 14:45:00,452.9742
2024-03-17 15:00:00,593.4141
2024-03-17 15:15:00,734.4141
2024-03-17 15:30:00,633.8141
2024-03-17 15:45:00,574.8141
2024-03-17 16:00:00,653.4201
2024-03-17 16:15:00,653.2201
2024-03-17 16:30:00,658.6201
2024-03-17 16:45:00,608.0201000000001
2024-03-17 17:00:00,682.7517
2024-03-17 17:15:00,620.7517
2024-03-17 17:30:00,619.5517
2024-03-17 17:45:00,587.3517
2024-03-17 18:00:00,639.2
2024-03-17 18:15:00,621.4
2024-03-17 18:30:00,653.2
2024-03-17 18:45:00,639.8
2024-03-17 19:00:00,644.2
2024-03-17 19:15:00,641.0
2024-03-17 19:30:00,639.0
2024-03-17 19:45:00,636.4
2024-03-17 20:00:00,641.8
2024-03-17 20:15:00,724.8000000000001
2024-03-17 20:30:00,627.0
2024-03-17 20:45:00,620.6
2024-03-17 21:00:00,608.0
2024-03-17 21:15:00,618.2
2024-03-17 21:30:00,609.2
2024-03-17 21:45:00,592.5999999999999
2024-03-17 22:00:00,607.6
2024-03-17 22:15:00,593.8
2024-03-17 22:30:00,572.2
2024-03-17 22:45:00,555.1999999999999
2024-03-17 23:00:00,639.0
2024-03-17 23:15:00,818.2
2024-03-17 23:30:00,651.2
2024-03-17 23:45:00,633.0
2024-03-18 00:00:00,565.5999999999999
2024-03-18 00:15:00,613.2
2024-03-18 00:30:00,604.0
2024-03-18 00:45:00,602.8
2024-03-18 01:00:00,577.1999999999999
2024-03-18 01:15:00,533.2
2024-03-18 01:30:00,505.4
2024-03-18 01:45:00,491.59999999999997
2024-03-18 02:00:00,502.2
2024-03-18 02:15:00,501.0
2024-03-18 02:30:00,501.0
2024-03-18 02:45:00,561.8
2024-03-18 03:00:00,556.6
2024-03-18 03:15:00,513.2
2024-03-18 03:30:00,506.2
2024-03-18 03:45:00,518.4000000000001
2024-03-18 04:00:00,518.2
2024-03-18 04:15:00,518.8
2024-03-18 04:30:00,511.6
2024-03-18 04:45:00,526.2
2024-03-18 05:00:00,503.20000000000005
2024-03-18 05:15:00,543.8
2024-03-18 05:30:00,620.0
2024-03-18 05:45:00,588.4000000000001
2024-03-18 06:00:00,578.5999999999999
2024-03-18 06:15:00,540.0
2024-03-18 06:30:00,536.0
2024-03-18 06:45:00,524.2
2024-03-18 07:00:00,529.1658
2024-03-18 07:15:00,571.9658
2024-03-18 07:30:00,615.5658
2024-03-18 07:45:00,657.1658
2024-03-18 08:00:00,630.9103
2024-03-18 08:15:00,804.5103
2024-03-18 08:30:00,1037.7103
2024-03-18 08:45:00,1239.1102999999998
2024-03-18 09:00:00,1339.2408
2024-03-18 09:15:00,1305.8408
2024-03-18 09:30:00,1428.8408
2024-03-18 09:45:00,1584.8408
2024-03-18 10:00:00,1532.5487
2024-03-18 10:15:00,1583.5486999999998
2024-03-18 10:30:00,1679.3487
2024-03-18 10:45:00,1775.7487
2024-03-18 11:00:00,1664.0001000000002
2024-03-18 11:15:00,1587.8001
2024-03-18 11:30:00,1662.0001
2024-03-18 11:45:00,1672.4000999999998
2024-03-18 12:00:00,1612.663
2024-03-18 12:15:00,1504.8629999999998
2024-03-18 12:30:00,1497.4630000000002
2024-03-18 12:45:00,1549.263
2024-03-18 13:00:00,1491.4351000000001
2024-03-18 13:15:00,1497.4351000000001
2024-03-18 13:30:00,1469.6351
2024-03-18 13:45:00,1513.6351
2024-03-18 14:00:00,1624.9272
2024-03-18 14:15:00,1733.3272000000002
2024-03-18 14:30:00,1758.7271999999998
2024-03-18 14:45:00,1768.3271999999997
2024-03-18 15:00:00,1859.6371
2024-03-18 15:15:00,1812.2371
2024-03-18 15:30:00,1704.8371000000002
2024-03-18 15:45:00,1740.4371
2024-03-18 16:00:00,1871.5284000000001
2024-03-18 16:15:00,1929.1284
2024-03-18 16:30:00,2114.1284
2024-03-18 16:45:00,2008.7284
2024-03-18 17:00:00,2035.6307000000002
2024-03-18 17:15:00,1916.4307
2024-03-18 17:30:00,1882.0307000000003
2024-03-18 17:45:00,1731.0307
2024-03-18 18:00:00,1577.2
2024-03-18 18:15:00,1513.0
2024-03-18 18:30:00,1436.2
2024-03-18 18:45:00,1333.0
2024-03-18 19:00:00,1286.4
2024-03-18 19:15:00,1289.4
2024-03-18 19:30:00,1190.4
2024-03-18 19:45:00,1126.3999999999999
2024-03-18 20:00:00,1114.8
2024-03-18 20:15:00,1064.0
2024-03-18 20:30:00,987.8
2024-03-18 20:45:00,909.8
2024-03-18 21:00:00,964.8
2024-03-18 21:15:00,980.8
2024-03-18 21:30:00,907.5999999999999
2024-03-18 21:45:00,882.0000000000001
2024-03-18 22:00:00,836.1999999999999
2024-03-18 22:15:00,800.4000000000001
2024-03-18 22:30:00,801.4
2024-03-18 22:45:00,743.2
2024-03-18 23:00:00,716.2
2024-03-18 23:15:00,1107.1999999999998
2024-03-18 23:30:00,1131.2
2024-03-18 23:45:00,1021.5999999999999
2024-03-19 00:00:00,964.0
2024-03-19 00:15:00,809.2
2024-03-19 00:30:00,752.1999999999999
2024-03-19 00:45:00,668.4
2024-03-19 01:00:00,600.4000000000001
2024-03-19 01:15:00,576.0
2024-03-19 01:30:00,585.6
2024-03-19 01:45:00,587.1999999999999
2024-03-19 02:00:00,590.5999999999999
2024-03-19 02:15:00,588.4
2024-03-19 02:30:00,568.0
2024-03-19 02:45:00,558.4
2024-03-19 03:00:00,571.8000000000001
2024-03-19 03:15:00,599.5999999999999
2024-03-19 03:30:00,596.8
2024-03-19 03:45:00,591.0
2024-03-19 04:00:00,582.8
2024-03-19 04:15:00,553.8
2024-03-19 04:30:00,577.2
2024-03-19 04:45:00,563.0
2024-03-19 05:00:00,562.0
2024-03-19 05:15:00,651.2
2024-03-19 05:30:00,653.8
2024-03-19 05:45:00,661.2
2024-03-19 06:00:00,656.6
2024-03-19 06:15:00,708.6
2024-03-19 06:30:00,736.6
2024-03-19 06:45:00,703.2
2024-03-19 07:00:00,632.0773
2024-03-19 07:15:00,679.6773000000001
2024-03-19 07:30:00,699.6773
2024-03-19 07:45:00,631.6773
2024-03-19 08:00:00,584.0887
2024-03-19 08:15:00,729.4887
2024-03-19 08:30:00,761.4887000000001
2024-03-19 08:45:00,895.2887000000001
2024-03-19 09:00:00,882.9782
2024-03-19 09:15:00,1042.9782
2024-03-19 09:30:00,943.1782000000001
2024-03-19 09:45:00,997.9782
2024-03-19 10:00:00,711.4637
2024-03-19 10:15:00,732.8637
2024-03-19 10:30:00,808.2637000000001
2024-03-19 10:45:00,1031.2637
2024-03-19 11:00:00,929.4021
2024-03-19 11:15:00,842.8021000000001
2024-03-19 11:30:00,822.8021000000001
2024-03-19 11:45:00,825.2021000000001
2024-03-19 12:00:00,814.6908999999999
2024-03-19 12:15:00,713.6909
2024-03-19 12:30:00,643.2909
2024-03-19 12:45:00,560.0909
2024-03-19 13:00:00,502.72260000000006
2024-03-19 13:15:00,497.9226
2024-03-19 13:30:00,513.5226
2024-03-19 13:45:00,574.1225999999999
2024-03-19 14:00:00,579.6031
2024-03-19 14:15:00,678.0031
2024-03-19 14:30:00,615.6031
2024-03-19 14:45:00,627.6030999999999
2024-03-19 15:00:00,716.1305
2024-03-19 15:15:00,745.1305
2024-03-19 15:30:00,652.5305000000001
2024-03-19 15:45:00,716.7305000000001
2024-03-19 16:00:00,798.1411
2024-03-19 16:15:00,1059.9411
2024-03-19 16:30:00,1097.7411000000002
2024-03-19 16:45:00,943.1411
2024-03-19 17:00:00,1093.4118
2024-03-19 17:15:00,1123.6118
2024-03-19 17:30:00,1080.0118
2024-03-19 17:45:00,947.4118000000001
2024-03-19 18:00:00,1080.8
2024-03-19 18:15:00,975.4000000000001
2024-03-19 18:30:00,1043.2
2024-03-19 18:45:00,946.2
2024-03-19 19:00:00,910.2
2024-03-19 19:15:00,853.8
2024-03-19 19:30:00,844.8
2024-03-19 19:45:00,857.2
2024-03-19 20:00:00,837.8
2024-03-19 20:15:00,812.5999999999999
2024-03-19 20:30:00,796.8
2024-03-19 20:45:00,778.2
2024-03-19 21:00:00,762.4
2024-03-19 21:15:00,721.8
2024-03-19 21:30:00,721.6
2024-03-19 21:45:00,726.8
2024-03-19 22:00:00,694.0
2024-03-19 22:15:00,680.8000000000001
2024-03-19 22:30:00,675.8
2024-03-19 22:45:00,662.8
2024-03-19 23:00:00,655.4
2024-03-19 23:15:00,844.6
2024-03-19 23:30:00,856.5999999999999
2024-03-19 23:45:00,800.8
2024-03-20 00:00:00,703.4
2024-03-20 00:15:00,630.2
2024-03-20 00:30:00,565.4000000000001
2024-03-20 00:45:00,558.8
2024-03-20 01:00:00,649.8
2024-03-20 01:15:00,601.0
2024-03-20 01:30:00,614.4000000000001
2024-03-20 01:45:00,572.6
2024-03-20 02:00:00,560.0
2024-03-20 02:15:00,551.2
2024-03-20 02:30:00,531.8
2024-03-20 02:45:00,523.4
2024-03-20 03:00:00,538.2
2024-03-20 03:15:00,528.2
2024-03-20 03:30:00,537.1999999999999
2024-03-20 03:45:00,523.0
2024-03-20 04:00:00,545.8
2024-03-20 04:15:00,529.4
2024-03-20 04:30:00,541.6
2024-03-20 04:45:00,548.1999999999999
2024-03-20 05:00:00,599.2
2024-03-20 05:15:00,583.0
2024-03-20 05:30:00,565.5999999999999
2024-03-20 05:45:00,544.2
2024-03-20 06:00:00,546.2
2024-03-20 06:15:00,562.4
2024-03-20 06:30:00,555.4000000000001
2024-03-20 06:45:00,586.0
2024-03-20 07:00:00,474.025
2024-03-20 07:15:00,497.625
2024-03-20 07:30:00,551.825
2024-03-20 07:45:00,535.425
2024-03-20 08:00:00,588.0271
2024-03-20 08:15:00,630.2271000000001
2024-03-20 08:30:00,720.4271
2024-03-20 08:45:00,721.8271
2024-03-20 09:00:00,714.069
2024-03-20 09:15:00,684.4689999999999
2024-03-20 09:30:00,757.669
2024-03-20 09:45:00,801.269
2024-03-20 10:00:00,682.2314
2024-03-20 10:15:00,691.2314
2024-03-20 10:30:00,766.2314
2024-03-20 10:45:00,752.0314000000001
2024-03-20 11:00:00,519.1499
2024-03-20 11:15:00,505.34990000000005
2024-03-20 11:30:00,534.3498999999999
2024-03-20 11:45:00,507.94989999999996
2024-03-20 12:00:00,579.5165
2024-03-20 12:15:00,540.9165
2024-03-20 12:30:00,472.11650000000003
2024-03-20 12:45:00,382.31649999999996
2024-03-20 13:00:00,160.26469999999995
2024-03-20 13:15:00,118.06469999999996
2024-03-20 13:30:00,160.46470000000002
2024-03-20 13:45:00,205.4647
2024-03-20 14:00:00,456.9869
2024-03-20 14:15:00,533.1868999999999
2024-03-20 14:30:00,481.58690000000007
2024-03-20 14:45:00,540.5869
2024-03-20 15:00:00,508.8784
2024-03-20 15:15:00,506.6784
2024-03-20 15:30:00,524.8784
2024-03-20 15:45:00,516.8784
2024-03-20 16:00:00,883.3738000000001
2024-03-20 16:15:00,950.5738000000001
2024-03-20 16:30:00,961.9738
2024-03-20 16:45:00,874.9738
2024-03-20 17:00:00,1031.9283
2024-03-20 17:15:00,971.9283
2024-03-20 17:30:00,928.1283
2024-03-20 17:45:00,890.3283
2024-03-20 18:00:00,993.4000000000001
2024-03-20 18:15:00,937.0
2024-03-20 18:30:00,922.5999999999999
2024-03-20 18:45:00,946.0
2024-03-20 19:00:00,838.0
2024-03-20 19:15:00,809.5999999999999
2024-03-20 19:30:00,812.0
2024-03-20 19:45:00,777.0
2024-03-20 20:00:00,768.4
2024-03-20 20:15:00,748.0
2024-03-20 20:30:00,773.5999999999999
2024-03-20 20:45:00,736.2
2024-03-20 21:00:00,714.4
2024-03-20 21:15:00,684.5999999999999
2024-03-20 21:30:00,678.4000000000001
2024-03-20 21:45:00,650.6
2024-03-20 22:00:00,635.4000000000001
2024-03-20 22:15:00,624.2
2024-03-20 22:30:00,631.0
2024-03-20 22:45:00,596.6
2024-03-20 23:00:00,584.1999999999999
2024-03-20 23:15:00,730.0
2024-03-20 23:30:00,730.6
2024-03-20 23:45:00,684.8
2024-03-21 00:00:00,591.0
2024-03-21 00:15:00,533.0
2024-03-21 00:30:00,499.20000000000005
2024-03-21 00:45:00,555.4
2024-03-21 01:00:00,545.6
2024-03-21 01:15:00,541.6
2024-03-21 01:30:00,524.4
2024-03-21 01:45:00,563.1999999999999
2024-03-21 02:00:00,552.6
2024-03-21 02:15:00,564.4
2024-03-21 02:30:00,503.59999999999997
2024-03-21 02:45:00,502.4
2024-03-21 03:00:00,502.6
2024-03-21 03:15:00,490.00000000000006
2024-03-21 03:30:00,505.6
2024-03-21 03:45:00,507.00000000000006
2024-03-21 04:00:00,568.8000000000001
2024-03-21 04:15:00,551.8000000000001
2024-03-21 04:30:00,542.6
2024-03-21 04:45:00,531.6
2024-03-21 05:00:00,522.2
2024-03-21 05:15:00,565.0
2024-03-21 05:30:00,606.2
2024-03-21 05:45:00,595.8
2024-03-21 06:00:00,729.6000000000001
2024-03-21 06:15:00,661.8
2024-03-21 06:30:00,561.8
2024-03-21 06:45:00,543.4
2024-03-21 07:00:00,538.8549
2024-03-21 07:15:00,551.4549
2024-03-21 07:30:00,597.2549
2024-03-21 07:45:00,608.4549
2024-03-21 08:00:00,649.145
2024-03-21 08:15:00,736.9449999999999
2024-03-21 08:30:00,835.5450000000001
2024-03-21 08:45:00,1074.945
2024-03-21 09:00:00,1069.8309
2024-03-21 09:15:00,1084.2309
2024-03-21 09:30:00,1127.8309
2024-03-21 09:45:00,1047.4309
2024-03-21 10:00:00,1083.6497
2024-03-21 10:15:00,1196.2497
2024-03-21 10:30:00,1144.6497
2024-03-21 10:45:00,1244.4497
2024-03-21 11:00:00,1313.0435
2024-03-21 11:15:00,1211.8435
2024-03-21 11:30:00,1185.0435
2024-03-21 11:45:00,1176.4435
2024-03-21 12:00:00,1102.985
2024-03-21 12:15:00,1033.385
2024-03-21 12:30:00,998.9849999999999
2024-03-21 12:45:00,998.985
2024-03-21 13:00:00,910.6273000000001
2024-03-21 13:15:00,881.0273
2024-03-21 13:30:00,939.8273000000002
2024-03-21 13:45:00,1002.2273
2024-03-21 14:00:00,1068.7294000000002
2024-03-21 14:15:00,1076.3294
2024-03-21 14:30:00,1136.3294
2024-03-21 14:45:00,1092.7294
2024-03-21 15:00:00,1119.0880000000002
2024-03-21 15:15:00,1072.888
2024-03-21 15:30:00,1030.888
2024-03-21 15:45:00,1112.288
2024-03-21 16:00:00,1224.8088
2024-03-21 16:15:00,1222.2087999999999
2024-03-21 16:30:00,1188.4088
2024-03-21 16:45:00,1144.6088
2024-03-21 17:00:00,1246.3603
2024-03-21 17:15:00,1226.9603
2024-03-21 17:30:00,1140.9603
2024-03-21 17:45:00,1097.3603
2024-03-21 18:00:00,1053.0
2024-03-21 18:15:00,989.6
2024-03-21 18:30:00,964.4
2024-03-21 18:45:00,898.1999999999999
2024-03-21 19:00:00,886.0
2024-03-21 19:15:00,872.0
2024-03-21 19:30:00,843.6
2024-03-21 19:45:00,825.4000000000001
2024-03-21 20:00:00,797.2
2024-03-21 20:15:00,887.0
2024-03-21 20:30:00,824.8
2024-03-21 20:45:00,767.4
2024-03-21 21:00:00,756.5999999999999
2024-03-21 21:15:00,723.4
2024-03-21 21:30:00,729.4
2024-03-21 21:45:00,718.0
2024-03-21 22:00:00,665.2
2024-03-21 22:15:00,783.4
2024-03-21 22:30:00,665.4
2024-03-21 22:45:00,631.5999999999999
2024-03-21 23:00:00,620.8
2024-03-21 23:15:00,963.2
2024-03-21 23:30:00,924.8
2024-03-21 23:45:00,855.1999999999999
2024-03-22 00:00:00,667.4
2024-03-22 00:15:00,699.6
2024-03-22 00:30:00,655.4
2024-03-22 00:45:00,606.0
2024-03-22 01:00:00,557.4
2024-03-22 01:15:00,542.8
2024-03-22 01:30:00,552.2
2024-03-22 01:45:00,585.0
2024-03-22 02:00:00,553.2
2024-03-22 02:15:00,540.4
2024-03-22 02:30:00,531.8
2024-03-22 02:45:00,516.2
2024-03-22 03:00:00,520.4
2024-03-22 03:15:00,523.4
2024-03-22 03:30:00,534.1999999999999
2024-03-22 03:45:00,524.8
2024-03-22 04:00:00,524.6
2024-03-22 04:15:00,592.0
2024-03-22 04:30:00,657.1999999999999
2024-03-22 04:45:00,618.0
2024-03-22 05:00:00,549.4
2024-03-22 05:15:00,530.0
2024-03-22 05:30:00,525.2
2024-03-22 05:45:00,538.8
2024-03-22 06:00:00,533.2
2024-03-22 06:15:00,659.0
2024-03-22 06:30:00,695.4
2024-03-22 06:45:00,553.0
2024-03-22 07:00:00,527.4905
2024-03-22 07:15:00,513.6904999999999
2024-03-22 07:30:00,584.6905
2024-03-22 07:45:00,557.6905
2024-03-22 08:00:00,434.07270000000005
2024-03-22 08:15:00,492.8727
2024-03-22 08:30:00,601.2727
2024-03-22 08:45:00,690.2727
2024-03-22 09:00:00,768.2812000000001
2024-03-22 09:15:00,791.0811999999999
2024-03-22 09:30:00,820.8812
2024-03-22 09:45:00,815.0812
2024-03-22 10:00:00,720.3747000000001
2024-03-22 10:15:00,660.9747
2024-03-22 10:30:00,644.5747
2024-03-22 10:45:00,665.3747000000001
2024-03-22 11:00:00,599.0926000000001
2024-03-22 11:15:00,621.2926
2024-03-22 11:30:00,627.6926000000001
2024-03-22 11:45:00,584.6926000000001
2024-03-22 12:00:00,540.3881
2024-03-22 12:15:00,480.1881000000001
2024-03-22 12:30:00,424.1881000000001
2024-03-22 12:45:00,359.3881
2024-03-22 13:00:00,347.2009
2024-03-22 13:15:00,348.6009
2024-03-22 13:30:00,343.4009
2024-03-22 13:45:00,451.80089999999996
2024-03-22 14:00:00,537.2532
2024-03-22 14:15:00,791.4532
2024-03-22 14:30:00,652.4532
2024-03-22 14:45:00,701.6532
2024-03-22 15:00:00,717.2143
2024-03-22 15:15:00,685.2143
2024-03-22 15:30:00,750.8143
2024-03-22 15:45:00,806.0142999999999
2024-03-22 16:00:00,1113.0661
2024-03-22 16:15:00,1215.6661000000001
2024-03-22 16:30:00,972.4660999999999
2024-03-22 16:45:00,947.6661
2024-03-22 17:00:00,1132.1576
2024-03-22 17:15:00,979.5576000000001
2024-03-22 17:30:00,973.3576
2024-03-22 17:45:00,976.5575999999999
2024-03-22 18:00:00,1061.8
2024-03-22 18:15:00,948.5999999999999
2024-03-22 18:30:00,910.0
2024-03-22 18:45:00,815.0
2024-03-22 19:00:00,764.8
2024-03-22 19:15:00,742.2
2024-03-22 19:30:00,740.4000000000001
2024-03-22 19:45:00,727.5999999999999
2024-03-22 20:00:00,708.4
2024-03-22 20:15:00,732.2
2024-03-22 20:30:00,689.0
2024-03-22 20:45:00,705.0
2024-03-22 21:00:00,672.8000000000001
2024-03-22 21:15:00,665.6
2024-03-22 21:30:00,670.6
2024-03-22 21:45:00,647.2
2024-03-22 22:00:00,723.0
2024-03-22 22:15:00,590.0
2024-03-22 22:30:00,614.8
2024-03-22 22:45:00,570.4000000000001
2024-03-22 23:00:00,619.0
2024-03-22 23:15:00,760.8
2024-03-22 23:30:00,719.6
2024-03-22 23:45:00,589.0
2024-03-23 00:00:00,523.0
2024-03-23 00:15:00,524.6
2024-03-23 00:30:00,497.20000000000005
2024-03-23 00:45:00,638.4000000000001
2024-03-23 01:00:00,578.6
2024-03-23 01:15:00,621.4
2024-03-23 01:30:00,609.2
2024-03-23 01:45:00,630.1999999999999
2024-03-23 02:00:00,634.0
2024-03-23 02:15:00,633.4000000000001
2024-03-23 02:30:00,594.4
2024-03-23 02:45:00,498.59999999999997
2024-03-23 03:00:00,506.8
2024-03-23 03:15:00,492.0
2024-03-23 03:30:00,500.20000000000005
2024-03-23 03:45:00,479.8
2024-03-23 04:00:00,475.59999999999997
2024-03-23 04:15:00,534.8
2024-03-23 04:30:00,533.2
2024-03-23 04:45:00,501.6
2024-03-23 05:00:00,480.2
2024-03-23 05:15:00,479.6
2024-03-23 05:30:00,530.8
2024-03-23 05:45:00,504.4
2024-03-23 06:00:00,473.0
2024-03-23 06:15:00,486.40000000000003
2024-03-23 06:30:00,488.20000000000005
2024-03-23 06:45:00,523.0
2024-03-23 07:00:00,226.82160000000002
2024-03-23 07:15:00,185.02160000000003
2024-03-23 07:30:00,210.4216
2024-03-23 07:45:00,210.4216
2024-03-23 08:00:00,-108.8258
2024-03-23 08:15:00,-77.82580000000002
2024-03-23 08:30:00,16.574200000000005
2024-03-23 08:45:00,-14.625800000000034
2024-03-23 09:00:00,-243.96090000000004
2024-03-23 09:15:00,-267.16089999999997
2024-03-23 09:30:00,-263.56090000000006
2024-03-23 09:45:00,-246.16090000000003
2024-03-23 10:00:00,-463.8541
2024-03-23 10:15:00,-427.8541
2024-03-23 10:30:00,-493.6541000000001
2024-03-23 10:45:00,-448.45410000000004
2024-03-23 11:00:00,-765.1605000000001
2024-03-23 11:15:00,-767.7605000000001
2024-03-23 11:30:00,-761.9605000000001
2024-03-23 11:45:00,-768.9605000000001
2024-03-23 12:00:00,-914.3783999999999
2024-03-23 12:15:00,-912.5784
2024-03-23 12:30:00,-930.3784
2024-03-23 12:45:00,-906.1784
2024-03-23 13:00:00,-860.0658
2024-03-23 13:15:00,-871.2658
2024-03-23 13:30:00,-831.8658
2024-03-23 13:45:00,-811.2658
2024-03-23 14:00:00,-525.5687
2024-03-23 14:15:00,-455.5686999999999
2024-03-23 14:30:00,-441.76869999999997
2024-03-23 14:45:00,-531.7687000000001
2024-03-23 15:00:00,-217.62250000000003
2024-03-23 15:15:00,-223.8225
2024-03-23 15:30:00,-267.02250000000004
2024-03-23 15:45:00,-256.4225
2024-03-23 16:00:00,301.5062
2024-03-23 16:15:00,380.7062000000001
2024-03-23 16:30:00,309.7062
2024-03-23 16:45:00,339.70619999999997
2024-03-23 17:00:00,584.8082
2024-03-23 17:15:00,464.20820000000003
2024-03-23 17:30:00,504.6082
2024-03-23 17:45:00,503.0082
2024-03-23 18:00:00,653.4
2024-03-23 18:15:00,658.4
2024-03-23 18:30:00,702.2
2024-03-23 18:45:00,687.2
2024-03-23 19:00:00,609.5999999999999
2024-03-23 19:15:00,696.0
2024-03-23 19:30:00,616.0
2024-03-23 19:45:00,600.0
2024-03-23 20:00:00,618.8
2024-03-23 20:15:00,593.0
2024-03-23 20:30:00,625.8
2024-03-23 20:45:00,642.0
2024-03-23 21:00:00,573.1999999999999
2024-03-23 21:15:00,600.8
2024-03-23 21:30:00,598.2
2024-03-23 21:45:00,575.5999999999999
2024-03-23 22:00:00,561.8
2024-03-23 22:15:00,595.6
2024-03-23 22:30:00,565.0
2024-03-23 22:45:00,553.6
2024-03-23 23:00:00,559.8000000000001
2024-03-23 23:15:00,956.0
2024-03-23 23:30:00,708.2
2024-03-23 23:45:00,766.5999999999999
2024-03-24 00:00:00,639.4000000000001
2024-03-24 00:15:00,658.6000000000001
2024-03-24 00:30:00,638.4
2024-03-24 00:45:00,638.1999999999999
2024-03-24 01:00:00,579.4
2024-03-24 01:15:00,592.8
2024-03-24 01:30:00,628.4
2024-03-24 01:45:00,597.4
2024-03-24 02:00:00,574.1999999999999
2024-03-24 02:15:00,565.4
2024-03-24 02:30:00,612.6
2024-03-24 02:45:00,561.0
2024-03-24 03:00:00,580.8000000000001
2024-03-24 03:15:00,563.4
2024-03-24 03:30:00,598.4
2024-03-24 03:45:00,493.4
2024-03-24 04:00:00,473.0
2024-03-24 04:15:00,475.99999999999994
2024-03-24 04:30:00,482.6
2024-03-24 04:45:00,473.2
2024-03-24 05:00:00,473.6
2024-03-24 05:15:00,477.79999999999995
2024-03-24 05:30:00,533.2
2024-03-24 05:45:00,557.0
2024-03-24 06:00:00,509.4
2024-03-24 06:15:00,474.8
2024-03-24 06:30:00,473.79999999999995
2024-03-24 06:45:00,481.2
2024-03-24 07:00:00,192.34369999999998
2024-03-24 07:15:00,233.3437
2024-03-24 07:30:00,191.3437
2024-03-24 07:45:00,267.9437
2024-03-24 08:00:00,-20.554900000000014
2024-03-24 08:15:00,35.645099999999985
2024-03-24 08:30:00,82.64509999999999
2024-03-24 08:45:00,79.04509999999999
2024-03-24 09:00:00,-248.75059999999996
2024-03-24 09:15:00,-247.3506
2024-03-24 09:30:00,-219.5506
2024-03-24 09:45:00,-211.3506
2024-03-24 10:00:00,-572.7384
2024-03-24 10:15:00,-557.7384
2024-03-24 10:30:00,-585.5383999999999
2024-03-24 10:45:00,-429.73839999999996
2024-03-24 11:00:00,-865.2487000000001
2024-03-24 11:15:00,-955.0487
2024-03-24 11:30:00,-951.2487000000001
2024-03-24 11:45:00,-956.8487000000001
2024-03-24 12:00:00,-1060.1246
2024-03-24 12:15:00,-1025.3246
2024-03-24 12:30:00,-987.1246
2024-03-24 12:45:00,-927.3246
2024-03-24 13:00:00,-998.9064999999999
2024-03-24 13:15:00,-1080.7064999999998
2024-03-24 13:30:00,-1071.1064999999999
2024-03-24 13:45:00,-1063.3064999999997
2024-03-24 14:00:00,-676.7858
2024-03-24 14:15:00,-537.3857999999999
2024-03-24 14:30:00,-595.1858
2024-03-24 14:45:00,-651.9858
2024-03-24 15:00:00,-239.72619999999998
2024-03-24 15:15:00,-153.32620000000003
2024-03-24 15:30:00,-233.7262
2024-03-24 15:45:00,-305.32620000000003
2024-03-24 16:00:00,113.2606
2024-03-24 16:15:00,183.66060000000004
2024-03-24 16:30:00,226.6606
2024-03-24 16:45:00,269.0606
2024-03-24 17:00:00,512.069
2024-03-24 17:15:00,419.269
2024-03-24 17:30:00,411.669
2024-03-24 17:45:00,471.66900000000004
2024-03-24 18:00:00,661.4000000000001
2024-03-24 18:15:00,607.6
2024-03-24 18:30:00,613.0
2024-03-24 18:45:00,598.6
2024-03-24 19:00:00,603.6
2024-03-24 19:15:00,595.4
2024-03-24 19:30:00,598.0
2024-03-24 19:45:00,640.5999999999999
2024-03-24 20:00:00,629.2
2024-03-24 20:15:00,610.8
2024-03-24 20:30:00,591.4000000000001
2024-03-24 20:45:00,591.0
2024-03-24 21:00:00,573.4000000000001
2024-03-24 21:15:00,585.6
2024-03-24 21:30:00,575.8
2024-03-24 21:45:00,554.0
2024-03-24 22:00:00,595.2
2024-03-24 22:15:00,566.2
2024-03-24 22:30:00,550.4
2024-03-24 22:45:00,532.0
2024-03-24 23:00:00,580.8
2024-03-24 23:15:00,697.0
2024-03-24 23:30:00,655.2
2024-03-24 23:45:00,590.0
2024-03-25 00:00:00,529.4
2024-03-25 00:15:00,553.6
2024-03-25 00:30:00,535.6
2024-03-25 00:45:00,526.6
2024-03-25 01:00:00,658.4
2024-03-25 01:15:00,602.0
2024-03-25 01:30:00,679.4
2024-03-25 01:45:00,673.8000000000001
2024-03-25 02:00:00,572.0
2024-03-25 02:15:00,510.0
2024-03-25 02:30:00,569.0
2024-03-25 02:45:00,511.4
2024-03-25 03:00:00,503.79999999999995
2024-03-25 03:15:00,482.0
2024-03-25 03:30:00,474.0
2024-03-25 03:45:00,480.4
2024-03-25 04:00:00,576.1999999999999
2024-03-25 04:15:00,552.4
2024-03-25 04:30:00,522.8
2024-03-25 04:45:00,475.0
2024-03-25 05:00:00,552.0
2024-03-25 05:15:00,525.2
2024-03-25 05:30:00,540.4
2024-03-25 05:45:00,511.20000000000005
2024-03-25 06:00:00,506.40000000000003
2024-03-25 06:15:00,532.4000000000001
2024-03-25 06:30:00,525.5999999999999
2024-03-25 06:45:00,623.8
2024-03-25 07:00:00,562.814
2024-03-25 07:15:00,563.2139999999999
2024-03-25 07:30:00,574.614
2024-03-25 07:45:00,552.8140000000001
2024-03-25 08:00:00,657.3859
2024-03-25 08:15:00,718.7859
2024-03-25 08:30:00,860.9858999999999
2024-03-25 08:45:00,987.3859
2024-03-25 09:00:00,1113.66
2024-03-25 09:15:00,1009.6600000000001
2024-03-25 09:30:00,1030.46
2024-03-25 09:45:00,1143.06
2024-03-25 10:00:00,1300.6577
2024-03-25 10:15:00,1188.4577
2024-03-25 10:30:00,1209.8577
2024-03-25 10:45:00,1245.8577
2024-03-25 11:00:00,1335.9759
2024-03-25 11:15:00,1209.9759000000001
2024-03-25 11:30:00,1220.3759
2024-03-25 11:45:00,1233.7759
2024-03-25 12:00:00,1223.7617
2024-03-25 12:15:00,1286.5617000000002
2024-03-25 12:30:00,1201.9616999999998
2024-03-25 12:45:00,1099.5617
2024-03-25 13:00:00,1066.7786999999998
2024-03-25 13:15:00,1050.9787000000001
2024-03-25 13:30:00,1078.9787000000001
2024-03-25 13:45:00,1138.9787
2024-03-25 14:00:00,1203.1135
2024-03-25 14:15:00,1164.9134999999999
2024-03-25 14:30:00,1200.1135
2024-03-25 14:45:00,1186.9135
2024-03-25 15:00:00,1256.1203
2024-03-25 15:15:00,1263.7203000000002
2024-03-25 15:30:00,1357.3203
2024-03-25 15:45:00,1282.1203
2024-03-25 16:00:00,1320.6545
2024-03-25 16:15:00,1363.4545
2024-03-25 16:30:00,1327.2545
2024-03-25 16:45:00,1363.8545
2024-03-25 17:00:00,1278.9641000000001
2024-03-25 17:15:00,1293.7640999999999
2024-03-25 17:30:00,1221.5641
2024-03-25 17:45:00,1125.7641
2024-03-25 18:00:00,1098.2
2024-03-25 18:15:00,1026.6000000000001
2024-03-25 18:30:00,1018.4
2024-03-25 18:45:00,922.8000000000001
2024-03-25 19:00:00,901.6
2024-03-25 19:15:00,891.8000000000001
2024-03-25 19:30:00,896.2
2024-03-25 19:45:00,831.3999999999999
2024-03-25 20:00:00,837.4
2024-03-25 20:15:00,847.4000000000001
2024-03-25 20:30:00,809.5999999999999
2024-03-25 20:45:00,779.4000000000001
2024-03-25 21:00:00,762.8
2024-03-25 21:15:00,773.0
2024-03-25 21:30:00,742.4
2024-03-25 21:45:00,751.5999999999999
2024-03-25 22:00:00,802.2
2024-03-25 22:15:00,779.6
2024-03-25 22:30:00,717.2
2024-03-25 22:45:00,662.4
2024-03-25 23:00:00,662.2
2024-03-25 23:15:00,902.5999999999999
2024-03-25 23:30:00,839.4000000000001
2024-03-25 23:45:00,735.4000000000001
2024-03-26 00:00:00,687.6
2024-03-26 00:15:00,709.0
2024-03-26 00:30:00,692.5999999999999
2024-03-26 00:45:00,735.5999999999999
2024-03-26 01:00:00,713.4000000000001
2024-03-26 01:15:00,622.2
2024-03-26 01:30:00,578.0
2024-03-26 01:45:00,562.6
2024-03-26 02:00:00,536.6
2024-03-26 02:15:00,631.0
2024-03-26 02:30:00,599.8
2024-03-26 02:45:00,570.4
2024-03-26 03:00:00,536.6
2024-03-26 03:15:00,537.4
2024-03-26 03:30:00,542.0
2024-03-26 03:45:00,558.4000000000001
2024-03-26 04:00:00,545.1999999999999
2024-03-26 04:15:00,554.4
2024-03-26 04:30:00,540.8
2024-03-26 04:45:00,563.2
2024-03-26 05:00:00,555.4000000000001
2024-03-26 05:15:00,579.2
2024-03-26 05:30:00,590.2
2024-03-26 05:45:00,587.8
2024-03-26 06:00:00,568.0
2024-03-26 06:15:00,564.8
2024-03-26 06:30:00,563.8
2024-03-26 06:45:00,561.8
2024-03-26 07:00:00,614.4493
2024-03-26 07:15:00,599.0492999999999
2024-03-26 07:30:00,627.2493000000001
2024-03-26 07:45:00,633.8493
2024-03-26 08:00:00,780.3385
2024-03-26 08:15:00,740.5385
2024-03-26 08:30:00,798.5385000000001
2024-03-26 08:45:00,884.3385000000001
2024-03-26 09:00:00,956.983
2024-03-26 09:15:00,899.5830000000001
2024-03-26 09:30:00,977.183
2024-03-26 09:45:00,1011.783
2024-03-26 10:00:00,1046.5818
2024-03-26 10:15:00,1032.9818
2024-03-26 10:30:00,1046.5818
2024-03-26 10:45:00,971.3817999999999
2024-03-26 11:00:00,984.9572000000001
2024-03-26 11:15:00,996.1572000000001
2024-03-26 11:30:00,999.1572
2024-03-26 11:45:00,960.3571999999999
2024-03-26 12:00:00,973.6786
2024-03-26 12:15:00,875.6786
2024-03-26 12:30:00,808.4786
2024-03-26 12:45:00,769.0786
2024-03-26 13:00:00,730.3257
2024-03-26 13:15:00,740.9257
2024-03-26 13:30:00,762.5256999999999
2024-03-26 13:45:00,815.9257
2024-03-26 14:00:00,862.2524000000001
2024-03-26 14:15:00,974.6524000000002
2024-03-26 14:30:00,1067.2523999999999
2024-03-26 14:45:00,1074.0524
2024-03-26 15:00:00,1005.9348
2024-03-26 15:15:00,997.5347999999999
2024-03-26 15:30:00,970.5348
2024-03-26 15:45:00,1014.1348
2024-03-26 16:00:00,1046.1307
2024-03-26 16:15:00,1178.9307
2024-03-26 16:30:00,1068.5307
2024-03-26 16:45:00,1171.7307
2024-03-26 17:00:00,1113.6025
2024-03-26 17:15:00,1216.2024999999999
2024-03-26 17:30:00,1089.2025
2024-03-26 17:45:00,1069.6025
2024-03-26 18:00:00,1017.0
2024-03-26 18:15:00,964.4
2024-03-26 18:30:00,927.4
2024-03-26 18:45:00,943.8000000000001
2024-03-26 19:00:00,910.4000000000001
2024-03-26 19:15:00,823.0
2024-03-26 19:30:00,819.1999999999999
2024-03-26 19:45:00,823.5999999999999
2024-03-26 20:00:00,915.2
2024-03-26 20:15:00,876.0
2024-03-26 20:30:00,821.8
2024-03-26 20:45:00,769.2
2024-03-26 21:00:00,723.2
2024-03-26 21:15:00,722.4
2024-03-26 21:30:00,705.4000000000001
2024-03-26 21:45:00,690.8
2024-03-26 22:00:00,688.1999999999999
2024-03-26 22:15:00,685.8
2024-03-26 22:30:00,661.8
2024-03-26 22:45:00,638.2
2024-03-26 23:00:00,626.0
2024-03-26 23:15:00,855.2
2024-03-26 23:30:00,733.1999999999999
2024-03-26 23:45:00,653.0
2024-03-27 00:00:00,699.8000000000001
2024-03-27 00:15:00,615.4
2024-03-27 00:30:00,598.6
2024-03-27 00:45:00,563.6
2024-03-27 01:00:00,543.2
2024-03-27 01:15:00,503.40000000000003
2024-03-27 01:30:00,492.4
2024-03-27 01:45:00,496.4
2024-03-27 02:00:00,635.8000000000001
2024-03-27 02:15:00,523.4
2024-03-27 02:30:00,489.0
2024-03-27 02:45:00,517.4
2024-03-27 03:00:00,523.4
2024-03-27 03:15:00,494.6
2024-03-27 03:30:00,484.40000000000003
2024-03-27 03:45:00,482.0
2024-03-27 04:00:00,484.20000000000005
2024-03-27 04:15:00,478.59999999999997
2024-03-27 04:30:00,479.00000000000006
2024-03-27 04:45:00,474.8
2024-03-27 05:00:00,470.8
2024-03-27 05:15:00,522.8
2024-03-27 05:30:00,523.4
2024-03-27 05:45:00,500.6
2024-03-27 06:00:00,628.2
2024-03-27 06:15:00,608.4
2024-03-27 06:30:00,615.0
2024-03-27 06:45:00,605.6
2024-03-27 07:00:00,534.4027
2024-03-27 07:15:00,544.2027
2024-03-27 07:30:00,568.4027000000001
2024-03-27 07:45:00,629.8027
2024-03-27 08:00:00,633.2514
2024-03-27 08:15:00,708.0514000000001
2024-03-27 08:30:00,814.8514000000001
2024-03-27 08:45:00,932.0514000000001
2024-03-27 09:00:00,913.6367
2024-03-27 09:15:00,855.8367
2024-03-27 09:30:00,835.4367
2024-03-27 09:45:00,960.6367
2024-03-27 10:00:00,909.0585000000001
2024-03-27 10:15:00,918.8585
2024-03-27 10:30:00,983.0585000000001
2024-03-27 10:45:00,972.8585
2024-03-27 11:00:00,894.3911
2024-03-27 11:15:00,865.1911
2024-03-27 11:30:00,873.5911000000001
2024-03-27 11:45:00,841.3911
2024-03-27 12:00:00,784.7917
2024-03-27 12:15:00,763.5917000000001
2024-03-27 12:30:00,731.7917
2024-03-27 12:45:00,638.1917000000001
2024-03-27 13:00:00,648.3665
2024-03-27 13:15:00,610.7665
2024-03-27 13:30:00,634.5665
2024-03-27 13:45:00,717.9665
2024-03-27 14:00:00,787.0776999999999
2024-03-27 14:15:00,802.8777
2024-03-27 14:30:00,868.0777
2024-03-27 14:45:00,972.0777
2024-03-27 15:00:00,980.3489
2024-03-27 15:15:00,927.3489
2024-03-27 15:30:00,928.3489000000001
2024-03-27 15:45:00,993.7488999999999
2024-03-27 16:00:00,1114.8016
2024-03-27 16:15:00,1140.6016
2024-03-27 16:30:00,1165.6016
2024-03-27 16:45:00,1094.0016
2024-03-27 17:00:00,1192.4748000000002
2024-03-27 17:15:00,1114.4748
2024-03-27 17:30:00,1042.8748
2024-03-27 17:45:00,977.0748
2024-03-27 18:00:00,991.0
2024-03-27 18:15:00,956.0
2024-03-27 18:30:00,925.2
2024-03-27 18:45:00,849.8
2024-03-27 19:00:00,823.8
2024-03-27 19:15:00,817.4
2024-03-27 19:30:00,894.5999999999999
2024-03-27 19:45:00,879.6
2024-03-27 20:00:00,794.5999999999999
2024-03-27 20:15:00,788.0
2024-03-27 20:30:00,754.8000000000001
2024-03-27 20:45:00,749.0
2024-03-27 21:00:00,719.5999999999999
2024-03-27 21:15:00,683.8
2024-03-27 21:30:00,682.0
2024-03-27 21:45:00,665.9999999999999
2024-03-27 22:00:00,631.8
2024-03-27 22:15:00,653.4
2024-03-27 22:30:00,679.6
2024-03-27 22:45:00,665.8
2024-03-27 23:00:00,664.2
2024-03-27 23:15:00,896.8
2024-03-27 23:30:00,835.4
2024-03-27 23:45:00,629.2
2024-03-28 00:00:00,572.0
2024-03-28 00:15:00,549.2
2024-03-28 00:30:00,758.2
2024-03-28 00:45:00,673.4
2024-03-28 01:00:00,619.1999999999999
2024-03-28 01:15:00,617.4
2024-03-28 01:30:00,574.4
2024-03-28 01:45:00,543.6
2024-03-28 02:00:00,519.6
2024-03-28 02:15:00,532.2
2024-03-28 02:30:00,528.4
2024-03-28 02:45:00,563.6
2024-03-28 03:00:00,576.0
2024-03-28 03:15:00,575.4
2024-03-28 03:30:00,577.4
2024-03-28 03:45:00,610.0
2024-03-28 04:00:00,581.6
2024-03-28 04:15:00,557.8000000000001
2024-03-28 04:30:00,530.4
2024-03-28 04:45:00,553.6
2024-03-28 05:00:00,536.8
2024-03-28 05:15:00,624.0
2024-03-28 05:30:00,586.4
2024-03-28 05:45:00,554.2
2024-03-28 06:00:00,554.2
2024-03-28 06:15:00,551.1999999999999
2024-03-28 06:30:00,552.4
2024-03-28 06:45:00,556.8
2024-03-28 07:00:00,489.6874
2024-03-28 07:15:00,530.0874
2024-03-28 07:30:00,567.2874
2024-03-28 07:45:00,541.4874
2024-03-28 08:00:00,507.06520000000006
2024-03-28 08:15:00,532.2652
2024-03-28 08:30:00,545.8652000000001
2024-03-28 08:45:00,690.4652000000001
2024-03-28 09:00:00,519.6283999999999
2024-03-28 09:15:00,482.8284
2024-03-28 09:30:00,569.0283999999999
2024-03-28 09:45:00,583.6284
2024-03-28 10:00:00,416.7134
2024-03-28 10:15:00,551.3134
2024-03-28 10:30:00,503.91339999999997
2024-03-28 10:45:00,480.51340000000005
2024-03-28 11:00:00,294.40590000000003
2024-03-28 11:15:00,293.0059
2024-03-28 11:30:00,289.2059
2024-03-28 11:45:00,295.4059
2024-03-28 12:00:00,186.9446999999999
2024-03-28 12:15:00,100.54469999999989
2024-03-28 12:30:00,40.14469999999989
2024-03-28 12:45:00,-21.455300000000136
2024-03-28 13:00:00,0.9439000000000153
2024-03-28 13:15:00,4.143900000000002
2024-03-28 13:30:00,7.343899999999962
2024-03-28 13:45:00,84.74390000000004
2024-03-28 14:00:00,302.69219999999996
2024-03-28 14:15:00,472.2922
2024-03-28 14:30:00,403.2922
2024-03-28 14:45:00,356.4922
2024-03-28 15:00:00,567.2178
2024-03-28 15:15:00,537.2178
2024-03-28 15:30:00,574.8178
2024-03-28 15:45:00,626.4178
2024-03-28 16:00:00,856.915
2024-03-28 16:15:00,915.115
2024-03-28 16:30:00,1026.7150000000001
2024-03-28 16:45:00,889.315
2024-03-28 17:00:00,1132.8645
2024-03-28 17:15:00,1110.8645000000001
2024-03-28 17:30:00,1032.8645
2024-03-28 17:45:00,1005.0645
2024-03-28 18:00:00,1025.3999999999999
2024-03-28 18:15:00,951.2
2024-03-28 18:30:00,921.2
2024-03-28 18:45:00,863.8
2024-03-28 19:00:00,832.6
2024-03-28 19:15:00,822.4
2024-03-28 19:30:00,793.0
2024-03-28 19:45:00,757.8000000000001
2024-03-28 20:00:00,818.6
2024-03-28 20:15:00,802.4
2024-03-28 20:30:00,708.0
2024-03-28 20:45:00,703.4
2024-03-28 21:00:00,700.5999999999999
2024-03-28 21:15:00,676.4000000000001
2024-03-28 21:30:00,663.4
2024-03-28 21:45:00,657.5999999999999
2024-03-28 22:00:00,637.6
2024-03-28 22:15:00,628.5999999999999
2024-03-28 22:30:00,606.6
2024-03-28 22:45:00,605.2
2024-03-28 23:00:00,575.6
2024-03-28 23:15:00,877.0
2024-03-28 23:30:00,800.2
2024-03-28 23:45:00,689.1999999999999
2024-03-29 00:00:00,650.4000000000001
2024-03-29 00:15:00,551.6
2024-03-29 00:30:00,509.79999999999995
2024-03-29 00:45:00,492.0
2024-03-29 01:00:00,497.6
2024-03-29 01:15:00,500.59999999999997
2024-03-29 01:30:00,572.4
2024-03-29 01:45:00,615.2
2024-03-29 02:00:00,502.2
2024-03-29 02:15:00,498.0
2024-03-29 02:30:00,475.0
2024-03-29 02:45:00,480.0
2024-03-29 03:00:00,480.4
2024-03-29 03:15:00,530.6
2024-03-29 03:30:00,509.2
2024-03-29 03:45:00,489.0
2024-03-29 04:00:00,484.20000000000005
2024-03-29 04:15:00,483.6
2024-03-29 04:30:00,478.99999999999994
2024-03-29 04:45:00,485.4
2024-03-29 05:00:00,483.80000000000007
2024-03-29 05:15:00,479.79999999999995
2024-03-29 05:30:00,479.0
2024-03-29 05:45:00,560.4000000000001
2024-03-29 06:00:00,533.4271
2024-03-29 06:15:00,540.6271
2024-03-29 06:30:00,493.0271
2024-03-29 06:45:00,516.8271
2024-03-29 07:00:00,227.296
2024-03-29 07:15:00,205.69600000000003
2024-03-29 07:30:00,252.69600000000003
2024-03-29 07:45:00,274.896
2024-03-29 08:00:00,-65.71930000000003
2024-03-29 08:15:00,-89.7193
2024-03-29 08:30:00,31.88069999999999
2024-03-29 08:45:00,89.08069999999995
2024-03-29 09:00:00,-255.1164
2024-03-29 09:15:00,-244.51639999999998
2024-03-29 09:30:00,-222.31639999999993
2024-03-29 09:45:00,-189.91639999999995
2024-03-29 10:00:00,-452.6654
2024-03-29 10:15:00,-331.6654
2024-03-29 10:30:00,-274.2654
2024-03-29 10:45:00,-244.86540000000002
2024-03-29 11:00:00,-491.73709999999994
2024-03-29 11:15:00,-450.9371
2024-03-29 11:30:00,-550.3371
2024-03-29 11:45:00,-524.7370999999998
2024-03-29 12:00:00,-700.0959
2024-03-29 12:15:00,-749.0959
2024-03-29 12:30:00,-754.2959
2024-03-29 12:45:00,-774.0959
2024-03-29 13:00:00,-722.1564000000001
2024-03-29 13:15:00,-767.5563999999999
2024-03-29 13:30:00,-752.3564000000001
2024-03-29 13:45:00,-675.9564000000001
2024-03-29 14:00:00,-382.72749999999996
2024-03-29 14:15:00,-191.72750000000008
2024-03-29 14:30:00,-176.3275
2024-03-29 14:45:00,-275.5275000000001
2024-03-29 15:00:00,104.79760000000002
2024-03-29 15:15:00,49.797600000000074
2024-03-29 15:30:00,78.39760000000004
2024-03-29 15:45:00,282.99760000000003
2024-03-29 16:00:00,765.2541000000001
2024-03-29 16:15:00,640.4540999999999
2024-03-29 16:30:00,515.8541
2024-03-29 16:45:00,607.4541
2024-03-29 17:00:00,928.409
2024-03-29 17:15:00,1020.2090000000001
2024-03-29 17:30:00,930.6089999999999
2024-03-29 17:45:00,866.809
2024-03-29 18:00:00,1096.8562000000002
2024-03-29 18:15:00,1000.4562000000001
2024-03-29 18:30:00,959.2562
2024-03-29 18:45:00,872.6562
2024-03-29 19:00:00,901.2
2024-03-29 19:15:00,886.6
2024-03-29 19:30:00,831.6
2024-03-29 19:45:00,800.4000000000001
2024-03-29 20:00:00,808.3999999999999
2024-03-29 20:15:00,832.2
2024-03-29 20:30:00,778.0
2024-03-29 20:45:00,708.9999999999999
2024-03-29 21:00:00,682.0
2024-03-29 21:15:00,658.8
2024-03-29 21:30:00,653.8
2024-03-29 21:45:00,641.8
2024-03-29 22:00:00,622.2
2024-03-29 22:15:00,603.0
2024-03-29 22:30:00,584.6
2024-03-29 22:45:00,578.4
2024-03-29 23:00:00,555.4
2024-03-29 23:15:00,857.1999999999999
2024-03-29 23:30:00,760.4000000000001
2024-03-29 23:45:00,723.6
2024-03-30 00:00:00,596.8
2024-03-30 00:15:00,604.0
2024-03-30 00:30:00,550.4
2024-03-30 00:45:00,507.0
2024-03-30 01:00:00,472.6
2024-03-30 01:15:00,535.0
2024-03-30 01:30:00,468.0
2024-03-30 01:45:00,471.79999999999995
2024-03-30 02:00:00,464.4
2024-03-30 02:15:00,535.6
2024-03-30 02:30:00,528.0
2024-03-30 02:45:00,501.0
2024-03-30 03:00:00,531.2
2024-03-30 03:15:00,524.2
2024-03-30 03:30:00,520.6
2024-03-30 03:45:00,487.0
2024-03-30 04:00:00,468.6
2024-03-30 04:15:00,522.4
2024-03-30 04:30:00,511.19999999999993
2024-03-30 04:45:00,559.0
2024-03-30 05:00:00,550.8
2024-03-30 05:15:00,489.20000000000005
2024-03-30 05:30:00,553.8
2024-03-30 05:45:00,509.20000000000005
2024-03-30 06:00:00,503.4
2024-03-30 06:15:00,503.79999999999995
2024-03-30 06:30:00,487.0
2024-03-30 06:45:00,529.8
2024-03-30 07:00:00,353.5127
2024-03-30 07:15:00,260.3127
2024-03-30 07:30:00,277.3127
2024-03-30 07:45:00,318.3127
2024-03-30 08:00:00,70.7355
2024-03-30 08:15:00,111.3355
2024-03-30 08:30:00,92.7355
2024-03-30 08:45:00,159.73550000000003
2024-03-30 09:00:00,-63.588499999999954
2024-03-30 09:15:00,-59.98849999999999
2024-03-30 09:30:00,19.81150000000001
2024-03-30 09:45:00,25.21150000000003
2024-03-30 10:00:00,-242.83720000000002
2024-03-30 10:15:00,-208.43720000000002
2024-03-30 10:30:00,-147.0372
2024-03-30 10:45:00,-130.2372
2024-03-30 11:00:00,-236.6577
2024-03-30 11:15:00,-292.0577
2024-03-30 11:30:00,-334.05769999999995
2024-03-30 11:45:00,-325.25769999999994
2024-03-30 12:00:00,-388.86389999999983
2024-03-30 12:15:00,-418.46389999999985
2024-03-30 12:30:00,-414.06389999999993
2024-03-30 12:45:00,-402.46389999999985
2024-03-30 13:00:00,-463.0195
2024-03-30 13:15:00,-449.01949999999994
2024-03-30 13:30:00,-398.81950000000006
2024-03-30 13:45:00,-394.8195
2024-03-30 14:00:00,-224.9409000000001
2024-03-30 14:15:00,-237.94090000000017
2024-03-30 14:30:00,-234.34090000000015
2024-03-30 14:45:00,-259.34090000000003
2024-03-30 15:00:00,9.925300000000078
2024-03-30 15:15:00,204.12530000000012
2024-03-30 15:30:00,208.72530000000012
2024-03-30 15:45:00,203.52530000000007
2024-03-30 16:00:00,522.7571
2024-03-30 16:15:00,672.1571000000001
2024-03-30 16:30:00,586.1571000000001
2024-03-30 16:45:00,600.7571000000002
2024-03-30 17:00:00,881.4635999999999
2024-03-30 17:15:00,803.2636
2024-03-30 17:30:00,740.6636
2024-03-30 17:45:00,655.2636
2024-03-30 18:00:00,850.0627000000001
2024-03-30 18:15:00,852.2627000000001
2024-03-30 18:30:00,865.4626999999999
2024-03-30 18:45:00,771.0627
2024-03-30 19:00:00,795.4000000000001
2024-03-30 19:15:00,763.0
2024-03-30 19:30:00,731.6
2024-03-30 19:45:00,711.4
2024-03-30 20:00:00,714.4000000000001
2024-03-30 20:15:00,721.0
2024-03-30 20:30:00,716.0
2024-03-30 20:45:00,706.8
2024-03-30 21:00:00,703.6
2024-03-30 21:15:00,696.4000000000001
2024-03-30 21:30:00,656.0
2024-03-30 21:45:00,649.2
2024-03-30 22:00:00,639.2
2024-03-30 22:15:00,603.1999999999999
2024-03-30 22:30:00,557.2
2024-03-30 22:45:00,538.6
2024-03-30 23:00:00,528.4
2024-03-30 23:15:00,669.0
2024-03-30 23:30:00,678.8
2024-03-30 23:45:00,602.4
2024-03-31 00:00:00,558.1999999999999
2024-03-31 00:15:00,545.8
2024-03-31 00:30:00,579.4
2024-03-31 00:45:00,554.6
2024-03-31 01:00:00,539.5999999999999
2024-03-31 01:15:00,515.1999999999999
2024-03-31 01:30:00,541.8
2024-03-31 01:45:00,498.8
2024-03-31 02:00:00,493.40000000000003
2024-03-31 02:15:00,586.2
2024-03-31 02:30:00,521.4
2024-03-31 02:45:00,555.1999999999999
2024-03-31 03:00:00,655.4
2024-03-31 03:15:00,584.2
2024-03-31 03:30:00,528.8
2024-03-31 03:45:00,464.20000000000005
2024-03-31 04:00:00,464.2
2024-03-31 04:15:00,462.8
2024-03-31 04:30:00,554.4
2024-03-31 04:45:00,528.5999999999999
2024-03-31 05:00:00,591.4
2024-03-31 05:15:00,528.8
2024-03-31 05:30:00,496.0
2024-03-31 05:45:00,451.6
2024-03-31 06:00:00,443.8
2024-03-31 06:15:00,453.4
2024-03-31 06:30:00,495.79999999999995
2024-03-31 06:45:00,486.6
2024-03-31 07:00:00,360.03139999999996
2024-03-31 07:15:00,421.63140000000004
2024-03-31 07:30:00,403.2314
2024-03-31 07:45:00,397.2314
2024-03-31 08:00:00,330.9171
2024-03-31 08:15:00,411.91710000000006
2024-03-31 08:30:00,371.7171
2024-03-31 08:45:00,317.11710000000005
2024-03-31 09:00:00,221.4887
2024-03-31 09:15:00,370.0887
2024-03-31 09:30:00,338.48870000000005
2024-03-31 09:45:00,307.2887
2024-03-31 10:00:00,239.96730000000002
2024-03-31 10:15:00,225.76729999999998
2024-03-31 10:30:00,250.1673
2024-03-31 10:45:00,219.1673
2024-03-31 11:00:00,187.33700000000002
2024-03-31 11:15:00,168.93700000000004
2024-03-31 11:30:00,171.937
2024-03-31 11:45:00,183.33700000000002
2024-03-31 12:00:00,148.624
2024-03-31 12:15:00,157.024
2024-03-31 12:30:00,157.024
2024-03-31 12:45:00,176.224
2024-03-31 13:00:00,239.43420000000003
2024-03-31 13:15:00,256.43420000000003
2024-03-31 13:30:00,287.43420000000003
2024-03-31 13:45:00,319.2342
2024-03-31 14:00:00,438.6261
2024-03-31 14:15:00,462.0261
2024-03-31 14:30:00,418.02610000000004
2024-03-31 14:45:00,370.8261
2024-03-31 15:00:00,551.6993
2024-03-31 15:15:00,563.8993
2024-03-31 15:30:00,553.4993000000001
2024-03-31 15:45:00,551.4993000000001
2024-03-31 16:00:00,599.0431000000001
2024-03-31 16:15:00,659.8431
2024-03-31 16:30:00,642.0431
2024-03-31 16:45:00,692.0431000000001
2024-03-31 17:00:00,783.3488
2024-03-31 17:15:00,731.7488000000001
2024-03-31 17:30:00,715.3488
2024-03-31 17:45:00,640.9488
2024-03-31 18:00:00,711.0
2024-03-31 18:15:00,696.6
2024-03-31 18:30:00,689.8
2024-03-31 18:45:00,655.8
2024-03-31 19:00:00,643.2
2024-03-31 19:15:00,791.4000000000001
2024-03-31 19:30:00,705.8
2024-03-31 19:45:00,671.1999999999999
2024-03-31 20:00:00,653.0
2024-03-31 20:15:00,680.4000000000001
2024-03-31 20:30:00,645.6
2024-03-31 20:45:00,610.0
2024-03-31 21:00:00,641.8
2024-03-31 21:15:00,587.8
2024-03-31 21:30:00,660.8
2024-03-31 21:45:00,579.4
2024-03-31 22:00:00,604.8
2024-03-31 22:15:00,569.6
2024-03-31 22:30:00,564.0
2024-03-31 22:45:00,541.4
2024-03-31 23:00:00,562.6
2024-03-31 23:15:00,807.6
2024-03-31 23:30:00,731.4
2024-03-31 23:45:00,582.6
2024-04-01 00:00:00,523.4
2024-04-01 00:15:00,508.4
2024-04-01 00:30:00,459.4
2024-04-01 00:45:00,463.59999999999997
2024-04-01 01:00:00,473.8
2024-04-01 01:15:00,466.40000000000003
2024-04-01 01:30:00,501.4
2024-04-01 01:45:00,492.6
2024-04-01 02:00:00,492.0
2024-04-01 02:15:00,474.59999999999997
2024-04-01 02:30:00,547.8000000000001
2024-04-01 02:45:00,634.4
2024-04-01 03:00:00,617.8
2024-04-01 03:15:00,559.8
2024-04-01 03:30:00,476.0
2024-04-01 03:45:00,453.6
2024-04-01 04:00:00,513.6
2024-04-01 04:15:00,474.6
2024-04-01 04:30:00,455.6
2024-04-01 04:45:00,459.80000000000007
2024-04-01 05:00:00,456.8
2024-04-01 05:15:00,524.6
2024-04-01 05:30:00,509.4
2024-04-01 05:45:00,484.4
2024-04-01 06:00:00,556.0
2024-04-01 06:15:00,559.0
2024-04-01 06:30:00,487.79999999999995
2024-04-01 06:45:00,496.20000000000005
2024-04-01 07:00:00,314.7894
2024-04-01 07:15:00,317.58939999999996
2024-04-01 07:30:00,374.58939999999996
2024-04-01 07:45:00,386.7894
2024-04-01 08:00:00,257.8488
2024-04-01 08:15:00,330.4488
2024-04-01 08:30:00,471.4488
2024-04-01 08:45:00,566.2488
2024-04-01 09:00:00,550.9451
2024-04-01 09:15:00,606.1451
2024-04-01 09:30:00,678.7451
2024-04-01 09:45:00,934.7451000000001
2024-04-01 10:00:00,766.5875
2024-04-01 10:15:00,750.1875000000001
2024-04-01 10:30:00,764.9875000000001
2024-04-01 10:45:00,657.5875
2024-04-01 11:00:00,410.11350000000004
2024-04-01 11:15:00,412.7135
2024-04-01 11:30:00,424.5135000000001
2024-04-01 11:45:00,445.31350000000003
2024-04-01 12:00:00,537.2944
2024-04-01 12:15:00,461.6944000000001
2024-04-01 12:30:00,521.4944
2024-04-01 12:45:00,396.8944
2024-04-01 13:00:00,115.38159999999999
2024-04-01 13:15:00,56.38159999999997
2024-04-01 13:30:00,126.78159999999995
2024-04-01 13:45:00,204.5816
2024-04-01 14:00:00,372.5196000000001
2024-04-01 14:15:00,461.1196
2024-04-01 14:30:00,488.1196
2024-04-01 14:45:00,556.3196
2024-04-01 15:00:00,553.9648
2024-04-01 15:15:00,646.7648
2024-04-01 15:30:00,572.5648
2024-04-01 15:45:00,445.5648
2024-04-01 16:00:00,858.2696
2024-04-01 16:15:00,980.8696000000001
2024-04-01 16:30:00,957.2695999999999
2024-04-01 16:45:00,839.6695999999998
2024-04-01 17:00:00,1092.8398
2024-04-01 17:15:00,1200.8398
2024-04-01 17:30:00,1201.0398
2024-04-01 17:45:00,1062.4398
2024-04-01 18:00:00,1167.1438
2024-04-01 18:15:00,1151.7438
2024-04-01 18:30:00,1109.3438
2024-04-01 18:45:00,1004.7438
2024-04-01 19:00:00,995.4000000000001
2024-04-01 19:15:00,936.0
2024-04-01 19:30:00,907.5999999999999
2024-04-01 19:45:00,902.4000000000001
2024-04-01 20:00:00,900.4
2024-04-01 20:15:00,866.2
2024-04-01 20:30:00,847.0
2024-04-01 20:45:00,808.2
2024-04-01 21:00:00,787.8000000000001
2024-04-01 21:15:00,758.2
2024-04-01 21:30:00,780.8000000000001
2024-04-01 21:45:00,741.5999999999999
2024-04-01 22:00:00,718.6
2024-04-01 22:15:00,688.0000000000001
2024-04-01 22:30:00,682.2
2024-04-01 22:45:00,658.8
2024-04-01 23:00:00,647.6
2024-04-01 23:15:00,1061.8
2024-04-01 23:30:00,900.4
2024-04-01 23:45:00,884.8
2024-04-02 00:00:00,781.0
2024-04-02 00:15:00,637.4
2024-04-02 00:30:00,551.0
2024-04-02 00:45:00,563.6
2024-04-02 01:00:00,521.8
2024-04-02 01:15:00,519.0
2024-04-02 01:30:00,523.6
2024-04-02 01:45:00,501.2
2024-04-02 02:00:00,515.2
2024-04-02 02:15:00,552.0
2024-04-02 02:30:00,576.0
2024-04-02 02:45:00,532.1999999999999
2024-04-02 03:00:00,610.4
2024-04-02 03:15:00,603.6
2024-04-02 03:30:00,498.00000000000006
2024-04-02 03:45:00,517.8
2024-04-02 04:00:00,517.0
2024-04-02 04:15:00,511.6
2024-04-02 04:30:00,511.79999999999995
2024-04-02 04:45:00,515.4
2024-04-02 05:00:00,511.8
2024-04-02 05:15:00,532.6
2024-04-02 05:30:00,539.2
2024-04-02 05:45:00,766.4
2024-04-02 06:00:00,684.2
2024-04-02 06:15:00,627.2
2024-04-02 06:30:00,571.6
2024-04-02 06:45:00,620.0
2024-04-02 07:00:00,519.1539
2024-04-02 07:15:00,517.5539
2024-04-02 07:30:00,556.7538999999999
2024-04-02 07:45:00,505.5539
2024-04-02 08:00:00,483.9221
2024-04-02 08:15:00,525.3221
2024-04-02 08:30:00,605.7221
2024-04-02 08:45:00,841.1221
2024-04-02 09:00:00,799.1348
2024-04-02 09:15:00,755.5348
2024-04-02 09:30:00,842.9348
2024-04-02 09:45:00,992.7348
2024-04-02 10:00:00,1014.644
2024-04-02 10:15:00,1018.644
2024-04-02 10:30:00,1016.8439999999999
2024-04-02 10:45:00,1058.044
2024-04-02 11:00:00,962.0165000000001
2024-04-02 11:15:00,997.8165
2024-04-02 11:30:00,1038.6165
2024-04-02 11:45:00,1022.0165000000002
2024-04-02 12:00:00,1003.866
2024-04-02 12:15:00,962.266
2024-04-02 12:30:00,919.866
2024-04-02 12:45:00,851.666
2024-04-02 13:00:00,854.3301
2024-04-02 13:15:00,884.3301
2024-04-02 13:30:00,889.9301
2024-04-02 13:45:00,951.5301
2024-04-02 14:00:00,1091.5371
2024-04-02 14:15:00,1174.3371
2024-04-02 14:30:00,1249.3371
2024-04-02 14:45:00,1519.5371
2024-04-02 15:00:00,1509.0846999999999
2024-04-02 15:15:00,1392.6847
2024-04-02 15:30:00,1350.8847
2024-04-02 15:45:00,1270.4847
2024-04-02 16:00:00,1365.5416
2024-04-02 16:15:00,1268.9416
2024-04-02 16:30:00,1246.5416
2024-04-02 16:45:00,1382.1416000000002
2024-04-02 17:00:00,1508.3051
2024-04-02 17:15:00,1322.5051
2024-04-02 17:30:00,1218.5051
2024-04-02 17:45:00,1138.1051000000002
2024-04-02 18:00:00,1233.6526000000001
2024-04-02 18:15:00,1093.2526
2024-04-02 18:30:00,1058.4526
2024-04-02 18:45:00,1035.4526
2024-04-02 19:00:00,978.0
2024-04-02 19:15:00,945.4
2024-04-02 19:30:00,932.8
2024-04-02 19:45:00,905.8
2024-04-02 20:00:00,870.4
2024-04-02 20:15:00,826.0
2024-04-02 20:30:00,862.2
2024-04-02 20:45:00,866.6
2024-04-02 21:00:00,846.8000000000001
2024-04-02 21:15:00,785.2
2024-04-02 21:30:00,779.8
2024-04-02 21:45:00,769.2
2024-04-02 22:00:00,734.2
2024-04-02 22:15:00,716.4000000000001
2024-04-02 22:30:00,689.6
2024-04-02 22:45:00,663.4
2024-04-02 23:00:00,656.4
2024-04-02 23:15:00,763.4000000000001
2024-04-02 23:30:00,722.2
2024-04-02 23:45:00,660.1999999999999
2024-04-03 00:00:00,615.1999999999999
2024-04-03 00:15:00,561.0
2024-04-03 00:30:00,559.8
2024-04-03 00:45:00,577.2
2024-04-03 01:00:00,650.0
2024-04-03 01:15:00,618.4
2024-04-03 01:30:00,584.6
2024-04-03 01:45:00,540.6
2024-04-03 02:00:00,550.2
2024-04-03 02:15:00,660.2
2024-04-03 02:30:00,608.6
2024-04-03 02:45:00,589.2
2024-04-03 03:00:00,537.2
2024-04-03 03:15:00,507.6
2024-04-03 03:30:00,509.0
2024-04-03 03:45:00,503.2
2024-04-03 04:00:00,598.0
2024-04-03 04:15:00,588.4
2024-04-03 04:30:00,576.2
2024-04-03 04:45:00,543.6
2024-04-03 05:00:00,578.2
2024-04-03 05:15:00,551.6
2024-04-03 05:30:00,625.2
2024-04-03 05:45:00,544.4
2024-04-03 06:00:00,554.7435
2024-04-03 06:15:00,514.5435
2024-04-03 06:30:00,555.3435
2024-04-03 06:45:00,640.1434999999999
2024-04-03 07:00:00,379.21070000000003
2024-04-03 07:15:00,367.8107
2024-04-03 07:30:00,358.6107
2024-04-03 07:45:00,372.2107
2024-04-03 08:00:00,131.40560000000002
2024-04-03 08:15:00,228.6056
2024-04-03 08:30:00,327.0056
2024-04-03 08:45:00,435.8056
2024-04-03 09:00:00,419.47710000000006
2024-04-03 09:15:00,424.2771
2024-04-03 09:30:00,301.2771
2024-04-03 09:45:00,326.07710000000003
2024-04-03 10:00:00,253.96229999999997
2024-04-03 10:15:00,377.5623
2024-04-03 10:30:00,281.36229999999995
2024-04-03 10:45:00,292.5623
2024-04-03 11:00:00,199.59369999999998
2024-04-03 11:15:00,273.5937
2024-04-03 11:30:00,166.79369999999994
2024-04-03 11:45:00,281.59369999999996
2024-04-03 12:00:00,54.05219999999994
2024-04-03 12:15:00,-16.74780000000004
2024-04-03 12:30:00,-91.94780000000003
2024-04-03 12:45:00,-138.54780000000005
2024-04-03 13:00:00,-38.23859999999999
2024-04-03 13:15:00,-114.83859999999999
2024-04-03 13:30:00,-72.6386
2024-04-03 13:45:00,-12.838600000000014
2024-04-03 14:00:00,183.44799999999998
2024-04-03 14:15:00,275.248
2024-04-03 14:30:00,242.84799999999998
2024-04-03 14:45:00,360.84799999999996
2024-04-03 15:00:00,631.0493
2024-04-03 15:15:00,587.0492999999999
2024-04-03 15:30:00,540.0493
2024-04-03 15:45:00,505.0493
2024-04-03 16:00:00,834.4873
2024-04-03 16:15:00,974.2873
2024-04-03 16:30:00,789.8873
2024-04-03 16:45:00,888.2873000000001
2024-04-03 17:00:00,1037.1142
2024-04-03 17:15:00,936.7142000000001
2024-04-03 17:30:00,900.7142
2024-04-03 17:45:00,943.3142
2024-04-03 18:00:00,1048.1999999999998
2024-04-03 18:15:00,964.4000000000001
2024-04-03 18:30:00,961.6
2024-04-03 18:45:00,839.8
2024-04-03 19:00:00,770.8
2024-04-03 19:15:00,747.8
2024-04-03 19:30:00,748.4
2024-04-03 19:45:00,766.2
2024-04-03 20:00:00,682.0
2024-04-03 20:15:00,672.0
2024-04-03 20:30:00,641.2
2024-04-03 20:45:00,634.8
2024-04-03 21:00:00,714.8
2024-04-03 21:15:00,611.8
2024-04-03 21:30:00,589.4
2024-04-03 21:45:00,571.5999999999999
2024-04-03 22:00:00,552.2
2024-04-03 22:15:00,557.5999999999999
2024-04-03 22:30:00,561.4
2024-04-03 22:45:00,624.2
2024-04-03 23:00:00,589.8
2024-04-03 23:15:00,581.2
2024-04-03 23:30:00,522.4000000000001
2024-04-03 23:45:00,515.4
2024-04-04 00:00:00,494.8
2024-04-04 00:15:00,483.20000000000005
2024-04-04 00:30:00,642.8
2024-04-04 00:45:00,647.0
2024-04-04 01:00:00,595.8
2024-04-04 01:15:00,594.0
2024-04-04 01:30:00,519.2
2024-04-04 01:45:00,520.0
2024-04-04 02:00:00,587.4
2024-04-04 02:15:00,546.8
2024-04-04 02:30:00,530.4
2024-04-04 02:45:00,483.0
2024-04-04 03:00:00,462.6
2024-04-04 03:15:00,520.6
2024-04-04 03:30:00,519.4000000000001
2024-04-04 03:45:00,513.4000000000001
2024-04-04 04:00:00,460.40000000000003
2024-04-04 04:15:00,458.0
2024-04-04 04:30:00,456.20000000000005
2024-04-04 04:45:00,463.20000000000005
2024-04-04 05:00:00,534.2
2024-04-04 05:15:00,520.8000000000001
2024-04-04 05:30:00,482.0
2024-04-04 05:45:00,483.4
2024-04-04 06:00:00,454.783
2024-04-04 06:15:00,541.783
2024-04-04 06:30:00,643.783
2024-04-04 06:45:00,538.783
2024-04-04 07:00:00,140.9642
2024-04-04 07:15:00,104.16420000000005
2024-04-04 07:30:00,104.36420000000003
2024-04-04 07:45:00,112.5642
2024-04-04 08:00:00,-60.27750000000002
2024-04-04 08:15:00,-62.2775
2024-04-04 08:30:00,-108.4775
2024-04-04 08:45:00,-62.8775
2024-04-04 09:00:00,-338.43219999999997
2024-04-04 09:15:00,-316.23220000000003
2024-04-04 09:30:00,-334.83220000000006
2024-04-04 09:45:00,-324.63219999999995
2024-04-04 10:00:00,-610.2226
2024-04-04 10:15:00,-585.4226000000001
2024-04-04 10:30:00,-554.0226
2024-04-04 10:45:00,-566.6225999999999
2024-04-04 11:00:00,-889.2599
2024-04-04 11:15:00,-859.4599000000001
2024-04-04 11:30:00,-847.6598999999999
2024-04-04 11:45:00,-869.4599
2024-04-04 12:00:00,-755.9265
2024-04-04 12:15:00,-769.3264999999999
2024-04-04 12:30:00,-761.5264999999999
2024-04-04 12:45:00,-728.3265
2024-04-04 13:00:00,-736.8108
2024-04-04 13:15:00,-734.6107999999999
2024-04-04 13:30:00,-720.2108
2024-04-04 13:45:00,-769.4108000000001
2024-04-04 14:00:00,-441.6794000000001
2024-04-04 14:15:00,-401.2794
2024-04-04 14:30:00,-226.07940000000002
2024-04-04 14:45:00,-255.2794
2024-04-04 15:00:00,146.21200000000002
2024-04-04 15:15:00,70.012
2024-04-04 15:30:00,53.81200000000001
2024-04-04 15:45:00,-43.388000000000005
2024-04-04 16:00:00,270.0523999999999
2024-04-04 16:15:00,301.6524
2024-04-04 16:30:00,439.6524
2024-04-04 16:45:00,381.8524
2024-04-04 17:00:00,573.6244
2024-04-04 17:15:00,511.4244
2024-04-04 17:30:00,448.2244
2024-04-04 17:45:00,449.6244
2024-04-04 18:00:00,620.9135
2024-04-04 18:15:00,590.1134999999999
2024-04-04 18:30:00,597.3135
2024-04-04 18:45:00,584.7135
2024-04-04 19:00:00,573.0
2024-04-04 19:15:00,601.6
2024-04-04 19:30:00,655.8
2024-04-04 19:45:00,656.0
2024-04-04 20:00:00,654.8
2024-04-04 20:15:00,624.8
2024-04-04 20:30:00,572.6
2024-04-04 20:45:00,568.8
2024-04-04 21:00:00,578.5999999999999
2024-04-04 21:15:00,547.4
2024-04-04 21:30:00,562.4
2024-04-04 21:45:00,550.2
2024-04-04 22:00:00,547.6
2024-04-04 22:15:00,579.4
2024-04-04 22:30:00,513.0
2024-04-04 22:45:00,524.4000000000001
2024-04-04 23:00:00,520.5999999999999
2024-04-04 23:15:00,637.4000000000001
2024-04-04 23:30:00,705.4000000000001
2024-04-04 23:45:00,684.4
2024-04-05 00:00:00,607.8
2024-04-05 00:15:00,627.1999999999999
2024-04-05 00:30:00,586.8
2024-04-05 00:45:00,534.4
2024-04-05 01:00:00,482.6
2024-04-05 01:15:00,458.4
2024-04-05 01:30:00,469.6
2024-04-05 01:45:00,461.0
2024-04-05 02:00:00,463.8
2024-04-05 02:15:00,461.6
2024-04-05 02:30:00,464.20000000000005
2024-04-05 02:45:00,456.4
2024-04-05 03:00:00,483.2
2024-04-05 03:15:00,465.4
2024-04-05 03:30:00,479.20000000000005
2024-04-05 03:45:00,472.20000000000005
2024-04-05 04:00:00,448.2
2024-04-05 04:15:00,499.20000000000005
2024-04-05 04:30:00,516.5999999999999
2024-04-05 04:45:00,555.0
2024-04-05 05:00:00,511.4
2024-04-05 05:15:00,483.0
2024-04-05 05:30:00,445.79999999999995
2024-04-05 05:45:00,440.6
2024-04-05 06:00:00,459.0
2024-04-05 06:15:00,451.8
2024-04-05 06:30:00,449.0
2024-04-05 06:45:00,440.4
2024-04-05 07:00:00,483.5427
2024-04-05 07:15:00,468.7427
2024-04-05 07:30:00,428.7427
2024-04-05 07:45:00,423.5427
2024-04-05 08:00:00,429.0863
2024-04-05 08:15:00,438.48629999999997
2024-04-05 08:30:00,434.4863
2024-04-05 08:45:00,389.0863
2024-04-05 09:00:00,356.8672
2024-04-05 09:15:00,414.4672
2024-04-05 09:30:00,443.6672
2024-04-05 09:45:00,427.0672
2024-04-05 10:00:00,335.0703
2024-04-05 10:15:00,348.07030000000003
2024-04-05 10:30:00,352.87029999999993
2024-04-05 10:45:00,311.4703
2024-04-05 11:00:00,290.27299999999997
2024-04-05 11:15:00,264.073
2024-04-05 11:30:00,265.87300000000005
2024-04-05 11:45:00,262.27299999999997
2024-04-05 12:00:00,235.37439999999998
2024-04-05 12:15:00,246.9744
2024-04-05 12:30:00,246.57439999999997
2024-04-05 12:45:00,225.37439999999998
2024-04-05 13:00:00,261.5248
2024-04-05 13:15:00,261.7248
2024-04-05 13:30:00,226.5248
2024-04-05 13:45:00,231.1248
2024-04-05 14:00:00,284.2202
2024-04-05 14:15:00,488.6202
2024-04-05 14:30:00,495.2202
2024-04-05 14:45:00,432.2202000000001
2024-04-05 15:00:00,536.4715
2024-04-05 15:15:00,422.67150000000004
2024-04-05 15:30:00,383.87149999999997
2024-04-05 15:45:00,484.6715
2024-04-05 16:00:00,487.12029999999993
2024-04-05 16:15:00,493.9203
2024-04-05 16:30:00,505.72029999999995
2024-04-05 16:45:00,492.7203
2024-04-05 17:00:00,535.9648
2024-04-05 17:15:00,541.3648000000001
2024-04-05 17:30:00,545.7648
2024-04-05 17:45:00,615.9648
2024-04-05 18:00:00,625.6
2024-04-05 18:15:00,594.0
2024-04-05 18:30:00,580.2
2024-04-05 18:45:00,573.2
2024-04-05 19:00:00,567.0
2024-04-05 19:15:00,585.6
2024-04-05 19:30:00,580.0
2024-04-05 19:45:00,600.2
2024-04-05 20:00:00,556.6
2024-04-05 20:15:00,682.2
2024-04-05 20:30:00,645.8
2024-04-05 20:45:00,584.6
2024-04-05 21:00:00,582.8
2024-04-05 21:15:00,585.2
2024-04-05 21:30:00,595.6
2024-04-05 21:45:00,583.4000000000001
2024-04-05 22:00:00,586.0
2024-04-05 22:15:00,560.2
2024-04-05 22:30:00,569.4
2024-04-05 22:45:00,559.0
2024-04-05 23:00:00,546.5999999999999
2024-04-05 23:15:00,675.8
2024-04-05 23:30:00,812.4000000000001
2024-04-05 23:45:00,709.2
2024-04-06 00:00:00,587.0
2024-04-06 00:15:00,515.8
2024-04-06 00:30:00,485.4
2024-04-06 00:45:00,603.8
2024-04-06 01:00:00,522.5999999999999
2024-04-06 01:15:00,497.8
2024-04-06 01:30:00,474.0
2024-04-06 01:45:00,526.2
2024-04-06 02:00:00,543.4
2024-04-06 02:15:00,532.4000000000001
2024-04-06 02:30:00,485.2
2024-04-06 02:45:00,472.0
2024-04-06 03:00:00,496.79999999999995
2024-04-06 03:15:00,475.0
2024-04-06 03:30:00,477.99999999999994
2024-04-06 03:45:00,569.2
2024-04-06 04:00:00,531.4
2024-04-06 04:15:00,512.0
2024-04-06 04:30:00,546.8
2024-04-06 04:45:00,552.5999999999999
2024-04-06 05:00:00,522.8
2024-04-06 05:15:00,467.0
2024-04-06 05:30:00,468.6
2024-04-06 05:45:00,469.2
2024-04-06 06:00:00,483.8
2024-04-06 06:15:00,464.2
2024-04-06 06:30:00,488.0
2024-04-06 06:45:00,564.4
2024-04-06 07:00:00,496.92019999999997
2024-04-06 07:15:00,475.3202
2024-04-06 07:30:00,476.3202
2024-04-06 07:45:00,474.3202
2024-04-06 08:00:00,366.5983
2024-04-06 08:15:00,351.99830000000003
2024-04-06 08:30:00,370.9983
2024-04-06 08:45:00,403.1983
2024-04-06 09:00:00,308.1477
2024-04-06 09:15:00,354.34770000000003
2024-04-06 09:30:00,361.54769999999996
2024-04-06 09:45:00,315.5477
2024-04-06 10:00:00,459.87119999999993
2024-04-06 10:15:00,360.6712
2024-04-06 10:30:00,411.67120000000006
2024-04-06 10:45:00,412.27119999999996
2024-04-06 11:00:00,280.28559999999993
2024-04-06 11:15:00,296.88559999999995
2024-04-06 11:30:00,281.4856
2024-04-06 11:45:00,251.48559999999998
2024-04-06 12:00:00,279.87469999999996
2024-04-06 12:15:00,296.0747
2024-04-06 12:30:00,281.87469999999996
2024-04-06 12:45:00,251.47470000000004
2024-04-06 13:00:00,303.99379999999996
2024-04-06 13:15:00,290.7938
2024-04-06 13:30:00,294.5938
2024-04-06 13:45:00,276.1938
2024-04-06 14:00:00,388.6046
2024-04-06 14:15:00,546.4046
2024-04-06 14:30:00,632.4046000000001
2024-04-06 14:45:00,676.6046
2024-04-06 15:00:00,720.0259000000001
2024-04-06 15:15:00,680.4259
2024-04-06 15:30:00,592.6259
2024-04-06 15:45:00,493.4259
2024-04-06 16:00:00,722.3723
2024-04-06 16:15:00,710.3723
2024-04-06 16:30:00,692.9722999999999
2024-04-06 16:45:00,746.5723
2024-04-06 17:00:00,823.0202
2024-04-06 17:15:00,672.2202000000001
2024-04-06 17:30:00,656.2202000000001
2024-04-06 17:45:00,635.6202000000001
2024-04-06 18:00:00,630.8000000000001
2024-04-06 18:15:00,610.2
2024-04-06 18:30:00,607.2
2024-04-06 18:45:00,619.8
2024-04-06 19:00:00,602.4
2024-04-06 19:15:00,581.4000000000001
2024-04-06 19:30:00,651.2
2024-04-06 19:45:00,617.2
2024-04-06 20:00:00,619.0
2024-04-06 20:15:00,572.6
2024-04-06 20:30:00,575.0
2024-04-06 20:45:00,560.0
2024-04-06 21:00:00,584.4
2024-04-06 21:15:00,597.6
2024-04-06 21:30:00,564.4000000000001
2024-04-06 21:45:00,577.5999999999999
2024-04-06 22:00:00,566.2
2024-04-06 22:15:00,550.8
2024-04-06 22:30:00,538.0
2024-04-06 22:45:00,527.6
2024-04-06 23:00:00,503.0
2024-04-06 23:15:00,782.5999999999999
2024-04-06 23:30:00,686.0
2024-04-06 23:45:00,654.6
2024-04-07 00:00:00,567.6
2024-04-07 00:15:00,583.5999999999999
2024-04-07 00:30:00,507.79999999999995
2024-04-07 00:45:00,569.8
2024-04-07 01:00:00,591.8000000000001
2024-04-07 01:15:00,554.4
2024-04-07 01:30:00,524.2
2024-04-07 01:45:00,455.2
2024-04-07 02:00:00,454.8
2024-04-07 02:15:00,461.4
2024-04-07 02:30:00,458.79999999999995
2024-04-07 02:45:00,438.4
2024-04-07 03:00:00,461.8
2024-04-07 03:15:00,447.59999999999997
2024-04-07 03:30:00,459.0
2024-04-07 03:45:00,459.20000000000005
2024-04-07 04:00:00,458.8
2024-04-07 04:15:00,467.0
2024-04-07 04:30:00,475.8
2024-04-07 04:45:00,474.6
2024-04-07 05:00:00,466.0
2024-04-07 05:15:00,459.6
2024-04-07 05:30:00,511.20000000000005
2024-04-07 05:45:00,543.4
2024-04-07 06:00:00,538.3317
2024-04-07 06:15:00,663.7317
2024-04-07 06:30:00,604.1317
2024-04-07 06:45:00,562.9317
2024-04-07 07:00:00,341.53239999999994
2024-04-07 07:15:00,415.9324
2024-04-07 07:30:00,403.93240000000003
2024-04-07 07:45:00,401.13239999999996
2024-04-07 08:00:00,161.0379
2024-04-07 08:15:00,203.83790000000002
2024-04-07 08:30:00,354.23789999999997
2024-04-07 08:45:00,430.63790000000006
2024-04-07 09:00:00,447.6271
2024-04-07 09:15:00,474.0271
2024-04-07 09:30:00,514.2271000000001
2024-04-07 09:45:00,635.4271
2024-04-07 10:00:00,485.0878
2024-04-07 10:15:00,510.4878
2024-04-07 10:30:00,410.28780000000006
2024-04-07 10:45:00,458.88779999999997
2024-04-07 11:00:00,368.5591
2024-04-07 11:15:00,317.95910000000003
2024-04-07 11:30:00,334.9591
2024-04-07 11:45:00,332.9591
2024-04-07 12:00:00,182.27669999999998
2024-04-07 12:15:00,102.07669999999996
2024-04-07 12:30:00,64.47670000000002
2024-04-07 12:45:00,-10.723300000000009
2024-04-07 13:00:00,-147.9373
2024-04-07 13:15:00,-175.73730000000003
2024-04-07 13:30:00,-128.13730000000004
2024-04-07 13:45:00,26.062699999999978
2024-04-07 14:00:00,312.6996
2024-04-07 14:15:00,344.8996
2024-04-07 14:30:00,286.29960000000005
2024-04-07 14:45:00,319.4996
2024-04-07 15:00:00,570.3729000000001
2024-04-07 15:15:00,502.3729
2024-04-07 15:30:00,479.17289999999997
2024-04-07 15:45:00,464.7729
2024-04-07 16:00:00,812.8419000000001
2024-04-07 16:15:00,822.4419
2024-04-07 16:30:00,751.8419000000001
2024-04-07 16:45:00,668.0419
2024-04-07 17:00:00,933.9495999999999
2024-04-07 17:15:00,994.7496
2024-04-07 17:30:00,917.1496
2024-04-07 17:45:00,858.5496
2024-04-07 18:00:00,1062.2646
2024-04-07 18:15:00,973.4646
2024-04-07 18:30:00,933.2646
2024-04-07 18:45:00,897.6646
2024-04-07 19:00:00,974.2
2024-04-07 19:15:00,898.4
2024-04-07 19:30:00,844.4
2024-04-07 19:45:00,816.2
2024-04-07 20:00:00,816.0
2024-04-07 20:15:00,788.4
2024-04-07 20:30:00,812.6
2024-04-07 20:45:00,818.8000000000001
2024-04-07 21:00:00,723.4
2024-04-07 21:15:00,728.2
2024-04-07 21:30:00,708.2
2024-04-07 21:45:00,673.4000000000001
2024-04-07 22:00:00,669.8
2024-04-07 22:15:00,645.6
2024-04-07 22:30:00,636.8000000000001
2024-04-07 22:45:00,650.6
2024-04-07 23:00:00,617.6
2024-04-07 23:15:00,685.2
2024-04-07 23:30:00,705.0
2024-04-07 23:45:00,676.0000000000001
2024-04-08 00:00:00,696.6
2024-04-08 00:15:00,646.8
2024-04-08 00:30:00,596.0
2024-04-08 00:45:00,545.4
2024-04-08 01:00:00,533.8000000000001
2024-04-08 01:15:00,541.0
2024-04-08 01:30:00,607.5999999999999
2024-04-08 01:45:00,750.8
2024-04-08 02:00:00,517.4
2024-04-08 02:15:00,521.0
2024-04-08 02:30:00,534.8000000000001
2024-04-08 02:45:00,527.0
2024-04-08 03:00:00,533.2
2024-04-08 03:15:00,528.4
2024-04-08 03:30:00,539.4
2024-04-08 03:45:00,532.2
2024-04-08 04:00:00,547.0
2024-04-08 04:15:00,536.2
2024-04-08 04:30:00,544.4000000000001
2024-04-08 04:45:00,533.2
2024-04-08 05:00:00,528.2
2024-04-08 05:15:00,565.1999999999999
2024-04-08 05:30:00,583.5999999999999
2024-04-08 05:45:00,553.0
2024-04-08 06:00:00,591.0500999999999
2024-04-08 06:15:00,764.8501000000001
2024-04-08 06:30:00,729.8501
2024-04-08 06:45:00,659.2501
2024-04-08 07:00:00,246.09499999999994
2024-04-08 07:15:00,251.89499999999995
2024-04-08 07:30:00,297.095
2024-04-08 07:45:00,236.69499999999996
2024-04-08 08:00:00,-151.2523
2024-04-08 08:15:00,-126.8523
2024-04-08 08:30:00,-34.452299999999966
2024-04-08 08:45:00,80.54770000000005
2024-04-08 09:00:00,-195.08290000000005
2024-04-08 09:15:00,-215.6829
2024-04-08 09:30:00,-140.28289999999998
2024-04-08 09:45:00,-133.68290000000005
2024-04-08 10:00:00,-166.61689999999987
2024-04-08 10:15:00,-153.81689999999986
2024-04-08 10:30:00,-54.81689999999983
2024-04-08 10:45:00,-94.21689999999987
2024-04-08 11:00:00,-58.23660000000001
2024-04-08 11:15:00,-44.63659999999999
2024-04-08 11:30:00,-33.23660000000004
2024-04-08 11:45:00,-65.83660000000003
2024-04-08 12:00:00,-313.25149999999996
2024-04-08 12:15:00,-326.4515
2024-04-08 12:30:00,-440.0515
2024-04-08 12:45:00,-508.65150000000006
2024-04-08 13:00:00,-79.78609999999998
2024-04-08 13:15:00,-89.18609999999998
2024-04-08 13:30:00,-92.78609999999995
2024-04-08 13:45:00,-17.3861
2024-04-08 14:00:00,52.22020000000009
2024-04-08 14:15:00,150.2202000000001
2024-04-08 14:30:00,83.02020000000013
2024-04-08 14:45:00,74.6202000000001
2024-04-08 15:00:00,201.09690000000003
2024-04-08 15:15:00,178.89690000000002
2024-04-08 15:30:00,200.2969
2024-04-08 15:45:00,312.6969
2024-04-08 16:00:00,756.5899999999999
2024-04-08 16:15:00,695.19
2024-04-08 16:30:00,692.7900000000001
2024-04-08 16:45:00,808.99
2024-04-08 17:00:00,1025.804
2024-04-08 17:15:00,968.404
2024-04-08 17:30:00,916.204
2024-04-08 17:45:00,827.804
2024-04-08 18:00:00,1007.9608000000001
2024-04-08 18:15:00,982.7608
2024-04-08 18:30:00,942.9608000000001
2024-04-08 18:45:00,860.9608
2024-04-08 19:00:00,881.2
2024-04-08 19:15:00,838.4
2024-04-08 19:30:00,834.6
2024-04-08 19:45:00,863.5999999999999
2024-04-08 20:00:00,799.4
2024-04-08 20:15:00,757.0
2024-04-08 20:30:00,810.4000000000001
2024-04-08 20:45:00,772.8
2024-04-08 21:00:00,733.1999999999999
2024-04-08 21:15:00,696.6
2024-04-08 21:30:00,693.1999999999999
2024-04-08 21:45:00,683.1999999999999
2024-04-08 22:00:00,664.8000000000001
2024-04-08 22:15:00,639.5999999999999
2024-04-08 22:30:00,630.0
2024-04-08 22:45:00,631.2
2024-04-08 23:00:00,608.8
2024-04-08 23:15:00,868.0
2024-04-08 23:30:00,919.6
2024-04-08 23:45:00,729.8
2024-04-09 00:00:00,676.4
2024-04-09 00:15:00,601.0
2024-04-09 00:30:00,498.4
2024-04-09 00:45:00,500.4
2024-04-09 01:00:00,491.59999999999997
2024-04-09 01:15:00,503.0
2024-04-09 01:30:00,491.79999999999995
2024-04-09 01:45:00,502.0
2024-04-09 02:00:00,492.4
2024-04-09 02:15:00,529.0
2024-04-09 02:30:00,599.4
2024-04-09 02:45:00,566.8000000000001
2024-04-09 03:00:00,521.8
2024-04-09 03:15:00,492.19999999999993
2024-04-09 03:30:00,502.0
2024-04-09 03:45:00,496.6
2024-04-09 04:00:00,507.6
2024-04-09 04:15:00,497.8
2024-04-09 04:30:00,501.6
2024-04-09 04:45:00,560.0
2024-04-09 05:00:00,536.0
2024-04-09 05:15:00,509.2
2024-04-09 05:30:00,566.8
2024-04-09 05:45:00,529.6
2024-04-09 06:00:00,546.5331
2024-04-09 06:15:00,611.5331
2024-04-09 06:30:00,582.1331
2024-04-09 06:45:00,563.5331
2024-04-09 07:00:00,444.2173
2024-04-09 07:15:00,439.81730000000005
2024-04-09 07:30:00,476.01730000000003
2024-04-09 07:45:00,442.8173
2024-04-09 08:00:00,380.1557
2024-04-09 08:15:00,424.75569999999993
2024-04-09 08:30:00,606.7556999999999
2024-04-09 08:45:00,671.9557
2024-04-09 09:00:00,523.0343
2024-04-09 09:15:00,568.6342999999999
2024-04-09 09:30:00,705.8343
2024-04-09 09:45:00,781.8343
2024-04-09 10:00:00,618.2448
2024-04-09 10:15:00,667.2447999999999
2024-04-09 10:30:00,645.2447999999999
2024-04-09 10:45:00,722.4448
2024-04-09 11:00:00,636.1419
2024-04-09 11:15:00,617.5419
2024-04-09 11:30:00,569.5419
2024-04-09 11:45:00,570.9419
2024-04-09 12:00:00,543.0467
2024-04-09 12:15:00,451.0467
2024-04-09 12:30:00,400.0467
2024-04-09 12:45:00,335.4467
2024-04-09 13:00:00,362.1712
2024-04-09 13:15:00,314.7712
2024-04-09 13:30:00,367.7712
2024-04-09 13:45:00,445.5712
2024-04-09 14:00:00,524.2393
2024-04-09 14:15:00,550.2393000000001
2024-04-09 14:30:00,627.2393
2024-04-09 14:45:00,612.4393
2024-04-09 15:00:00,857.6885
2024-04-09 15:15:00,916.4885
2024-04-09 15:30:00,1057.8885
2024-04-09 15:45:00,1007.4885
2024-04-09 16:00:00,1126.892
2024-04-09 16:15:00,1128.092
2024-04-09 16:30:00,969.292
2024-04-09 16:45:00,984.892
2024-04-09 17:00:00,1010.0218
2024-04-09 17:15:00,1039.2218
2024-04-09 17:30:00,927.2218
2024-04-09 17:45:00,985.8218
2024-04-09 18:00:00,1056.6
2024-04-09 18:15:00,1017.4
2024-04-09 18:30:00,898.5999999999999
2024-04-09 18:45:00,889.2
2024-04-09 19:00:00,853.6
2024-04-09 19:15:00,902.5999999999999
2024-04-09 19:30:00,812.4000000000001
2024-04-09 19:45:00,816.8
2024-04-09 20:00:00,760.1999999999999
2024-04-09 20:15:00,766.6
2024-04-09 20:30:00,780.5999999999999
2024-04-09 20:45:00,750.0
2024-04-09 21:00:00,754.9999999999999
2024-04-09 21:15:00,749.8000000000001
2024-04-09 21:30:00,673.2
2024-04-09 21:45:00,671.4000000000001
2024-04-09 22:00:00,645.8
2024-04-09 22:15:00,641.0
2024-04-09 22:30:00,639.5999999999999
2024-04-09 22:45:00,621.0
2024-04-09 23:00:00,635.2
2024-04-09 23:15:00,892.9999999999999
2024-04-09 23:30:00,865.0
2024-04-09 23:45:00,808.8000000000001
2024-04-10 00:00:00,778.2
2024-04-10 00:15:00,596.2
2024-04-10 00:30:00,532.8000000000001
2024-04-10 00:45:00,514.4
2024-04-10 01:00:00,546.4
2024-04-10 01:15:00,591.8000000000001
2024-04-10 01:30:00,518.2
2024-04-10 01:45:00,494.8
2024-04-10 02:00:00,484.0
2024-04-10 02:15:00,496.6
2024-04-10 02:30:00,558.4
2024-04-10 02:45:00,561.8
2024-04-10 03:00:00,551.6
2024-04-10 03:15:00,497.0
2024-04-10 03:30:00,511.59999999999997
2024-04-10 03:45:00,508.2
2024-04-10 04:00:00,511.2
2024-04-10 04:15:00,521.1999999999999
2024-04-10 04:30:00,528.6
2024-04-10 04:45:00,517.0
2024-04-10 05:00:00,515.2
2024-04-10 05:15:00,502.20000000000005
2024-04-10 05:30:00,600.6
2024-04-10 05:45:00,574.4
2024-04-10 06:00:00,529.4373
2024-04-10 06:15:00,612.0373
2024-04-10 06:30:00,507.6373
2024-04-10 06:45:00,560.8373
2024-04-10 07:00:00,381.1165
2024-04-10 07:15:00,398.7165
2024-04-10 07:30:00,426.1165
2024-04-10 07:45:00,419.31649999999996
2024-04-10 08:00:00,344.5723
2024-04-10 08:15:00,343.3723
2024-04-10 08:30:00,558.1723
2024-04-10 08:45:00,616.7723000000001
2024-04-10 09:00:00,582.8091
2024-04-10 09:15:00,526.0091
2024-04-10 09:30:00,531.4091000000001
2024-04-10 09:45:00,571.2091
2024-04-10 10:00:00,494.8176
2024-04-10 10:15:00,497.61760000000004
2024-04-10 10:30:00,473.8176
2024-04-10 10:45:00,504.81759999999997
2024-04-10 11:00:00,439.9044
2024-04-10 11:15:00,461.5044
2024-04-10 11:30:00,469.90439999999995
2024-04-10 11:45:00,443.90440000000007
2024-04-10 12:00:00,386.26090000000005
2024-04-10 12:15:00,324.8609
2024-04-10 12:30:00,256.46090000000004
2024-04-10 12:45:00,192.86090000000002
2024-04-10 13:00:00,145.29690000000002
2024-04-10 13:15:00,148.89689999999996
2024-04-10 13:30:00,165.8969
2024-04-10 13:45:00,280.69689999999997
2024-04-10 14:00:00,414.3175
2024-04-10 14:15:00,652.5175
2024-04-10 14:30:00,600.9175
2024-04-10 14:45:00,634.9175
2024-04-10 15:00:00,761.2182
2024-04-10 15:15:00,841.6181999999999
2024-04-10 15:30:00,771.4182000000001
2024-04-10 15:45:00,696.8181999999999
2024-04-10 16:00:00,933.9590000000001
2024-04-10 16:15:00,975.9590000000001
2024-04-10 16:30:00,927.9590000000001
2024-04-10 16:45:00,933.359
2024-04-10 17:00:00,1056.5620000000001
2024-04-10 17:15:00,986.362
2024-04-10 17:30:00,978.3620000000001
2024-04-10 17:45:00,923.762
2024-04-10 18:00:00,1019.2
2024-04-10 18:15:00,953.2
2024-04-10 18:30:00,929.5999999999999
2024-04-10 18:45:00,878.4000000000001
2024-04-10 19:00:00,872.5999999999999
2024-04-10 19:15:00,809.8000000000001
2024-04-10 19:30:00,779.8
2024-04-10 19:45:00,784.1999999999999
2024-04-10 20:00:00,767.2
2024-04-10 20:15:00,748.8
2024-04-10 20:30:00,753.6
2024-04-10 20:45:00,714.4
2024-04-10 21:00:00,703.4000000000001
2024-04-10 21:15:00,699.8
2024-04-10 21:30:00,684.4
2024-04-10 21:45:00,681.8
2024-04-10 22:00:00,665.6
2024-04-10 22:15:00,649.2
2024-04-10 22:30:00,660.2
2024-04-10 22:45:00,677.8
2024-04-10 23:00:00,665.8
2024-04-10 23:15:00,761.0
2024-04-10 23:30:00,716.4
2024-04-10 23:45:00,639.0
2024-04-11 00:00:00,581.6
2024-04-11 00:15:00,566.8
2024-04-11 00:30:00,536.1999999999999
2024-04-11 00:45:00,509.20000000000005
2024-04-11 01:00:00,523.4
2024-04-11 01:15:00,575.0
2024-04-11 01:30:00,561.6
2024-04-11 01:45:00,519.6
2024-04-11 02:00:00,517.2
2024-04-11 02:15:00,507.0
2024-04-11 02:30:00,507.6
2024-04-11 02:45:00,501.0
2024-04-11 03:00:00,519.8000000000001
2024-04-11 03:15:00,503.0
2024-04-11 03:30:00,493.20000000000005
2024-04-11 03:45:00,506.80000000000007
2024-04-11 04:00:00,494.79999999999995
2024-04-11 04:15:00,502.6
2024-04-11 04:30:00,494.0
2024-04-11 04:45:00,507.2
2024-04-11 05:00:00,502.79999999999995
2024-04-11 05:15:00,578.2
2024-04-11 05:30:00,560.4
2024-04-11 05:45:00,643.6
2024-04-11 06:00:00,627.4566
2024-04-11 06:15:00,705.0566
2024-04-11 06:30:00,603.2565999999999
2024-04-11 06:45:00,538.0566000000001
2024-04-11 07:00:00,417.2838
2024-04-11 07:15:00,482.8838
2024-04-11 07:30:00,473.4838
2024-04-11 07:45:00,446.4838
2024-04-11 08:00:00,340.7258
2024-04-11 08:15:00,476.9258
2024-04-11 08:30:00,487.9258
2024-04-11 08:45:00,585.3258000000001
2024-04-11 09:00:00,388.7549
2024-04-11 09:15:00,516.7549
2024-04-11 09:30:00,687.9549
2024-04-11 09:45:00,638.1549
2024-04-11 10:00:00,545.0231999999999
2024-04-11 10:15:00,563.6232
2024-04-11 10:30:00,548.2232
2024-04-11 10:45:00,456.8232
2024-04-11 11:00:00,376.12609999999995
2024-04-11 11:15:00,346.12609999999995
2024-04-11 11:30:00,408.3261
2024-04-11 11:45:00,426.52610000000004
2024-04-11 12:00:00,312.9082
2024-04-11 12:15:00,275.7082
2024-04-11 12:30:00,157.1082
2024-04-11 12:45:00,94.50819999999999
2024-04-11 13:00:00,170.50359999999995
2024-04-11 13:15:00,139.90359999999995
2024-04-11 13:30:00,163.90359999999998
2024-04-11 13:45:00,223.30360000000002
2024-04-11 14:00:00,375.6078
2024-04-11 14:15:00,498.2078
2024-04-11 14:30:00,537.2078
2024-04-11 14:45:00,488.2078
2024-04-11 15:00:00,703.3379
2024-04-11 15:15:00,704.5379
2024-04-11 15:30:00,754.3379
2024-04-11 15:45:00,658.1379
2024-04-11 16:00:00,844.4908
2024-04-11 16:15:00,842.6908000000001
2024-04-11 16:30:00,905.0908000000001
2024-04-11 16:45:00,1102.6908
2024-04-11 17:00:00,1233.3962000000001
2024-04-11 17:15:00,1086.9962
2024-04-11 17:30:00,1006.1962
2024-04-11 17:45:00,966.7962
2024-04-11 18:00:00,1144.9542
2024-04-11 18:15:00,1032.9542000000001
2024-04-11 18:30:00,985.9542
2024-04-11 18:45:00,947.3542
2024-04-11 19:00:00,858.4
2024-04-11 19:15:00,863.1999999999999
2024-04-11 19:30:00,858.5999999999999
2024-04-11 19:45:00,811.5999999999999
2024-04-11 20:00:00,793.8
2024-04-11 20:15:00,778.6
2024-04-11 20:30:00,739.8
2024-04-11 20:45:00,749.8
2024-04-11 21:00:00,740.0
2024-04-11 21:15:00,744.8
2024-04-11 21:30:00,717.2
2024-04-11 21:45:00,696.2
2024-04-11 22:00:00,667.8
2024-04-11 22:15:00,650.4
2024-04-11 22:30:00,630.2
2024-04-11 22:45:00,638.8
2024-04-11 23:00:00,621.1999999999999
2024-04-11 23:15:00,859.8000000000001
2024-04-11 23:30:00,825.8
2024-04-11 23:45:00,713.5999999999999
2024-04-12 00:00:00,716.8000000000001
2024-04-12 00:15:00,635.6
2024-04-12 00:30:00,605.5999999999999
2024-04-12 00:45:00,693.5999999999999
2024-04-12 01:00:00,592.1999999999999
2024-04-12 01:15:00,529.4
2024-04-12 01:30:00,519.4000000000001
2024-04-12 01:45:00,525.2
2024-04-12 02:00:00,525.4
2024-04-12 02:15:00,529.0
2024-04-12 02:30:00,510.40000000000003
2024-04-12 02:45:00,530.0
2024-04-12 03:00:00,508.79999999999995
2024-04-12 03:15:00,516.8
2024-04-12 03:30:00,593.6
2024-04-12 03:45:00,582.4
2024-04-12 04:00:00,588.0
2024-04-12 04:15:00,599.4
2024-04-12 04:30:00,527.4000000000001
2024-04-12 04:45:00,518.4
2024-04-12 05:00:00,563.6
2024-04-12 05:15:00,573.2
2024-04-12 05:30:00,517.4000000000001
2024-04-12 05:45:00,639.8
2024-04-12 06:00:00,671.9057
2024-04-12 06:15:00,626.3057
2024-04-12 06:30:00,572.9057
2024-04-12 06:45:00,563.3057
2024-04-12 07:00:00,342.6529
2024-04-12 07:15:00,373.8529
2024-04-12 07:30:00,377.6529
2024-04-12 07:45:00,373.6529
2024-04-12 08:00:00,243.44760000000002
2024-04-12 08:15:00,267.24760000000003
2024-04-12 08:30:00,385.6476
2024-04-12 08:45:00,537.8476
2024-04-12 09:00:00,345.0448
2024-04-12 09:15:00,275.0448
2024-04-12 09:30:00,361.0448
2024-04-12 09:45:00,490.6448
2024-04-12 10:00:00,164.0009999999999
2024-04-12 10:15:00,160.60099999999989
2024-04-12 10:30:00,112.00099999999986
2024-04-12 10:45:00,110.60099999999983
2024-04-12 11:00:00,120.75440000000002
2024-04-12 11:15:00,87.95440000000005
2024-04-12 11:30:00,50.95440000000005
2024-04-12 11:45:00,82.35439999999998
2024-04-12 12:00:00,219.0075
2024-04-12 12:15:00,191.40750000000003
2024-04-12 12:30:00,133.2075
2024-04-12 12:45:00,130.40750000000003
2024-04-12 13:00:00,233.18130000000002
2024-04-12 13:15:00,171.5813
2024-04-12 13:30:00,276.9813
2024-04-12 13:45:00,322.98130000000003
2024-04-12 14:00:00,377.10379999999986
2024-04-12 14:15:00,344.10379999999986
2024-04-12 14:30:00,380.70379999999983
2024-04-12 14:45:00,420.70379999999983
2024-04-12 15:00:00,944.2593
2024-04-12 15:15:00,933.0592999999999
2024-04-12 15:30:00,907.2593
2024-04-12 15:45:00,928.0593
2024-04-12 16:00:00,975.6400000000001
2024-04-12 16:15:00,1002.24
2024-04-12 16:30:00,920.84
2024-04-12 16:45:00,976.44
2024-04-12 17:00:00,1174.0958999999998
2024-04-12 17:15:00,1113.8959
2024-04-12 17:30:00,1050.0959
2024-04-12 17:45:00,1084.6959
2024-04-12 18:00:00,1240.8532
2024-04-12 18:15:00,1106.8532
2024-04-12 18:30:00,1032.2532
2024-04-12 18:45:00,938.0532000000001
2024-04-12 19:00:00,938.0
2024-04-12 19:15:00,853.0
2024-04-12 19:30:00,849.1999999999999
2024-04-12 19:45:00,804.1999999999999
2024-04-12 20:00:00,820.6000000000001
2024-04-12 20:15:00,790.8
2024-04-12 20:30:00,765.5999999999999
2024-04-12 20:45:00,766.8
2024-04-12 21:00:00,730.8
2024-04-12 21:15:00,737.0
2024-04-12 21:30:00,695.2
2024-04-12 21:45:00,700.0000000000001
2024-04-12 22:00:00,667.5999999999999
2024-04-12 22:15:00,670.0
2024-04-12 22:30:00,670.8
2024-04-12 22:45:00,656.0
2024-04-12 23:00:00,674.8
2024-04-12 23:15:00,706.2
2024-04-12 23:30:00,920.0
2024-04-12 23:45:00,765.2
2024-04-13 00:00:00,687.2
2024-04-13 00:15:00,708.1999999999999
2024-04-13 00:30:00,716.4
2024-04-13 00:45:00,625.2
2024-04-13 01:00:00,503.0
2024-04-13 01:15:00,547.6
2024-04-13 01:30:00,538.0
2024-04-13 01:45:00,507.0
2024-04-13 02:00:00,629.2
2024-04-13 02:15:00,606.4
2024-04-13 02:30:00,567.0
2024-04-13 02:45:00,534.0
2024-04-13 03:00:00,512.0
2024-04-13 03:15:00,518.2
2024-04-13 03:30:00,507.0
2024-04-13 03:45:00,514.0
2024-04-13 04:00:00,509.4
2024-04-13 04:15:00,572.0
2024-04-13 04:30:00,610.6
2024-04-13 04:45:00,585.8
2024-04-13 05:00:00,549.8
2024-04-13 05:15:00,496.40000000000003
2024-04-13 05:30:00,471.40000000000003
2024-04-13 05:45:00,514.0
2024-04-13 06:00:00,597.5062
2024-04-13 06:15:00,603.1062000000001
2024-04-13 06:30:00,541.5062
2024-04-13 06:45:00,510.9061999999999
2024-04-13 07:00:00,353.67690000000005
2024-04-13 07:15:00,354.2769
2024-04-13 07:30:00,358.4769
2024-04-13 07:45:00,385.07689999999997
2024-04-13 08:00:00,253.85829999999999
2024-04-13 08:15:00,251.0583
2024-04-13 08:30:00,287.8583
2024-04-13 08:45:00,328.25829999999996
2024-04-13 09:00:00,143.21839999999997
2024-04-13 09:15:00,159.8184
2024-04-13 09:30:00,179.41840000000002
2024-04-13 09:45:00,121.21839999999997
2024-04-13 10:00:00,61.94549999999998
2024-04-13 10:15:00,145.5455
2024-04-13 10:30:00,96.9455
2024-04-13 10:45:00,58.94550000000004
2024-04-13 11:00:00,57.32469999999999
2024-04-13 11:15:00,35.12469999999996
2024-04-13 11:30:00,24.72469999999997
2024-04-13 11:45:00,11.524699999999996
2024-04-13 12:00:00,-143.39700000000002
2024-04-13 12:15:00,-179.59699999999998
2024-04-13 12:30:00,-170.797
2024-04-13 12:45:00,-218.99699999999996
2024-04-13 13:00:00,-186.2642
2024-04-13 13:15:00,-188.26420000000002
2024-04-13 13:30:00,-178.6642
2024-04-13 13:45:00,-144.66420000000005
2024-04-13 14:00:00,22.048000000000016
2024-04-13 14:15:00,45.04800000000003
2024-04-13 14:30:00,54.04800000000003
2024-04-13 14:45:00,45.647999999999996
2024-04-13 15:00:00,232.4527
2024-04-13 15:15:00,275.0527
2024-04-13 15:30:00,240.45270000000002
2024-04-13 15:45:00,261.8527
2024-04-13 16:00:00,546.3548
2024-04-13 16:15:00,634.7547999999999
2024-04-13 16:30:00,527.3548
2024-04-13 16:45:00,558.7548
2024-04-13 17:00:00,725.9081
2024-04-13 17:15:00,651.7081
2024-04-13 17:30:00,743.7081000000001
2024-04-13 17:45:00,655.7081000000001
2024-04-13 18:00:00,733.8563
2024-04-13 18:15:00,740.6563000000001
2024-04-13 18:30:00,713.8563
2024-04-13 18:45:00,704.0563
2024-04-13 19:00:00,686.6
2024-04-13 19:15:00,683.4
2024-04-13 19:30:00,669.2
2024-04-13 19:45:00,666.0
2024-04-13 20:00:00,737.4000000000001
2024-04-13 20:15:00,634.6
2024-04-13 20:30:00,627.2
2024-04-13 20:45:00,717.0
2024-04-13 21:00:00,655.8
2024-04-13 21:15:00,590.8
2024-04-13 21:30:00,626.2
2024-04-13 21:45:00,617.8
2024-04-13 22:00:00,594.5999999999999
2024-04-13 22:15:00,569.4
2024-04-13 22:30:00,565.6
2024-04-13 22:45:00,601.0
2024-04-13 23:00:00,628.6
2024-04-13 23:15:00,673.6
2024-04-13 23:30:00,682.4
2024-04-13 23:45:00,672.0
2024-04-14 00:00:00,601.2
2024-04-14 00:15:00,568.6
2024-04-14 00:30:00,669.6
2024-04-14 00:45:00,610.8
2024-04-14 01:00:00,539.4
2024-04-14 01:15:00,571.4
2024-04-14 01:30:00,555.1999999999999
2024-04-14 01:45:00,527.8000000000001
2024-04-14 02:00:00,498.8
2024-04-14 02:15:00,498.6
2024-04-14 02:30:00,562.6
2024-04-14 02:45:00,580.4
2024-04-14 03:00:00,641.2
2024-04-14 03:15:00,562.2
2024-04-14 03:30:00,632.8
2024-04-14 03:45:00,582.0
2024-04-14 04:00:00,549.8000000000001
2024-04-14 04:15:00,493.4
2024-04-14 04:30:00,543.4
2024-04-14 04:45:00,546.0
2024-04-14 05:00:00,525.0
2024-04-14 05:15:00,493.40000000000003
2024-04-14 05:30:00,608.4000000000001
2024-04-14 05:45:00,608.6
2024-04-14 06:00:00,578.9640999999999
2024-04-14 06:15:00,690.9641
2024-04-14 06:30:00,771.7641
2024-04-14 06:45:00,574.5641
2024-04-14 07:00:00,413.69669999999996
2024-04-14 07:15:00,382.6967
2024-04-14 07:30:00,373.2967
2024-04-14 07:45:00,404.69669999999996
2024-04-14 08:00:00,308.9636
2024-04-14 08:15:00,269.96360000000004
2024-04-14 08:30:00,312.1636
2024-04-14 08:45:00,301.7636
2024-04-14 09:00:00,194.55339999999998
2024-04-14 09:15:00,238.1534
2024-04-14 09:30:00,242.3534
2024-04-14 09:45:00,233.35340000000002
2024-04-14 10:00:00,110.48519999999999
2024-04-14 10:15:00,237.08520000000004
2024-04-14 10:30:00,130.6852
2024-04-14 10:45:00,148.6852
2024-04-14 11:00:00,122.30729999999998
2024-04-14 11:15:00,144.70730000000003
2024-04-14 11:30:00,106.5073
2024-04-14 11:45:00,128.7073
2024-04-14 12:00:00,82.47949999999996
2024-04-14 12:15:00,69.0795
2024-04-14 12:30:00,52.6795
2024-04-14 12:45:00,56.67949999999996
2024-04-14 13:00:00,-22.482500000000016
2024-04-14 13:15:00,-10.882499999999993
2024-04-14 13:30:00,9.317499999999981
2024-04-14 13:45:00,13.317499999999985
2024-04-14 14:00:00,150.69260000000003
2024-04-14 14:15:00,252.0926
2024-04-14 14:30:00,222.89260000000004
2024-04-14 14:45:00,206.8926
2024-04-14 15:00:00,396.366
2024-04-14 15:15:00,433.366
2024-04-14 15:30:00,446.36600000000004
2024-04-14 15:45:00,476.766
2024-04-14 16:00:00,680.9287
2024-04-14 16:15:00,650.5287000000001
2024-04-14 16:30:00,602.7287
2024-04-14 16:45:00,567.1287000000001
2024-04-14 17:00:00,668.8786
2024-04-14 17:15:00,648.4786
2024-04-14 17:30:00,619.2786000000001
2024-04-14 17:45:00,601.4786
2024-04-14 18:00:00,779.14
2024-04-14 18:15:00,797.1400000000001
2024-04-14 18:30:00,775.1400000000001
2024-04-14 18:45:00,791.94
2024-04-14 19:00:00,767.6
2024-04-14 19:15:00,737.6
2024-04-14 19:30:00,733.4000000000001
2024-04-14 19:45:00,733.8000000000001
2024-04-14 20:00:00,717.4
2024-04-14 20:15:00,704.0
2024-04-14 20:30:00,684.6
2024-04-14 20:45:00,649.8000000000001
2024-04-14 21:00:00,671.2
2024-04-14 21:15:00,632.6
2024-04-14 21:30:00,635.0
2024-04-14 21:45:00,617.2
2024-04-14 22:00:00,611.2
2024-04-14 22:15:00,607.4000000000001
2024-04-14 22:30:00,601.6
2024-04-14 22:45:00,583.0
2024-04-14 23:00:00,614.5999999999999
2024-04-14 23:15:00,651.8
2024-04-14 23:30:00,654.0
2024-04-14 23:45:00,688.4
2024-04-15 00:00:00,718.1999999999999
2024-04-15 00:15:00,567.8
2024-04-15 00:30:00,513.2
2024-04-15 00:45:00,511.6
2024-04-15 01:00:00,481.6
2024-04-15 01:15:00,525.4
2024-04-15 01:30:00,521.6
2024-04-15 01:45:00,548.8000000000001
2024-04-15 02:00:00,541.8000000000001
2024-04-15 02:15:00,550.5999999999999
2024-04-15 02:30:00,578.4
2024-04-15 02:45:00,569.0
2024-04-15 03:00:00,527.6
2024-04-15 03:15:00,490.19999999999993
2024-04-15 03:30:00,509.6
2024-04-15 03:45:00,494.6
2024-04-15 04:00:00,490.79999999999995
2024-04-15 04:15:00,517.8
2024-04-15 04:30:00,499.2
2024-04-15 04:45:00,505.79999999999995
2024-04-15 05:00:00,541.6
2024-04-15 05:15:00,546.4
2024-04-15 05:30:00,559.4000000000001
2024-04-15 05:45:00,549.2
2024-04-15 06:00:00,567.9114
2024-04-15 06:15:00,599.9114
2024-04-15 06:30:00,614.9114
2024-04-15 06:45:00,649.9114
2024-04-15 07:00:00,309.1014
2024-04-15 07:15:00,346.90139999999997
2024-04-15 07:30:00,264.3014
2024-04-15 07:45:00,257.1014
2024-04-15 08:00:00,-21.10300000000001
2024-04-15 08:15:00,45.49699999999997
2024-04-15 08:30:00,157.09700000000004
2024-04-15 08:45:00,280.897
2024-04-15 09:00:00,88.52139999999997
2024-04-15 09:15:00,191.32139999999995
2024-04-15 09:30:00,254.72139999999996
2024-04-15 09:45:00,323.7214
2024-04-15 10:00:00,196.6587
2024-04-15 10:15:00,263.2587
2024-04-15 10:30:00,314.6587
2024-04-15 10:45:00,462.05870000000004
2024-04-15 11:00:00,201.28600000000003
2024-04-15 11:15:00,229.28600000000012
2024-04-15 11:30:00,259.28600000000006
2024-04-15 11:45:00,244.88600000000005
2024-04-15 12:00:00,163.9288000000001
2024-04-15 12:15:00,286.52879999999993
2024-04-15 12:30:00,347.32880000000006
2024-04-15 12:45:00,289.32880000000006
2024-04-15 13:00:00,278.56820000000005
2024-04-15 13:15:00,263.36820000000006
2024-04-15 13:30:00,347.7682
2024-04-15 13:45:00,354.1682000000002
2024-04-15 14:00:00,614.6821
2024-04-15 14:15:00,862.8821
2024-04-15 14:30:00,841.2821000000001
2024-04-15 14:45:00,903.4821000000002
2024-04-15 15:00:00,1232.8470000000002
2024-04-15 15:15:00,1179.647
2024-04-15 15:30:00,1175.047
2024-04-15 15:45:00,1167.047
2024-04-15 16:00:00,1622.4731000000002
2024-04-15 16:15:00,1574.2730999999999
2024-04-15 16:30:00,1448.8731000000002
2024-04-15 16:45:00,1442.4731000000002
2024-04-15 17:00:00,1663.8899
2024-04-15 17:15:00,1565.6899
2024-04-15 17:30:00,1473.4899
2024-04-15 17:45:00,1385.6899
2024-04-15 18:00:00,1516.1864
2024-04-15 18:15:00,1441.7864
2024-04-15 18:30:00,1342.5864000000001
2024-04-15 18:45:00,1258.9864
2024-04-15 19:00:00,1283.4
2024-04-15 19:15:00,1242.2
2024-04-15 19:30:00,1200.2
2024-04-15 19:45:00,1137.6
2024-04-15 20:00:00,1135.0
2024-04-15 20:15:00,1083.4
2024-04-15 20:30:00,1028.4
2024-04-15 20:45:00,1007.1999999999999
2024-04-15 21:00:00,968.8000000000001
2024-04-15 21:15:00,898.6000000000001
2024-04-15 21:30:00,877.8000000000001
2024-04-15 21:45:00,835.5999999999999
2024-04-15 22:00:00,825.5999999999999
2024-04-15 22:15:00,807.4000000000001
2024-04-15 22:30:00,759.5999999999999
2024-04-15 22:45:00,763.0
2024-04-15 23:00:00,733.6
2024-04-15 23:15:00,896.5999999999999
2024-04-15 23:30:00,793.8
2024-04-15 23:45:00,714.8
2024-04-16 00:00:00,806.0
2024-04-16 00:15:00,660.6
2024-04-16 00:30:00,742.8
2024-04-16 00:45:00,704.0
2024-04-16 01:00:00,596.0
2024-04-16 01:15:00,561.0
2024-04-16 01:30:00,556.2
2024-04-16 01:45:00,558.5999999999999
2024-04-16 02:00:00,551.8
2024-04-16 02:15:00,564.4
2024-04-16 02:30:00,538.0
2024-04-16 02:45:00,553.5999999999999
2024-04-16 03:00:00,544.6
2024-04-16 03:15:00,545.0
2024-04-16 03:30:00,543.2
2024-04-16 03:45:00,537.2
2024-04-16 04:00:00,561.5999999999999
2024-04-16 04:15:00,564.0
2024-04-16 04:30:00,559.0
2024-04-16 04:45:00,556.0
2024-04-16 05:00:00,554.5999999999999
2024-04-16 05:15:00,609.6
2024-04-16 05:30:00,655.8
2024-04-16 05:45:00,726.2
2024-04-16 06:00:00,648.6325999999999
2024-04-16 06:15:00,592.2326
2024-04-16 06:30:00,561.4326000000001
2024-04-16 06:45:00,569.4326
2024-04-16 07:00:00,253.57080000000002
2024-04-16 07:15:00,290.9708
2024-04-16 07:30:00,359.37080000000003
2024-04-16 07:45:00,362.57079999999996
2024-04-16 08:00:00,-8.170600000000022
2024-04-16 08:15:00,80.02940000000001
2024-04-16 08:30:00,258.62940000000003
2024-04-16 08:45:00,318.8293999999999
2024-04-16 09:00:00,10.772799999999986
2024-04-16 09:15:00,127.37279999999998
2024-04-16 09:30:00,143.77280000000002
2024-04-16 09:45:00,152.5728
2024-04-16 10:00:00,-51.5465999999999
2024-04-16 10:15:00,-67.74659999999994
2024-04-16 10:30:00,-68.14659999999989
2024-04-16 10:45:00,-71.54659999999986
2024-04-16 11:00:00,-175.42570000000012
2024-04-16 11:15:00,-185.0257000000001
2024-04-16 11:30:00,-87.42570000000015
2024-04-16 11:45:00,-169.42570000000015
2024-04-16 12:00:00,-115.3051999999999
2024-04-16 12:15:00,-180.90519999999995
2024-04-16 12:30:00,-211.10519999999997
2024-04-16 12:45:00,-344.70519999999993
2024-04-16 13:00:00,-288.30860000000007
2024-04-16 13:15:00,-292.30860000000007
2024-04-16 13:30:00,-280.7086
2024-04-16 13:45:00,-180.70860000000002
2024-04-16 14:00:00,-23.641100000000023
2024-04-16 14:15:00,136.7589
2024-04-16 14:30:00,56.75890000000001
2024-04-16 14:45:00,39.558899999999966
2024-04-16 15:00:00,452.3132999999999
2024-04-16 15:15:00,389.5133
2024-04-16 15:30:00,389.71330000000006
2024-04-16 15:45:00,385.5133
2024-04-16 16:00:00,673.4805
2024-04-16 16:15:00,736.8805
2024-04-16 16:30:00,811.6804999999999
2024-04-16 16:45:00,723.8805000000001
2024-04-16 17:00:00,1067.3582999999999
2024-04-16 17:15:00,949.9583
2024-04-16 17:30:00,980.1583
2024-04-16 17:45:00,937.7583
2024-04-16 18:00:00,1168.8475
2024-04-16 18:15:00,1162.6475
2024-04-16 18:30:00,1119.0475000000001
2024-04-16 18:45:00,997.2475
2024-04-16 19:00:00,981.6
2024-04-16 19:15:00,971.0
2024-04-16 19:30:00,966.0000000000001
2024-04-16 19:45:00,961.0
2024-04-16 20:00:00,912.2
2024-04-16 20:15:00,956.2
2024-04-16 20:30:00,1035.8
2024-04-16 20:45:00,838.0
2024-04-16 21:00:00,816.6
2024-04-16 21:15:00,755.1999999999999
2024-04-16 21:30:00,736.2
2024-04-16 21:45:00,723.0
2024-04-16 22:00:00,680.2
2024-04-16 22:15:00,661.0
2024-04-16 22:30:00,656.5999999999999
2024-04-16 22:45:00,636.4
2024-04-16 23:00:00,657.0
2024-04-16 23:15:00,994.2
2024-04-16 23:30:00,867.6
2024-04-16 23:45:00,712.8
2024-04-17 00:00:00,649.4000000000001
2024-04-17 00:15:00,798.2
2024-04-17 00:30:00,793.0
2024-04-17 00:45:00,623.8
2024-04-17 01:00:00,556.6
2024-04-17 01:15:00,545.4
2024-04-17 01:30:00,518.6
2024-04-17 01:45:00,516.4
2024-04-17 02:00:00,613.8000000000001
2024-04-17 02:15:00,575.4
2024-04-17 02:30:00,601.0
2024-04-17 02:45:00,561.6
2024-04-17 03:00:00,549.8
2024-04-17 03:15:00,581.2
2024-04-17 03:30:00,574.4
2024-04-17 03:45:00,539.0
2024-04-17 04:00:00,555.6
2024-04-17 04:15:00,535.8
2024-04-17 04:30:00,605.0
2024-04-17 04:45:00,605.4000000000001
2024-04-17 05:00:00,565.0
2024-04-17 05:15:00,539.5999999999999
2024-04-17 05:30:00,548.4
2024-04-17 05:45:00,632.0
2024-04-17 06:00:00,791.4158
2024-04-17 06:15:00,806.0158000000001
2024-04-17 06:30:00,670.0158
2024-04-17 06:45:00,673.8158
2024-04-17 07:00:00,536.735
2024-04-17 07:15:00,647.135
2024-04-17 07:30:00,579.735
2024-04-17 07:45:00,587.735
2024-04-17 08:00:00,544.5136
2024-04-17 08:15:00,540.9136
2024-04-17 08:30:00,651.9136000000001
2024-04-17 08:45:00,917.9136000000001
2024-04-17 09:00:00,939.1099
2024-04-17 09:15:00,853.3099
2024-04-17 09:30:00,873.1099000000002
2024-04-17 09:45:00,960.9099
2024-04-17 10:00:00,919.7497000000001
2024-04-17 10:15:00,1025.9497000000001
2024-04-17 10:30:00,939.5497
2024-04-17 10:45:00,1024.3497
2024-04-17 11:00:00,880.8494000000001
2024-04-17 11:15:00,898.0494000000001
2024-04-17 11:30:00,874.6494
2024-04-17 11:45:00,902.8494000000001
2024-04-17 12:00:00,776.6723000000001
2024-04-17 12:15:00,728.4723
2024-04-17 12:30:00,677.0723
2024-04-17 12:45:00,598.4723
2024-04-17 13:00:00,526.6835
2024-04-17 13:15:00,463.6835
2024-04-17 13:30:00,557.0835
2024-04-17 13:45:00,554.4835
2024-04-17 14:00:00,593.2334000000001
2024-04-17 14:15:00,704.8334
2024-04-17 14:30:00,773.6333999999999
2024-04-17 14:45:00,853.8334000000001
2024-04-17 15:00:00,1002.5558000000001
2024-04-17 15:15:00,996.7558
2024-04-17 15:30:00,906.5558
2024-04-17 15:45:00,966.1558
2024-04-17 16:00:00,1028.2509
2024-04-17 16:15:00,980.6509000000001
2024-04-17 16:30:00,1142.2509
2024-04-17 16:45:00,1072.2509
2024-04-17 17:00:00,1016.2551
2024-04-17 17:15:00,1052.8551
2024-04-17 17:30:00,983.0551
2024-04-17 17:45:00,1039.6551
2024-04-17 18:00:00,1074.8092000000001
2024-04-17 18:15:00,975.0092
2024-04-17 18:30:00,944.0092
2024-04-17 18:45:00,865.8092000000001
2024-04-17 19:00:00,863.5999999999999
2024-04-17 19:15:00,843.0
2024-04-17 19:30:00,845.4
2024-04-17 19:45:00,810.6
2024-04-17 20:00:00,786.6
2024-04-17 20:15:00,772.5999999999999
2024-04-17 20:30:00,745.4
2024-04-17 20:45:00,769.4000000000001
2024-04-17 21:00:00,771.8000000000001
2024-04-17 21:15:00,715.2
2024-04-17 21:30:00,706.6
2024-04-17 21:45:00,695.5999999999999
2024-04-17 22:00:00,664.1999999999999
2024-04-17 22:15:00,663.2
2024-04-17 22:30:00,622.2
2024-04-17 22:45:00,604.4
2024-04-17 23:00:00,597.8000000000001
2024-04-17 23:15:00,760.0
2024-04-17 23:30:00,808.8
2024-04-17 23:45:00,754.6
2024-04-18 00:00:00,632.4
2024-04-18 00:15:00,567.6
2024-04-18 00:30:00,519.2
2024-04-18 00:45:00,562.2
2024-04-18 01:00:00,684.5999999999999
2024-04-18 01:15:00,668.0
2024-04-18 01:30:00,619.6
2024-04-18 01:45:00,607.2
2024-04-18 02:00:00,590.8
2024-04-18 02:15:00,563.0
2024-04-18 02:30:00,578.6
2024-04-18 02:45:00,506.0
2024-04-18 03:00:00,505.6
2024-04-18 03:15:00,645.4
2024-04-18 03:30:00,609.8
2024-04-18 03:45:00,549.6
2024-04-18 04:00:00,538.6
2024-04-18 04:15:00,508.20000000000005
2024-04-18 04:30:00,524.4000000000001
2024-04-18 04:45:00,545.0
2024-04-18 05:00:00,517.8
2024-04-18 05:15:00,502.8
2024-04-18 05:30:00,565.6
2024-04-18 05:45:00,579.5999999999999
2024-04-18 06:00:00,653.3758
2024-04-18 06:15:00,649.1758
2024-04-18 06:30:00,618.5758000000001
2024-04-18 06:45:00,606.3758
2024-04-18 07:00:00,470.7223
2024-04-18 07:15:00,436.3223
2024-04-18 07:30:00,439.7223
2024-04-18 07:45:00,424.1223
2024-04-18 08:00:00,328.6009
2024-04-18 08:15:00,457.60089999999997
2024-04-18 08:30:00,513.6009
2024-04-18 08:45:00,608.4009
2024-04-18 09:00:00,535.9589000000001
2024-04-18 09:15:00,529.9589
2024-04-18 09:30:00,594.9589
2024-04-18 09:45:00,604.1589
2024-04-18 10:00:00,639.5266
2024-04-18 10:15:00,733.9266
2024-04-18 10:30:00,701.5266
2024-04-18 10:45:00,627.1266
2024-04-18 11:00:00,592.0025999999999
2024-04-18 11:15:00,618.2026000000001
2024-04-18 11:30:00,635.6026
2024-04-18 11:45:00,583.4025999999999
2024-04-18 12:00:00,471.21040000000005
2024-04-18 12:15:00,430.81039999999996
2024-04-18 12:30:00,337.0104
2024-04-18 12:45:00,327.0104
2024-04-18 13:00:00,386.7606
2024-04-18 13:15:00,406.9606
2024-04-18 13:30:00,385.56059999999997
2024-04-18 13:45:00,441.36060000000003
2024-04-18 14:00:00,522.2816
2024-04-18 14:15:00,727.6816
2024-04-18 14:30:00,805.0816
2024-04-18 14:45:00,786.4816000000001
2024-04-18 15:00:00,723.0798000000001
2024-04-18 15:15:00,743.6798
2024-04-18 15:30:00,816.6798
2024-04-18 15:45:00,812.4797999999998
2024-04-18 16:00:00,1048.4222000000002
2024-04-18 16:15:00,986.4222
2024-04-18 16:30:00,1043.0221999999999
2024-04-18 16:45:00,1093.2222
2024-04-18 17:00:00,1153.074
2024-04-18 17:15:00,1028.674
2024-04-18 17:30:00,993.074
2024-04-18 17:45:00,1057.274
2024-04-18 18:00:00,1194.5743
2024-04-18 18:15:00,1112.9742999999999
2024-04-18 18:30:00,1117.9742999999999
2024-04-18 18:45:00,978.5742999999999
2024-04-18 19:00:00,884.1999999999999
2024-04-18 19:15:00,880.8
2024-04-18 19:30:00,858.8
2024-04-18 19:45:00,841.2
2024-04-18 20:00:00,818.4
2024-04-18 20:15:00,816.0
2024-04-18 20:30:00,789.8
2024-04-18 20:45:00,781.2
2024-04-18 21:00:00,759.4
2024-04-18 21:15:00,725.4
2024-04-18 21:30:00,719.6
2024-04-18 21:45:00,714.8000000000001
2024-04-18 22:00:00,697.1999999999999
2024-04-18 22:15:00,666.8
2024-04-18 22:30:00,665.4000000000001
2024-04-18 22:45:00,692.3999999999999
2024-04-18 23:00:00,602.0
2024-04-18 23:15:00,968.5999999999999
2024-04-18 23:30:00,988.9999999999999
2024-04-18 23:45:00,777.0000000000001
2024-04-19 00:00:00,618.1999999999999
2024-04-19 00:15:00,557.4
2024-04-19 00:30:00,555.0
2024-04-19 00:45:00,527.5999999999999
2024-04-19 01:00:00,523.4
2024-04-19 01:15:00,517.6
2024-04-19 01:30:00,522.4
2024-04-19 01:45:00,513.6
2024-04-19 02:00:00,505.2
2024-04-19 02:15:00,564.6
2024-04-19 02:30:00,536.2
2024-04-19 02:45:00,532.4
2024-04-19 03:00:00,583.8
2024-04-19 03:15:00,567.6
2024-04-19 03:30:00,563.8
2024-04-19 03:45:00,534.2
2024-04-19 04:00:00,606.6
2024-04-19 04:15:00,580.0
2024-04-19 04:30:00,602.4
2024-04-19 04:45:00,570.5999999999999
2024-04-19 05:00:00,531.8
2024-04-19 05:15:00,525.4
2024-04-19 05:30:00,512.0
2024-04-19 05:45:00,556.4
2024-04-19 06:00:00,672.8397
2024-04-19 06:15:00,618.8397
2024-04-19 06:30:00,565.2397
2024-04-19 06:45:00,583.2397
2024-04-19 07:00:00,442.04299999999995
2024-04-19 07:15:00,488.64300000000003
2024-04-19 07:30:00,513.043
2024-04-19 07:45:00,492.84299999999996
2024-04-19 08:00:00,453.72130000000004
2024-04-19 08:15:00,524.7212999999999
2024-04-19 08:30:00,557.1213
2024-04-19 08:45:00,635.7212999999999
2024-04-19 09:00:00,630.0081
2024-04-19 09:15:00,754.0081
2024-04-19 09:30:00,819.2081000000001
2024-04-19 09:45:00,881.0081
2024-04-19 10:00:00,782.9371000000001
2024-04-19 10:15:00,937.3371000000001
2024-04-19 10:30:00,786.1371
2024-04-19 10:45:00,735.9371
2024-04-19 11:00:00,728.7511
2024-04-19 11:15:00,774.1511
2024-04-19 11:30:00,810.5510999999999
2024-04-19 11:45:00,752.1511
2024-04-19 12:00:00,717.8113000000001
2024-04-19 12:15:00,685.2113
2024-04-19 12:30:00,674.8113000000001
2024-04-19 12:45:00,646.8113
2024-04-19 13:00:00,612.3362
2024-04-19 13:15:00,586.1361999999999
2024-04-19 13:30:00,639.9362
2024-04-19 13:45:00,681.3362
2024-04-19 14:00:00,796.2562
2024-04-19 14:15:00,844.0562
2024-04-19 14:30:00,903.4562000000001
2024-04-19 14:45:00,1085.2562
2024-04-19 15:00:00,1174.3202999999999
2024-04-19 15:15:00,1104.5203
2024-04-19 15:30:00,1103.3202999999999
2024-04-19 15:45:00,1129.5203000000001
2024-04-19 16:00:00,1224.8741
2024-04-19 16:15:00,1365.6741000000002
2024-04-19 16:30:00,1354.4741
2024-04-19 16:45:00,1456.2741
2024-04-19 17:00:00,1536.305
2024-04-19 17:15:00,1392.3049999999998
2024-04-19 17:30:00,1327.905
2024-04-19 17:45:00,1163.105
2024-04-19 18:00:00,1252.0203999999999
2024-04-19 18:15:00,1183.6204
2024-04-19 18:30:00,1072.2204
2024-04-19 18:45:00,957.0204
2024-04-19 19:00:00,886.6
2024-04-19 19:15:00,892.2
2024-04-19 19:30:00,851.4000000000001
2024-04-19 19:45:00,814.4
2024-04-19 20:00:00,901.1999999999999
2024-04-19 20:15:00,798.8000000000001
2024-04-19 20:30:00,760.4000000000001
2024-04-19 20:45:00,731.4
2024-04-19 21:00:00,715.0
2024-04-19 21:15:00,702.1999999999999
2024-04-19 21:30:00,706.4000000000001
2024-04-19 21:45:00,687.9999999999999
2024-04-19 22:00:00,693.1999999999999
2024-04-19 22:15:00,652.4000000000001
2024-04-19 22:30:00,629.2
2024-04-19 22:45:00,600.4
2024-04-19 23:00:00,643.2
2024-04-19 23:15:00,893.6000000000001
2024-04-19 23:30:00,805.8000000000001
2024-04-19 23:45:00,652.0
2024-04-20 00:00:00,626.6
2024-04-20 00:15:00,555.6
2024-04-20 00:30:00,616.6
2024-04-20 00:45:00,624.6
2024-04-20 01:00:00,649.4000000000001
2024-04-20 01:15:00,642.8000000000001
2024-04-20 01:30:00,540.0
2024-04-20 01:45:00,494.4
2024-04-20 02:00:00,476.79999999999995
2024-04-20 02:15:00,529.2
2024-04-20 02:30:00,601.0
2024-04-20 02:45:00,571.0
2024-04-20 03:00:00,506.6
2024-04-20 03:15:00,544.8
2024-04-20 03:30:00,543.4
2024-04-20 03:45:00,535.6
2024-04-20 04:00:00,543.0
2024-04-20 04:15:00,501.0
2024-04-20 04:30:00,472.59999999999997
2024-04-20 04:45:00,544.8
2024-04-20 05:00:00,541.4
2024-04-20 05:15:00,580.5999999999999
2024-04-20 05:30:00,561.0
2024-04-20 05:45:00,479.59999999999997
2024-04-20 06:00:00,776.8197
2024-04-20 06:15:00,811.0197000000001
2024-04-20 06:30:00,716.2197000000001
2024-04-20 06:45:00,634.2197
2024-04-20 07:00:00,575.8021
2024-04-20 07:15:00,491.6021
2024-04-20 07:30:00,416.6021
2024-04-20 07:45:00,481.80210000000005
2024-04-20 08:00:00,383.39740000000006
2024-04-20 08:15:00,361.5974
2024-04-20 08:30:00,375.5974
2024-04-20 08:45:00,445.5974
2024-04-20 09:00:00,358.45759999999996
2024-04-20 09:15:00,399.2576
2024-04-20 09:30:00,408.4576
2024-04-20 09:45:00,455.2576
2024-04-20 10:00:00,430.002
2024-04-20 10:15:00,471.802
2024-04-20 10:30:00,466.40199999999993
2024-04-20 10:45:00,464.002
2024-04-20 11:00:00,397.59159999999997
2024-04-20 11:15:00,436.7916
2024-04-20 11:30:00,445.39160000000004
2024-04-20 11:45:00,426.19160000000005
2024-04-20 12:00:00,392.2638
2024-04-20 12:15:00,345.6638
2024-04-20 12:30:00,323.4638
2024-04-20 12:45:00,298.0638
2024-04-20 13:00:00,315.37399999999997
2024-04-20 13:15:00,328.174
2024-04-20 13:30:00,303.974
2024-04-20 13:45:00,348.17400000000004
2024-04-20 14:00:00,498.29769999999996
2024-04-20 14:15:00,558.2977000000001
2024-04-20 14:30:00,517.8977
2024-04-20 14:45:00,477.2977
2024-04-20 15:00:00,608.0142999999999
2024-04-20 15:15:00,656.2143000000001
2024-04-20 15:30:00,708.0143000000002
2024-04-20 15:45:00,690.4143
2024-04-20 16:00:00,787.6591
2024-04-20 16:15:00,725.4591
2024-04-20 16:30:00,646.6591
2024-04-20 16:45:00,692.6591
2024-04-20 17:00:00,741.9788
2024-04-20 17:15:00,784.3788
2024-04-20 17:30:00,714.3788
2024-04-20 17:45:00,730.7787999999999
2024-04-20 18:00:00,824.7869
2024-04-20 18:15:00,783.1869
2024-04-20 18:30:00,801.7869000000001
2024-04-20 18:45:00,739.9869000000001
2024-04-20 19:00:00,735.4000000000001
2024-04-20 19:15:00,692.4000000000001
2024-04-20 19:30:00,692.0
2024-04-20 19:45:00,700.8
2024-04-20 20:00:00,704.5999999999999
2024-04-20 20:15:00,683.5999999999999
2024-04-20 20:30:00,659.8
2024-04-20 20:45:00,634.4000000000001
2024-04-20 21:00:00,615.8000000000001
2024-04-20 21:15:00,638.0
2024-04-20 21:30:00,622.0
2024-04-20 21:45:00,652.0
2024-04-20 22:00:00,631.8
2024-04-20 22:15:00,634.2
2024-04-20 22:30:00,568.0
2024-04-20 22:45:00,555.6
2024-04-20 23:00:00,559.0
2024-04-20 23:15:00,744.8
2024-04-20 23:30:00,677.6
2024-04-20 23:45:00,622.8000000000001
2024-04-21 00:00:00,584.0
2024-04-21 00:15:00,523.0
2024-04-21 00:30:00,540.2
2024-04-21 00:45:00,516.0
2024-04-21 01:00:00,553.2
2024-04-21 01:15:00,571.0
2024-04-21 01:30:00,634.0
2024-04-21 01:45:00,562.0
2024-04-21 02:00:00,531.4
2024-04-21 02:15:00,485.8
2024-04-21 02:30:00,523.8000000000001
2024-04-21 02:45:00,584.0
2024-04-21 03:00:00,608.0
2024-04-21 03:15:00,543.8
2024-04-21 03:30:00,517.2
2024-04-21 03:45:00,491.79999999999995
2024-04-21 04:00:00,552.8
2024-04-21 04:15:00,544.0
2024-04-21 04:30:00,530.4
2024-04-21 04:45:00,496.59999999999997
2024-04-21 05:00:00,479.20000000000005
2024-04-21 05:15:00,484.4
2024-04-21 05:30:00,589.4
2024-04-21 05:45:00,611.6
2024-04-21 06:00:00,520.2943
2024-04-21 06:15:00,567.0943
2024-04-21 06:30:00,505.2943
2024-04-21 06:45:00,547.6943
2024-04-21 07:00:00,293.9501
2024-04-21 07:15:00,242.7501
2024-04-21 07:30:00,260.75010000000003
2024-04-21 07:45:00,264.9501
2024-04-21 08:00:00,96.36979999999998
2024-04-21 08:15:00,96.1698
2024-04-21 08:30:00,195.16979999999998
2024-04-21 08:45:00,196.56980000000001
2024-04-21 09:00:00,-25.492800000000017
2024-04-21 09:15:00,-45.492799999999995
2024-04-21 09:30:00,-42.09279999999998
2024-04-21 09:45:00,31.707200000000014
2024-04-21 10:00:00,-137.92360000000002
2024-04-21 10:15:00,-151.92359999999996
2024-04-21 10:30:00,-146.1236
2024-04-21 10:45:00,-115.12360000000004
2024-04-21 11:00:00,-153.992
2024-04-21 11:15:00,-140.99200000000002
2024-04-21 11:30:00,-128.59199999999998
2024-04-21 11:45:00,-159.19200000000004
2024-04-21 12:00:00,-245.96800000000002
2024-04-21 12:15:00,-288.568
2024-04-21 12:30:00,-260.368
2024-04-21 12:45:00,-274.76800000000003
2024-04-21 13:00:00,-34.11160000000004
2024-04-21 13:15:00,-60.91160000000001
2024-04-21 13:30:00,2.0884000000000214
2024-04-21 13:45:00,-9.511600000000001
2024-04-21 14:00:00,42.225200000000015
2024-04-21 14:15:00,66.42520000000002
2024-04-21 14:30:00,33.825200000000024
2024-04-21 14:45:00,29.62520000000002
2024-04-21 15:00:00,179.03539999999995
2024-04-21 15:15:00,195.2354
2024-04-21 15:30:00,188.03539999999998
2024-04-21 15:45:00,118.63539999999995
2024-04-21 16:00:00,492.7473
2024-04-21 16:15:00,413.14730000000003
2024-04-21 16:30:00,405.3473
2024-04-21 16:45:00,534.3473
2024-04-21 17:00:00,807.0878
2024-04-21 17:15:00,573.8878
2024-04-21 17:30:00,587.6877999999999
2024-04-21 17:45:00,521.2878000000001
2024-04-21 18:00:00,646.8
2024-04-21 18:15:00,628.2
2024-04-21 18:30:00,618.0
2024-04-21 18:45:00,630.2
2024-04-21 19:00:00,619.2
2024-04-21 19:15:00,618.0
2024-04-21 19:30:00,656.2
2024-04-21 19:45:00,638.2
2024-04-21 20:00:00,616.8
2024-04-21 20:15:00,605.4000000000001
2024-04-21 20:30:00,624.8
2024-04-21 20:45:00,611.8
2024-04-21 21:00:00,568.5999999999999
2024-04-21 21:15:00,570.8
2024-04-21 21:30:00,573.4
2024-04-21 21:45:00,568.2
2024-04-21 22:00:00,592.8
2024-04-21 22:15:00,563.8
2024-04-21 22:30:00,554.6
2024-04-21 22:45:00,544.8
2024-04-21 23:00:00,604.4000000000001
2024-04-21 23:15:00,753.8
2024-04-21 23:30:00,765.6
2024-04-21 23:45:00,588.6
2024-04-22 00:00:00,504.6
2024-04-22 00:15:00,489.40000000000003
2024-04-22 00:30:00,545.6
2024-04-22 00:45:00,536.0
2024-04-22 01:00:00,639.0
2024-04-22 01:15:00,618.0
2024-04-22 01:30:00,604.6
2024-04-22 01:45:00,545.6
2024-04-22 02:00:00,522.0
2024-04-22 02:15:00,479.2
2024-04-22 02:30:00,523.0
2024-04-22 02:45:00,536.0
2024-04-22 03:00:00,514.0
2024-04-22 03:15:00,501.20000000000005
2024-04-22 03:30:00,489.2
2024-04-22 03:45:00,520.2
2024-04-22 04:00:00,518.0
2024-04-22 04:15:00,502.0
2024-04-22 04:30:00,610.0
2024-04-22 04:45:00,542.0
2024-04-22 05:00:00,522.6
2024-04-22 05:15:00,506.8
2024-04-22 05:30:00,504.8
2024-04-22 05:45:00,497.0
2024-04-22 06:00:00,623.6911
2024-04-22 06:15:00,649.8911
2024-04-22 06:30:00,586.4911
2024-04-22 06:45:00,512.8911
2024-04-22 07:00:00,120.4145
2024-04-22 07:15:00,167.61450000000002
2024-04-22 07:30:00,141.0145
2024-04-22 07:45:00,167.61450000000002
2024-04-22 08:00:00,-220.57289999999995
2024-04-22 08:15:00,-215.57289999999992
2024-04-22 08:30:00,-59.572899999999976
2024-04-22 08:45:00,192.22710000000006
2024-04-22 09:00:00,-122.69410000000002
2024-04-22 09:15:00,-203.49410000000006
2024-04-22 09:30:00,-286.29410000000007
2024-04-22 09:45:00,-54.29410000000007
2024-04-22 10:00:00,-356.69060000000025
2024-04-22 10:15:00,-383.2906000000002
2024-04-22 10:30:00,-372.0906000000002
2024-04-22 10:45:00,-416.6906000000002
2024-04-22 11:00:00,-570.2857999999999
2024-04-22 11:15:00,-606.8857999999999
2024-04-22 11:30:00,-565.6858
2024-04-22 11:45:00,-622.8857999999999
2024-04-22 12:00:00,-731.9961
2024-04-22 12:15:00,-793.9961000000002
2024-04-22 12:30:00,-788.9961000000001
2024-04-22 12:45:00,-855.7961
2024-04-22 13:00:00,-733.3014000000001
2024-04-22 13:15:00,-760.1014
2024-04-22 13:30:00,-732.3014000000001
2024-04-22 13:45:00,-656.7014
2024-04-22 14:00:00,-376.76649999999995
2024-04-22 14:15:00,-281.5665
2024-04-22 14:30:00,-277.16650000000004
2024-04-22 14:45:00,-289.96649999999994
2024-04-22 15:00:00,172.59580000000005
2024-04-22 15:15:00,112.5958
2024-04-22 15:30:00,132.59580000000003
2024-04-22 15:45:00,125.99579999999997
2024-04-22 16:00:00,539.9077
2024-04-22 16:15:00,482.90770000000003
2024-04-22 16:30:00,532.9077
2024-04-22 16:45:00,637.5077000000001
2024-04-22 17:00:00,1056.7198
2024-04-22 17:15:00,967.1198
2024-04-22 17:30:00,823.7198000000001
2024-04-22 17:45:00,831.5198
2024-04-22 18:00:00,1074.445
2024-04-22 18:15:00,1017.845
2024-04-22 18:30:00,963.445
2024-04-22 18:45:00,907.445
2024-04-22 19:00:00,967.9999999999999
2024-04-22 19:15:00,938.5999999999999
2024-04-22 19:30:00,870.4
2024-04-22 19:45:00,850.1999999999999
2024-04-22 20:00:00,833.8
2024-04-22 20:15:00,804.2
2024-04-22 20:30:00,809.2
2024-04-22 20:45:00,788.2
2024-04-22 21:00:00,755.5999999999999
2024-04-22 21:15:00,733.1999999999999
2024-04-22 21:30:00,729.4
2024-04-22 21:45:00,699.2
2024-04-22 22:00:00,667.2
2024-04-22 22:15:00,660.2
2024-04-22 22:30:00,660.2
2024-04-22 22:45:00,623.6
2024-04-22 23:00:00,611.4
2024-04-22 23:15:00,1051.4
2024-04-22 23:30:00,892.0
2024-04-22 23:45:00,779.0
2024-04-23 00:00:00,634.4
2024-04-23 00:15:00,595.2
2024-04-23 00:30:00,542.8
2024-04-23 00:45:00,524.0
2024-04-23 01:00:00,533.2
2024-04-23 01:15:00,527.4
2024-04-23 01:30:00,524.8
2024-04-23 01:45:00,512.6
2024-04-23 02:00:00,556.4
2024-04-23 02:15:00,505.0
2024-04-23 02:30:00,609.1999999999999
2024-04-23 02:45:00,567.4
2024-04-23 03:00:00,546.6
2024-04-23 03:15:00,510.4
2024-04-23 03:30:00,509.6
2024-04-23 03:45:00,499.0
2024-04-23 04:00:00,511.0
2024-04-23 04:15:00,595.0
2024-04-23 04:30:00,586.0
2024-04-23 04:45:00,573.8
2024-04-23 05:00:00,538.5999999999999
2024-04-23 05:15:00,503.2
2024-04-23 05:30:00,559.8
2024-04-23 05:45:00,727.8
2024-04-23 06:00:00,638.6410000000001
2024-04-23 06:15:00,640.6410000000001
2024-04-23 06:30:00,627.441
2024-04-23 06:45:00,475.04100000000005
2024-04-23 07:00:00,256.9044
2024-04-23 07:15:00,258.9044
2024-04-23 07:30:00,261.7044
2024-04-23 07:45:00,261.30440000000004
2024-04-23 08:00:00,17.56669999999997
2024-04-23 08:15:00,50.16669999999998
2024-04-23 08:30:00,202.5667
2024-04-23 08:45:00,397.96670000000006
2024-04-23 09:00:00,202.41810000000004
2024-04-23 09:15:00,120.01810000000003
2024-04-23 09:30:00,145.4181
2024-04-23 09:45:00,178.41810000000007
2024-04-23 10:00:00,-180.05519999999999
2024-04-23 10:15:00,-185.2552
2024-04-23 10:30:00,-217.65519999999998
2024-04-23 10:45:00,7.544799999999981
2024-04-23 11:00:00,-230.58109999999985
2024-04-23 11:15:00,-219.9810999999999
2024-04-23 11:30:00,-234.7810999999999
2024-04-23 11:45:00,-306.5810999999998
2024-04-23 12:00:00,-386.68879999999996
2024-04-23 12:15:00,-384.4888
2024-04-23 12:30:00,-444.4888
2024-04-23 12:45:00,-394.4888000000001
2024-04-23 13:00:00,-434.91139999999984
2024-04-23 13:15:00,-538.1114
2024-04-23 13:30:00,-513.1114
2024-04-23 13:45:00,-423.91139999999996
2024-04-23 14:00:00,-214.41110000000003
2024-04-23 14:15:00,-124.41110000000009
2024-04-23 14:30:00,-144.0111
2024-04-23 14:45:00,-101.0111
2024-04-23 15:00:00,331.27889999999996
2024-04-23 15:15:00,363.27889999999996
2024-04-23 15:30:00,406.0789
2024-04-23 15:45:00,356.4789
2024-04-23 16:00:00,715.1146
2024-04-23 16:15:00,758.3146
2024-04-23 16:30:00,720.7146
2024-04-23 16:45:00,617.9146
2024-04-23 17:00:00,991.7348000000001
2024-04-23 17:15:00,1027.5348
2024-04-23 17:30:00,1105.7348000000002
2024-04-23 17:45:00,1082.3348
2024-04-23 18:00:00,1161.1079
2024-04-23 18:15:00,1070.9079
2024-04-23 18:30:00,1046.3079
2024-04-23 18:45:00,926.3079
2024-04-23 19:00:00,923.5999999999999
2024-04-23 19:15:00,915.6
2024-04-23 19:30:00,862.4
2024-04-23 19:45:00,865.8000000000001
2024-04-23 20:00:00,841.0
2024-04-23 20:15:00,808.2
2024-04-23 20:30:00,773.0
2024-04-23 20:45:00,749.2
2024-04-23 21:00:00,850.8
2024-04-23 21:15:00,777.5999999999999
2024-04-23 21:30:00,725.2
2024-04-23 21:45:00,702.8000000000001
2024-04-23 22:00:00,692.8
2024-04-23 22:15:00,661.0
2024-04-23 22:30:00,639.6
2024-04-23 22:45:00,643.4
2024-04-23 23:00:00,616.4
2024-04-23 23:15:00,987.6
2024-04-23 23:30:00,912.0
2024-04-23 23:45:00,771.0
2024-04-24 00:00:00,661.4
2024-04-24 00:15:00,577.5999999999999
2024-04-24 00:30:00,540.4
2024-04-24 00:45:00,517.8
2024-04-24 01:00:00,567.4000000000001
2024-04-24 01:15:00,517.6
2024-04-24 01:30:00,529.6
2024-04-24 01:45:00,619.2
2024-04-24 02:00:00,615.4
2024-04-24 02:15:00,584.0
2024-04-24 02:30:00,500.0
2024-04-24 02:45:00,496.79999999999995
2024-04-24 03:00:00,510.79999999999995
2024-04-24 03:15:00,619.6
2024-04-24 03:30:00,595.0
2024-04-24 03:45:00,587.8
2024-04-24 04:00:00,574.2
2024-04-24 04:15:00,625.8
2024-04-24 04:30:00,612.2
2024-04-24 04:45:00,594.2
2024-04-24 05:00:00,540.6
2024-04-24 05:15:00,648.4000000000001
2024-04-24 05:30:00,707.0
2024-04-24 05:45:00,652.5999999999999
2024-04-24 06:00:00,665.9277999999999
2024-04-24 06:15:00,696.7278
2024-04-24 06:30:00,650.7278
2024-04-24 06:45:00,506.12780000000004
2024-04-24 07:00:00,449.41779999999994
2024-04-24 07:15:00,431.41780000000006
2024-04-24 07:30:00,478.01779999999997
2024-04-24 07:45:00,448.41779999999994
2024-04-24 08:00:00,312.6205
2024-04-24 08:15:00,424.6205
2024-04-24 08:30:00,529.4205
2024-04-24 08:45:00,695.4205000000001
2024-04-24 09:00:00,563.7563
2024-04-24 09:15:00,603.1563
2024-04-24 09:30:00,572.3563
2024-04-24 09:45:00,648.9563
2024-04-24 10:00:00,649.8956000000001
2024-04-24 10:15:00,709.4956
2024-04-24 10:30:00,712.6956
2024-04-24 10:45:00,702.2955999999999
2024-04-24 11:00:00,618.9232999999999
2024-04-24 11:15:00,579.1233
2024-04-24 11:30:00,522.9232999999999
2024-04-24 11:45:00,561.3233
2024-04-24 12:00:00,573.2261000000001
2024-04-24 12:15:00,508.8261
2024-04-24 12:30:00,515.2261000000001
2024-04-24 12:45:00,416.8261
2024-04-24 13:00:00,518.6424000000001
2024-04-24 13:15:00,484.04240000000004
2024-04-24 13:30:00,501.4424
2024-04-24 13:45:00,545.0424
2024-04-24 14:00:00,690.9386999999999
2024-04-24 14:15:00,695.5387
2024-04-24 14:30:00,848.9387
2024-04-24 14:45:00,794.9387
2024-04-24 15:00:00,899.1497
2024-04-24 15:15:00,974.9497
2024-04-24 15:30:00,1069.1497
2024-04-24 15:45:00,1033.3497
2024-04-24 16:00:00,1175.1629
2024-04-24 16:15:00,1158.3629
2024-04-24 16:30:00,1157.7629
2024-04-24 16:45:00,1088.9629
2024-04-24 17:00:00,1350.1452
2024-04-24 17:15:00,1214.7451999999998
2024-04-24 17:30:00,1150.1452
2024-04-24 17:45:00,1125.7452
2024-04-24 18:00:00,1199.4068
2024-04-24 18:15:00,1099.2068000000002
2024-04-24 18:30:00,1090.2068
2024-04-24 18:45:00,993.0068000000001
2024-04-24 19:00:00,981.1999999999999
2024-04-24 19:15:00,978.6
2024-04-24 19:30:00,951.8000000000001
2024-04-24 19:45:00,917.4000000000001
2024-04-24 20:00:00,895.8000000000001
2024-04-24 20:15:00,872.8
2024-04-24 20:30:00,856.8
2024-04-24 20:45:00,841.5999999999999
2024-04-24 21:00:00,824.4000000000001
2024-04-24 21:15:00,801.0
2024-04-24 21:30:00,782.6
2024-04-24 21:45:00,764.4000000000001
2024-04-24 22:00:00,767.0
2024-04-24 22:15:00,731.9999999999999
2024-04-24 22:30:00,698.1999999999999
2024-04-24 22:45:00,693.6
2024-04-24 23:00:00,684.2
2024-04-24 23:15:00,697.2
2024-04-24 23:30:00,690.6
2024-04-24 23:45:00,720.0
2024-04-25 00:00:00,616.4
2024-04-25 00:15:00,783.4
2024-04-25 00:30:00,733.6000000000001
2024-04-25 00:45:00,739.8000000000001
2024-04-25 01:00:00,732.0
2024-04-25 01:15:00,757.4000000000001
2024-04-25 01:30:00,621.2
2024-04-25 01:45:00,567.6
2024-04-25 02:00:00,633.6
2024-04-25 02:15:00,659.4
2024-04-25 02:30:00,602.8
2024-04-25 02:45:00,574.8
2024-04-25 03:00:00,563.4
2024-04-25 03:15:00,648.0
2024-04-25 03:30:00,622.8000000000001
2024-04-25 03:45:00,541.0
2024-04-25 04:00:00,520.8
2024-04-25 04:15:00,545.2
2024-04-25 04:30:00,552.4
2024-04-25 04:45:00,604.2
2024-04-25 05:00:00,571.0
2024-04-25 05:15:00,558.2
2024-04-25 05:30:00,648.1999999999999
2024-04-25 05:45:00,810.8000000000001
2024-04-25 06:00:00,705.6123
2024-04-25 06:15:00,687.8123
2024-04-25 06:30:00,667.6123
2024-04-25 06:45:00,530.6123
2024-04-25 07:00:00,429.9556
2024-04-25 07:15:00,453.55559999999997
2024-04-25 07:30:00,482.3556
2024-04-25 07:45:00,468.35560000000004
2024-04-25 08:00:00,373.9022
2024-04-25 08:15:00,361.10220000000004
2024-04-25 08:30:00,475.1021999999999
2024-04-25 08:45:00,552.3022
2024-04-25 09:00:00,341.6081
2024-04-25 09:15:00,332.20809999999994
2024-04-25 09:30:00,352.8081
2024-04-25 09:45:00,512.0081
2024-04-25 10:00:00,392.6887
2024-04-25 10:15:00,315.6886999999999
2024-04-25 10:30:00,319.68870000000004
2024-04-25 10:45:00,325.4887
2024-04-25 11:00:00,247.86999999999995
2024-04-25 11:15:00,281.67
2024-04-25 11:30:00,282.87
2024-04-25 11:45:00,402.47
2024-04-25 12:00:00,253.68519999999992
2024-04-25 12:15:00,171.88519999999988
2024-04-25 12:30:00,115.68519999999995
2024-04-25 12:45:00,95.6851999999999
2024-04-25 13:00:00,230.4646
2024-04-25 13:15:00,182.66459999999998
2024-04-25 13:30:00,150.06460000000007
2024-04-25 13:45:00,236.06459999999998
2024-04-25 14:00:00,363.0735
2024-04-25 14:15:00,469.2735
2024-04-25 14:30:00,528.8735
2024-04-25 14:45:00,511.87350000000004
2024-04-25 15:00:00,823.3068999999999
2024-04-25 15:15:00,689.3069
2024-04-25 15:30:00,649.7069
2024-04-25 15:45:00,689.3069
2024-04-25 16:00:00,1002.8148999999999
2024-04-25 16:15:00,1141.8148999999999
2024-04-25 16:30:00,1127.4149
2024-04-25 16:45:00,1003.2149
2024-04-25 17:00:00,1225.9845
2024-04-25 17:15:00,1200.3845
2024-04-25 17:30:00,1088.5845
2024-04-25 17:45:00,1026.5845
2024-04-25 18:00:00,1135.1297
2024-04-25 18:15:00,1091.9297000000001
2024-04-25 18:30:00,1062.1297
2024-04-25 18:45:00,1011.7297000000001
2024-04-25 19:00:00,992.5999999999999
2024-04-25 19:15:00,917.2
2024-04-25 19:30:00,995.8
2024-04-25 19:45:00,948.6000000000001
2024-04-25 20:00:00,867.6000000000001
2024-04-25 20:15:00,824.8
2024-04-25 20:30:00,793.8000000000001
2024-04-25 20:45:00,787.8000000000001
2024-04-25 21:00:00,813.2
2024-04-25 21:15:00,775.8
2024-04-25 21:30:00,753.2
2024-04-25 21:45:00,742.8
2024-04-25 22:00:00,701.4000000000001
2024-04-25 22:15:00,684.2
2024-04-25 22:30:00,634.4000000000001
2024-04-25 22:45:00,643.6
2024-04-25 23:00:00,629.8
2024-04-25 23:15:00,718.8
2024-04-25 23:30:00,708.2
2024-04-25 23:45:00,678.2
2024-04-26 00:00:00,636.0
2024-04-26 00:15:00,583.4
2024-04-26 00:30:00,722.4
2024-04-26 00:45:00,660.4
2024-04-26 01:00:00,634.0
2024-04-26 01:15:00,562.0
2024-04-26 01:30:00,581.2
2024-04-26 01:45:00,563.2
2024-04-26 02:00:00,543.4
2024-04-26 02:15:00,525.4
2024-04-26 02:30:00,519.6
2024-04-26 02:45:00,508.2
2024-04-26 03:00:00,516.8
2024-04-26 03:15:00,504.2
2024-04-26 03:30:00,512.2
2024-04-26 03:45:00,563.4
2024-04-26 04:00:00,562.8
2024-04-26 04:15:00,518.0
2024-04-26 04:30:00,514.6
2024-04-26 04:45:00,518.4
2024-04-26 05:00:00,522.2
2024-04-26 05:15:00,613.2
2024-04-26 05:30:00,569.6
2024-04-26 05:45:00,734.0
2024-04-26 06:00:00,774.278
2024-04-26 06:15:00,637.4780000000001
2024-04-26 06:30:00,773.078
2024-04-26 06:45:00,541.078
2024-04-26 07:00:00,535.7883999999999
2024-04-26 07:15:00,551.7884
2024-04-26 07:30:00,541.9884
2024-04-26 07:45:00,563.5884
2024-04-26 08:00:00,536.2728999999999
2024-04-26 08:15:00,522.4729
2024-04-26 08:30:00,644.0729
2024-04-26 08:45:00,871.0729
2024-04-26 09:00:00,869.5844999999999
2024-04-26 09:15:00,928.7845
2024-04-26 09:30:00,987.9845
2024-04-26 09:45:00,1020.3845
2024-04-26 10:00:00,929.7169
2024-04-26 10:15:00,905.7169
2024-04-26 10:30:00,882.3168999999999
2024-04-26 10:45:00,898.5169
2024-04-26 11:00:00,902.981
2024-04-26 11:15:00,900.381
2024-04-26 11:30:00,872.181
2024-04-26 11:45:00,862.981
2024-04-26 12:00:00,804.0871
2024-04-26 12:15:00,768.0871
2024-04-26 12:30:00,755.4871
2024-04-26 12:45:00,795.6871
2024-04-26 13:00:00,822.7238
2024-04-26 13:15:00,806.1238
2024-04-26 13:30:00,859.3238
2024-04-26 13:45:00,858.7238
2024-04-26 14:00:00,931.2788
2024-04-26 14:15:00,1180.4788
2024-04-26 14:30:00,1077.8788
2024-04-26 14:45:00,1099.2788
2024-04-26 15:00:00,1135.6593
2024-04-26 15:15:00,1094.2593
2024-04-26 15:30:00,1335.8593
2024-04-26 15:45:00,1380.2593
2024-04-26 16:00:00,1487.0905000000002
2024-04-26 16:15:00,1376.2905
2024-04-26 16:30:00,1404.4904999999999
2024-04-26 16:45:00,1359.2905
2024-04-26 17:00:00,1434.442
2024-04-26 17:15:00,1510.842
2024-04-26 17:30:00,1459.842
2024-04-26 17:45:00,1406.442
2024-04-26 18:00:00,1329.0676999999998
2024-04-26 18:15:00,1268.0677
2024-04-26 18:30:00,1247.4677
2024-04-26 18:45:00,1062.4677000000001
2024-04-26 19:00:00,1007.2
2024-04-26 19:15:00,974.0
2024-04-26 19:30:00,1050.0
2024-04-26 19:45:00,997.5999999999999
2024-04-26 20:00:00,892.0
2024-04-26 20:15:00,847.1999999999999
2024-04-26 20:30:00,862.8
2024-04-26 20:45:00,838.4
2024-04-26 21:00:00,791.4000000000001
2024-04-26 21:15:00,798.4
2024-04-26 21:30:00,778.8000000000001
2024-04-26 21:45:00,774.1999999999999
2024-04-26 22:00:00,753.4000000000001
2024-04-26 22:15:00,671.2
2024-04-26 22:30:00,664.2
2024-04-26 22:45:00,649.4000000000001
2024-04-26 23:00:00,631.2
2024-04-26 23:15:00,866.8
2024-04-26 23:30:00,774.4
2024-04-26 23:45:00,849.0
2024-04-27 00:00:00,745.0
2024-04-27 00:15:00,658.0
2024-04-27 00:30:00,598.6
2024-04-27 00:45:00,549.2
2024-04-27 01:00:00,507.6
2024-04-27 01:15:00,628.4
2024-04-27 01:30:00,680.6
2024-04-27 01:45:00,579.2
2024-04-27 02:00:00,540.0
2024-04-27 02:15:00,608.8000000000001
2024-04-27 02:30:00,532.0
2024-04-27 02:45:00,492.20000000000005
2024-04-27 03:00:00,499.00000000000006
2024-04-27 03:15:00,546.6
2024-04-27 03:30:00,503.0
2024-04-27 03:45:00,550.4
2024-04-27 04:00:00,523.6
2024-04-27 04:15:00,514.4
2024-04-27 04:30:00,491.79999999999995
2024-04-27 04:45:00,486.59999999999997
2024-04-27 05:00:00,524.4
2024-04-27 05:15:00,526.6
2024-04-27 05:30:00,555.0
2024-04-27 05:45:00,697.8
2024-04-27 06:00:00,588.4912
2024-04-27 06:15:00,557.8912
2024-04-27 06:30:00,553.2912
2024-04-27 06:45:00,501.4912
2024-04-27 07:00:00,353.44210000000004
2024-04-27 07:15:00,348.4421
2024-04-27 07:30:00,369.2421
2024-04-27 07:45:00,372.2421
2024-04-27 08:00:00,186.98780000000002
2024-04-27 08:15:00,210.9878
2024-04-27 08:30:00,241.38779999999997
2024-04-27 08:45:00,296.1878
2024-04-27 09:00:00,202.72829999999996
2024-04-27 09:15:00,168.3283
2024-04-27 09:30:00,194.1283
2024-04-27 09:45:00,273.3283
2024-04-27 10:00:00,-6.0131000000000085
2024-04-27 10:15:00,40.186899999999966
2024-04-27 10:30:00,50.5869
2024-04-27 10:45:00,24.386899999999997
2024-04-27 11:00:00,-128.2856
2024-04-27 11:15:00,-98.68560000000005
2024-04-27 11:30:00,-83.28560000000002
2024-04-27 11:45:00,-82.88559999999997
2024-04-27 12:00:00,-100.83620000000005
2024-04-27 12:15:00,-75.2362
2024-04-27 12:30:00,-73.63619999999997
2024-04-27 12:45:00,-88.23620000000003
2024-04-27 13:00:00,23.758999999999972
2024-04-27 13:15:00,-52.240999999999985
2024-04-27 13:30:00,-61.641000000000034
2024-04-27 13:45:00,5.359000000000009
2024-04-27 14:00:00,136.4827
2024-04-27 14:15:00,210.88269999999994
2024-04-27 14:30:00,271.2827
2024-04-27 14:45:00,297.28270000000003
2024-04-27 15:00:00,414.1518
2024-04-27 15:15:00,302.5518
2024-04-27 15:30:00,440.7518
2024-04-27 15:45:00,451.95179999999993
2024-04-27 16:00:00,527.7045
2024-04-27 16:15:00,558.5045
2024-04-27 16:30:00,518.5045
2024-04-27 16:45:00,397.70450000000005
2024-04-27 17:00:00,740.6701
2024-04-27 17:15:00,703.2701000000001
2024-04-27 17:30:00,639.4701
2024-04-27 17:45:00,601.6701
2024-04-27 18:00:00,777.2477999999999
2024-04-27 18:15:00,747.8478
2024-04-27 18:30:00,751.4477999999999
2024-04-27 18:45:00,761.0478
2024-04-27 19:00:00,753.4
2024-04-27 19:15:00,777.5999999999999
2024-04-27 19:30:00,743.2
2024-04-27 19:45:00,788.2
2024-04-27 20:00:00,795.2
2024-04-27 20:15:00,782.2
2024-04-27 20:30:00,795.4
2024-04-27 20:45:00,724.0
2024-04-27 21:00:00,735.2
2024-04-27 21:15:00,687.4
2024-04-27 21:30:00,674.2
2024-04-27 21:45:00,687.6
2024-04-27 22:00:00,703.0
2024-04-27 22:15:00,687.4
2024-04-27 22:30:00,689.0
2024-04-27 22:45:00,656.8000000000001
2024-04-27 23:00:00,642.0
2024-04-27 23:15:00,829.8
2024-04-27 23:30:00,887.0
2024-04-27 23:45:00,774.1999999999999
2024-04-28 00:00:00,739.4
2024-04-28 00:15:00,599.8
2024-04-28 00:30:00,609.8
2024-04-28 00:45:00,577.4
2024-04-28 01:00:00,533.0
2024-04-28 01:15:00,530.2
2024-04-28 01:30:00,577.6
2024-04-28 01:45:00,560.4000000000001
2024-04-28 02:00:00,533.6
2024-04-28 02:15:00,508.79999999999995
2024-04-28 02:30:00,525.0
2024-04-28 02:45:00,512.2
2024-04-28 03:00:00,508.99999999999994
2024-04-28 03:15:00,569.2
2024-04-28 03:30:00,550.8
2024-04-28 03:45:00,609.8
2024-04-28 04:00:00,662.0
2024-04-28 04:15:00,768.2
2024-04-28 04:30:00,686.5999999999999
2024-04-28 04:45:00,688.4
2024-04-28 05:00:00,586.4
2024-04-28 05:15:00,557.5999999999999
2024-04-28 05:30:00,785.8
2024-04-28 05:45:00,678.0
2024-04-28 06:00:00,678.6718000000001
2024-04-28 06:15:00,644.0717999999999
2024-04-28 06:30:00,666.6718
2024-04-28 06:45:00,646.8717999999999
2024-04-28 07:00:00,576.3426999999999
2024-04-28 07:15:00,602.1427
2024-04-28 07:30:00,600.1427
2024-04-28 07:45:00,622.1427
2024-04-28 08:00:00,640.1754
2024-04-28 08:15:00,742.3754
2024-04-28 08:30:00,839.1754000000001
2024-04-28 08:45:00,887.7754
2024-04-28 09:00:00,947.9276
2024-04-28 09:15:00,1026.7276
2024-04-28 09:30:00,1101.3276
2024-04-28 09:45:00,1301.5276
2024-04-28 10:00:00,1362.0708
2024-04-28 10:15:00,1350.4708
2024-04-28 10:30:00,1350.8708000000001
2024-04-28 10:45:00,1318.4708
2024-04-28 11:00:00,1286.3725
2024-04-28 11:15:00,1392.1725
2024-04-28 11:30:00,1479.9725
2024-04-28 11:45:00,1333.3725
2024-04-28 12:00:00,1256.4062
2024-04-28 12:15:00,1236.8062
2024-04-28 12:30:00,1178.4062
2024-04-28 12:45:00,1237.2062
2024-04-28 13:00:00,1150.8825
2024-04-28 13:15:00,1082.4825
2024-04-28 13:30:00,1178.2825
2024-04-28 13:45:00,1199.0825
2024-04-28 14:00:00,1340.515
2024-04-28 14:15:00,1424.715
2024-04-28 14:30:00,1477.5149999999999
2024-04-28 14:45:00,1429.315
2024-04-28 15:00:00,1603.6032
2024-04-28 15:15:00,1660.6032000000002
2024-04-28 15:30:00,1615.2032
2024-04-28 15:45:00,1629.6032
2024-04-28 16:00:00,1759.6025
2024-04-28 16:15:00,1762.2024999999999
2024-04-28 16:30:00,1822.6025
2024-04-28 16:45:00,1736.8025000000002
2024-04-28 17:00:00,1720.5136
2024-04-28 17:15:00,1693.9135999999999
2024-04-28 17:30:00,1635.1136000000001
2024-04-28 17:45:00,1460.5136
2024-04-28 18:00:00,1548.6000000000001
2024-04-28 18:15:00,1431.6000000000001
2024-04-28 18:30:00,1382.1999999999998
2024-04-28 18:45:00,1265.6
2024-04-28 19:00:00,1201.0
2024-04-28 19:15:00,1105.6
2024-04-28 19:30:00,1081.6
2024-04-28 19:45:00,1022.5999999999999
2024-04-28 20:00:00,1088.8
2024-04-28 20:15:00,1022.2
2024-04-28 20:30:00,939.6
2024-04-28 20:45:00,889.0
2024-04-28 21:00:00,891.6
2024-04-28 21:15:00,886.2
2024-04-28 21:30:00,881.4
2024-04-28 21:45:00,825.8
2024-04-28 22:00:00,805.6
2024-04-28 22:15:00,778.2
2024-04-28 22:30:00,760.0
2024-04-28 22:45:00,735.4
2024-04-28 23:00:00,719.4000000000001
2024-04-28 23:15:00,945.0
2024-04-28 23:30:00,851.4
2024-04-28 23:45:00,682.6000000000001
2024-04-29 00:00:00,618.4
2024-04-29 00:15:00,577.6
2024-04-29 00:30:00,678.2
2024-04-29 00:45:00,632.2
2024-04-29 01:00:00,564.5999999999999
2024-04-29 01:15:00,689.5999999999999
2024-04-29 01:30:00,766.4000000000001
2024-04-29 01:45:00,680.8
2024-04-29 02:00:00,683.4
2024-04-29 02:15:00,586.0
2024-04-29 02:30:00,557.8
2024-04-29 02:45:00,558.2
2024-04-29 03:00:00,632.0
2024-04-29 03:15:00,638.8
2024-04-29 03:30:00,619.6
2024-04-29 03:45:00,643.2
2024-04-29 04:00:00,583.8
2024-04-29 04:15:00,537.0
2024-04-29 04:30:00,518.8
2024-04-29 04:45:00,609.0
2024-04-29 05:00:00,661.6
2024-04-29 05:15:00,638.2
2024-04-29 05:30:00,693.8
2024-04-29 05:45:00,703.6
2024-04-29 06:00:00,627.3578
2024-04-29 06:15:00,641.1578
2024-04-29 06:30:00,755.5577999999999
2024-04-29 06:45:00,600.5578
2024-04-29 07:00:00,273.9542
2024-04-29 07:15:00,297.9542
2024-04-29 07:30:00,285.7542
2024-04-29 07:45:00,356.15420000000006
2024-04-29 08:00:00,158.2831
2024-04-29 08:15:00,266.08310000000006
2024-04-29 08:30:00,473.2831
2024-04-29 08:45:00,623.2831
2024-04-29 09:00:00,412.16419999999994
2024-04-29 09:15:00,430.16420000000005
2024-04-29 09:30:00,637.1641999999999
2024-04-29 09:45:00,702.9642
2024-04-29 10:00:00,386.7219
2024-04-29 10:15:00,250.12189999999998
2024-04-29 10:30:00,162.32190000000003
2024-04-29 10:45:00,159.92190000000005
2024-04-29 11:00:00,171.6432
2024-04-29 11:15:00,127.8432
2024-04-29 11:30:00,140.64320000000004
2024-04-29 11:45:00,158.4432
2024-04-29 12:00:00,131.96140000000003
2024-04-29 12:15:00,18.561399999999992
2024-04-29 12:30:00,-26.838599999999957
2024-04-29 12:45:00,-96.6386
2024-04-29 13:00:00,-86.3262
2024-04-29 13:15:00,-147.12619999999998
2024-04-29 13:30:00,-156.7262
2024-04-29 13:45:00,-81.32620000000007
2024-04-29 14:00:00,189.37580000000003
2024-04-29 14:15:00,230.97580000000005
2024-04-29 14:30:00,197.57580000000004
2024-04-29 14:45:00,220.57580000000002
2024-04-29 15:00:00,469.29130000000004
2024-04-29 15:15:00,538.0913
2024-04-29 15:30:00,553.0913
2024-04-29 15:45:00,504.69129999999996
2024-04-29 16:00:00,799.9434
2024-04-29 16:15:00,791.5434
2024-04-29 16:30:00,818.3434
2024-04-29 16:45:00,762.3434
2024-04-29 17:00:00,1053.9746
2024-04-29 17:15:00,1010.9746
2024-04-29 17:30:00,965.5745999999999
2024-04-29 17:45:00,947.5746000000001
2024-04-29 18:00:00,1138.413
2024-04-29 18:15:00,1035.413
2024-04-29 18:30:00,1024.413
2024-04-29 18:45:00,950.813
2024-04-29 19:00:00,950.2
2024-04-29 19:15:00,956.0
2024-04-29 19:30:00,939.6
2024-04-29 19:45:00,875.2
2024-04-29 20:00:00,887.4
2024-04-29 20:15:00,885.8000000000001
2024-04-29 20:30:00,875.8
2024-04-29 20:45:00,825.8
2024-04-29 21:00:00,799.5999999999999
2024-04-29 21:15:00,760.8
2024-04-29 21:30:00,759.0
2024-04-29 21:45:00,809.1999999999999
2024-04-29 22:00:00,683.2
2024-04-29 22:15:00,675.2
2024-04-29 22:30:00,661.2
2024-04-29 22:45:00,636.4
2024-04-29 23:00:00,627.0
2024-04-29 23:15:00,681.0
2024-04-29 23:30:00,755.6000000000001
2024-04-29 23:45:00,834.0
2024-04-30 00:00:00,688.0
2024-04-30 00:15:00,720.1999999999999
2024-04-30 00:30:00,605.0
2024-04-30 00:45:00,622.4
2024-04-30 01:00:00,618.6
2024-04-30 01:15:00,620.5999999999999
2024-04-30 01:30:00,592.4000000000001
2024-04-30 01:45:00,520.5999999999999
2024-04-30 02:00:00,630.4
2024-04-30 02:15:00,582.4
2024-04-30 02:30:00,635.5999999999999
2024-04-30 02:45:00,596.2
2024-04-30 03:00:00,597.6
2024-04-30 03:15:00,607.6
2024-04-30 03:30:00,563.0
2024-04-30 03:45:00,538.6
2024-04-30 04:00:00,543.8
2024-04-30 04:15:00,572.6
2024-04-30 04:30:00,551.2
2024-04-30 04:45:00,535.8
2024-04-30 05:00:00,530.2
2024-04-30 05:15:00,562.1999999999999
2024-04-30 05:30:00,566.2
2024-04-30 05:45:00,659.4000000000001
2024-04-30 06:00:00,605.4094
2024-04-30 06:15:00,589.8094
2024-04-30 06:30:00,596.8094
2024-04-30 06:45:00,605.8094
2024-04-30 07:00:00,446.2128
2024-04-30 07:15:00,429.6128
2024-04-30 07:30:00,432.2127999999999
2024-04-30 07:45:00,419.8127999999999
2024-04-30 08:00:00,314.427
2024-04-30 08:15:00,303.827
2024-04-30 08:30:00,456.62699999999995
2024-04-30 08:45:00,581.427
2024-04-30 09:00:00,568.9247
2024-04-30 09:15:00,566.1247
2024-04-30 09:30:00,555.3247
2024-04-30 09:45:00,731.3247
2024-04-30 10:00:00,533.8679000000001
2024-04-30 10:15:00,538.6679000000001
2024-04-30 10:30:00,538.0679000000001
2024-04-30 10:45:00,439.2679000000001
2024-04-30 11:00:00,427.59580000000005
2024-04-30 11:15:00,489.7958000000001
2024-04-30 11:30:00,502.3958
2024-04-30 11:45:00,443.1958000000001
2024-04-30 12:00:00,415.72990000000004
2024-04-30 12:15:00,298.9299
2024-04-30 12:30:00,265.3299
2024-04-30 12:45:00,212.32990000000004
2024-04-30 13:00:00,139.90750000000003
2024-04-30 13:15:00,127.70749999999998
2024-04-30 13:30:00,133.5075
2024-04-30 13:45:00,178.5074999999999
2024-04-30 14:00:00,231.79829999999998
2024-04-30 14:15:00,349.59830000000005
2024-04-30 14:30:00,304.9983
2024-04-30 14:45:00,334.3983
2024-04-30 15:00:00,428.9307
2024-04-30 15:15:00,428.7307
2024-04-30 15:30:00,434.7307
2024-04-30 15:45:00,365.13070000000005
2024-04-30 16:00:00,578.6818000000001
2024-04-30 16:15:00,811.8817999999999
2024-04-30 16:30:00,880.0817999999999
2024-04-30 16:45:00,979.6818000000001
2024-04-30 17:00:00,1076.1806000000001
2024-04-30 17:15:00,1084.9805999999999
2024-04-30 17:30:00,947.9806
2024-04-30 17:45:00,878.1806
2024-04-30 18:00:00,970.7357000000001
2024-04-30 18:15:00,893.7357000000001
2024-04-30 18:30:00,779.9356999999999
2024-04-30 18:45:00,711.3357
2024-04-30 19:00:00,681.1999999999999
2024-04-30 19:15:00,734.4000000000001
2024-04-30 19:30:00,747.8
2024-04-30 19:45:00,710.2
2024-04-30 20:00:00,645.6
2024-04-30 20:15:00,708.2
2024-04-30 20:30:00,697.8
2024-04-30 20:45:00,672.4
2024-04-30 21:00:00,671.8
2024-04-30 21:15:00,599.8
2024-04-30 21:30:00,583.0
2024-04-30 21:45:00,547.0
2024-04-30 22:00:00,569.8
2024-04-30 22:15:00,559.1999999999999
2024-04-30 22:30:00,516.4
2024-04-30 22:45:00,504.4
2024-04-30 23:00:00,512.2
2024-04-30 23:15:00,643.8000000000001
2024-04-30 23:30:00,734.2
2024-04-30 23:45:00,684.2
2024-05-01 00:00:00,555.2
2024-05-01 00:15:00,618.0
2024-05-01 00:30:00,655.0
2024-05-01 00:45:00,836.0
2024-05-01 01:00:00,665.6
2024-05-01 01:15:00,507.20000000000005
2024-05-01 01:30:00,542.6
2024-05-01 01:45:00,550.6
2024-05-01 02:00:00,581.2
2024-05-01 02:15:00,452.0
2024-05-01 02:30:00,459.79999999999995
2024-05-01 02:45:00,479.2
2024-05-01 03:00:00,462.2
2024-05-01 03:15:00,520.2
2024-05-01 03:30:00,730.6
2024-05-01 03:45:00,726.0
2024-05-01 04:00:00,652.6
2024-05-01 04:15:00,528.0
2024-05-01 04:30:00,478.0
2024-05-01 04:45:00,504.2
2024-05-01 05:00:00,438.79999999999995
2024-05-01 05:15:00,549.1999999999999
2024-05-01 05:30:00,559.4
2024-05-01 05:45:00,682.4
2024-05-01 06:00:00,552.3296999999999
2024-05-01 06:15:00,474.5297
2024-05-01 06:30:00,453.3297
2024-05-01 06:45:00,431.52970000000005
2024-05-01 07:00:00,118.18540000000002
2024-05-01 07:15:00,122.78539999999998
2024-05-01 07:30:00,130.9854
2024-05-01 07:45:00,128.1854
2024-05-01 08:00:00,-275.58340000000004
2024-05-01 08:15:00,-221.58339999999998
2024-05-01 08:30:00,-148.58339999999998
2024-05-01 08:45:00,-140.98340000000002
2024-05-01 09:00:00,-125.85149999999999
2024-05-01 09:15:00,-164.6515
2024-05-01 09:30:00,-178.45149999999998
2024-05-01 09:45:00,-77.85150000000002
2024-05-01 10:00:00,-569.1469000000001
2024-05-01 10:15:00,-591.7469000000001
2024-05-01 10:30:00,-638.3469
2024-05-01 10:45:00,-599.3469000000001
2024-05-01 11:00:00,-649.3140000000001
2024-05-01 11:15:00,-655.5140000000001
2024-05-01 11:30:00,-656.3140000000001
2024-05-01 11:45:00,-664.114
2024-05-01 12:00:00,-922.9267000000001
2024-05-01 12:15:00,-978.3267000000001
2024-05-01 12:30:00,-941.7267
2024-05-01 12:45:00,-965.3267000000001
2024-05-01 13:00:00,-576.5728
2024-05-01 13:15:00,-544.7728
2024-05-01 13:30:00,-560.7728000000001
2024-05-01 13:45:00,-563.9728
2024-05-01 14:00:00,-295.14390000000003
2024-05-01 14:15:00,-239.5439
2024-05-01 14:30:00,-124.14390000000004
2024-05-01 14:45:00,-129.34390000000002
2024-05-01 15:00:00,214.01870000000002
2024-05-01 15:15:00,189.21869999999996
2024-05-01 15:30:00,260.01869999999997
2024-05-01 15:45:00,387.41870000000006
2024-05-01 16:00:00,450.93260000000004
2024-05-01 16:15:00,463.93260000000004
2024-05-01 16:30:00,446.5326
2024-05-01 16:45:00,477.13259999999997
2024-05-01 17:00:00,621.4692
2024-05-01 17:15:00,495.6692
2024-05-01 17:30:00,569.4692
2024-05-01 17:45:00,600.0692
2024-05-01 18:00:00,598.2355
2024-05-01 18:15:00,504.43550000000005
2024-05-01 18:30:00,543.8355
2024-05-01 18:45:00,542.2355
2024-05-01 19:00:00,548.0
2024-05-01 19:15:00,520.1999999999999
2024-05-01 19:30:00,525.4000000000001
2024-05-01 19:45:00,526.2
2024-05-01 20:00:00,511.79999999999995
2024-05-01 20:15:00,513.0
2024-05-01 20:30:00,572.4
2024-05-01 20:45:00,515.2
2024-05-01 21:00:00,489.59999999999997
2024-05-01 21:15:00,493.2
2024-05-01 21:30:00,543.6
2024-05-01 21:45:00,560.5999999999999
2024-05-01 22:00:00,497.59999999999997
2024-05-01 22:15:00,485.6
2024-05-01 22:30:00,482.59999999999997
2024-05-01 22:45:00,480.2
2024-05-01 23:00:00,579.8
2024-05-01 23:15:00,665.9999999999999
2024-05-01 23:30:00,753.2
2024-05-01 23:45:00,649.4
2024-05-02 00:00:00,610.0
2024-05-02 00:15:00,473.20000000000005
2024-05-02 00:30:00,510.40000000000003
2024-05-02 00:45:00,678.4
2024-05-02 01:00:00,677.8
2024-05-02 01:15:00,715.5999999999999
2024-05-02 01:30:00,655.5999999999999
2024-05-02 01:45:00,487.20000000000005
2024-05-02 02:00:00,479.99999999999994
2024-05-02 02:15:00,486.8
2024-05-02 02:30:00,468.2
2024-05-02 02:45:00,428.59999999999997
2024-05-02 03:00:00,471.19999999999993
2024-05-02 03:15:00,449.0
2024-05-02 03:30:00,503.4
2024-05-02 03:45:00,501.20000000000005
2024-05-02 04:00:00,470.0
2024-05-02 04:15:00,448.4
2024-05-02 04:30:00,446.6
2024-05-02 04:45:00,490.99999999999994
2024-05-02 05:00:00,673.5999999999999
2024-05-02 05:15:00,632.0
2024-05-02 05:30:00,644.2
2024-05-02 05:45:00,566.1999999999999
2024-05-02 06:00:00,493.5197
2024-05-02 06:15:00,549.3197
2024-05-02 06:30:00,510.5197
2024-05-02 06:45:00,434.5197
2024-05-02 07:00:00,50.86269999999999
2024-05-02 07:15:00,19.46269999999999
2024-05-02 07:30:00,79.26270000000001
2024-05-02 07:45:00,71.26270000000001
2024-05-02 08:00:00,-224.70229999999998
2024-05-02 08:15:00,-206.30229999999997
2024-05-02 08:30:00,-206.5023
2024-05-02 08:45:00,-151.5023
2024-05-02 09:00:00,-192.2723
2024-05-02 09:15:00,-218.47229999999996
2024-05-02 09:30:00,-278.0722999999999
2024-05-02 09:45:00,-273.2723
2024-05-02 10:00:00,-426.4848999999999
2024-05-02 10:15:00,-433.08489999999995
2024-05-02 10:30:00,-404.68489999999997
2024-05-02 10:45:00,-335.4849
2024-05-02 11:00:00,-460.40329999999994
2024-05-02 11:15:00,-454.00329999999997
2024-05-02 11:30:00,-441.00329999999997
2024-05-02 11:45:00,-458.8033
2024-05-02 12:00:00,-548.7609
2024-05-02 12:15:00,-556.7609
2024-05-02 12:30:00,-432.3609
2024-05-02 12:45:00,-495.9609
2024-05-02 13:00:00,-435.3513
2024-05-02 13:15:00,-437.9513
2024-05-02 13:30:00,-440.55129999999997
2024-05-02 13:45:00,-450.3512999999999
2024-05-02 14:00:00,-404.0052000000002
2024-05-02 14:15:00,-378.60520000000014
2024-05-02 14:30:00,-233.40520000000012
2024-05-02 14:45:00,-256.40520000000015
2024-05-02 15:00:00,-189.61599999999999
2024-05-02 15:15:00,-197.816
2024-05-02 15:30:00,-182.61599999999999
2024-05-02 15:45:00,-188.61600000000004
2024-05-02 16:00:00,90.40859999999998
2024-05-02 16:15:00,244.20859999999996
2024-05-02 16:30:00,301.4086
2024-05-02 16:45:00,148.80859999999998
2024-05-02 17:00:00,388.42690000000005
2024-05-02 17:15:00,386.02689999999996
2024-05-02 17:30:00,423.6269
2024-05-02 17:45:00,303.4269
2024-05-02 18:00:00,521.9484
2024-05-02 18:15:00,475.34839999999997
2024-05-02 18:30:00,467.5484
2024-05-02 18:45:00,461.3484
2024-05-02 19:00:00,517.2
2024-05-02 19:15:00,505.2
2024-05-02 19:30:00,525.6
2024-05-02 19:45:00,523.8
2024-05-02 20:00:00,500.0
2024-05-02 20:15:00,562.4
2024-05-02 20:30:00,555.8000000000001
2024-05-02 20:45:00,488.8
2024-05-02 21:00:00,509.2
2024-05-02 21:15:00,486.0
2024-05-02 21:30:00,493.0
2024-05-02 21:45:00,507.2
2024-05-02 22:00:00,495.0
2024-05-02 22:15:00,497.6
2024-05-02 22:30:00,520.8000000000001
2024-05-02 22:45:00,525.6
2024-05-02 23:00:00,520.0
2024-05-02 23:15:00,735.4
2024-05-02 23:30:00,813.4
2024-05-02 23:45:00,678.2
2024-05-03 00:00:00,565.1999999999999
2024-05-03 00:15:00,468.4
2024-05-03 00:30:00,576.8
2024-05-03 00:45:00,631.4000000000001
2024-05-03 01:00:00,603.0
2024-05-03 01:15:00,556.8
2024-05-03 01:30:00,500.80000000000007
2024-05-03 01:45:00,511.20000000000005
2024-05-03 02:00:00,466.0
2024-05-03 02:15:00,435.80000000000007
2024-05-03 02:30:00,442.79999999999995
2024-05-03 02:45:00,512.4
2024-05-03 03:00:00,464.20000000000005
2024-05-03 03:15:00,452.2
2024-05-03 03:30:00,425.00000000000006
2024-05-03 03:45:00,433.4
2024-05-03 04:00:00,413.40000000000003
2024-05-03 04:15:00,410.6
2024-05-03 04:30:00,476.8
2024-05-03 04:45:00,536.2
2024-05-03 05:00:00,491.8
2024-05-03 05:15:00,420.2
2024-05-03 05:30:00,447.8
2024-05-03 05:45:00,433.2
2024-05-03 06:00:00,432.9614
2024-05-03 06:15:00,461.9614
2024-05-03 06:30:00,546.9614
2024-05-03 06:45:00,575.1614
2024-05-03 07:00:00,207.31660000000005
2024-05-03 07:15:00,148.31660000000002
2024-05-03 07:30:00,221.91660000000002
2024-05-03 07:45:00,228.3166
2024-05-03 08:00:00,-90.86549999999997
2024-05-03 08:15:00,-148.86549999999997
2024-05-03 08:30:00,-130.86549999999997
2024-05-03 08:45:00,-94.46549999999999
2024-05-03 09:00:00,-493.4122
2024-05-03 09:15:00,-430.21219999999994
2024-05-03 09:30:00,-467.81219999999996
2024-05-03 09:45:00,-509.2122
2024-05-03 10:00:00,-870.2809
2024-05-03 10:15:00,-879.4809
2024-05-03 10:30:00,-844.8809
2024-05-03 10:45:00,-869.8809
2024-05-03 11:00:00,-894.9592
2024-05-03 11:15:00,-912.5592000000001
2024-05-03 11:30:00,-962.5592
2024-05-03 11:45:00,-956.1592
2024-05-03 12:00:00,-1028.0123
2024-05-03 12:15:00,-1041.8123
2024-05-03 12:30:00,-1023.2122999999999
2024-05-03 12:45:00,-1028.0122999999999
2024-05-03 13:00:00,-750.9046000000001
2024-05-03 13:15:00,-745.9046000000001
2024-05-03 13:30:00,-750.3046
2024-05-03 13:45:00,-740.1046
2024-05-03 14:00:00,-713.1917000000001
2024-05-03 14:15:00,-663.5917
2024-05-03 14:30:00,-544.5917
2024-05-03 14:45:00,-610.7917
2024-05-03 15:00:00,-385.5402
2024-05-03 15:15:00,-360.14019999999994
2024-05-03 15:30:00,-364.1402
2024-05-03 15:45:00,-275.1402
2024-05-03 16:00:00,121.12420000000003
2024-05-03 16:15:00,260.3242
2024-05-03 16:30:00,164.5242
2024-05-03 16:45:00,185.72419999999994
2024-05-03 17:00:00,385.9464
2024-05-03 17:15:00,320.14639999999997
2024-05-03 17:30:00,259.54639999999995
2024-05-03 17:45:00,219.5464
2024-05-03 18:00:00,451.1571
2024-05-03 18:15:00,444.1571
2024-05-03 18:30:00,447.9571
2024-05-03 18:45:00,473.1571
2024-05-03 19:00:00,509.8
2024-05-03 19:15:00,505.0
2024-05-03 19:30:00,510.20000000000005
2024-05-03 19:45:00,515.4
2024-05-03 20:00:00,504.2
2024-05-03 20:15:00,512.4
2024-05-03 20:30:00,502.6
2024-05-03 20:45:00,510.8
2024-05-03 21:00:00,503.6
2024-05-03 21:15:00,494.0
2024-05-03 21:30:00,488.00000000000006
2024-05-03 21:45:00,495.8
2024-05-03 22:00:00,485.19999999999993
2024-05-03 22:15:00,471.79999999999995
2024-05-03 22:30:00,480.79999999999995
2024-05-03 22:45:00,479.6
2024-05-03 23:00:00,471.0
2024-05-03 23:15:00,710.4
2024-05-03 23:30:00,856.2
2024-05-03 23:45:00,729.1999999999999
2024-05-04 00:00:00,615.8
2024-05-04 00:15:00,557.0
2024-05-04 00:30:00,531.0
2024-05-04 00:45:00,450.8
2024-05-04 01:00:00,545.0
2024-05-04 01:15:00,520.2
2024-05-04 01:30:00,562.4
2024-05-04 01:45:00,557.8000000000001
2024-05-04 02:00:00,549.0
2024-05-04 02:15:00,648.5999999999999
2024-05-04 02:30:00,543.8
2024-05-04 02:45:00,562.2
2024-05-04 03:00:00,485.4
2024-05-04 03:15:00,502.6
2024-05-04 03:30:00,435.6
2024-05-04 03:45:00,436.2
2024-05-04 04:00:00,445.19999999999993
2024-05-04 04:15:00,489.20000000000005
2024-05-04 04:30:00,497.00000000000006
2024-05-04 04:45:00,557.6
2024-05-04 05:00:00,570.0
2024-05-04 05:15:00,599.6
2024-05-04 05:30:00,520.0
2024-05-04 05:45:00,467.6
2024-05-04 06:00:00,352.2464
2024-05-04 06:15:00,432.04639999999995
2024-05-04 06:30:00,539.8463999999999
2024-05-04 06:45:00,495.64639999999997
2024-05-04 07:00:00,106.66530000000002
2024-05-04 07:15:00,53.665300000000016
2024-05-04 07:30:00,116.06530000000002
2024-05-04 07:45:00,90.8653
2024-05-04 08:00:00,-249.714
2024-05-04 08:15:00,-257.714
2024-05-04 08:30:00,-238.11399999999998
2024-05-04 08:45:00,-176.514
2024-05-04 09:00:00,-277.50789999999995
2024-05-04 09:15:00,-380.50789999999995
2024-05-04 09:30:00,-400.1079
2024-05-04 09:45:00,-408.3078999999999
2024-05-04 10:00:00,-769.1594
2024-05-04 10:15:00,-687.3594
2024-05-04 10:30:00,-702.3593999999999
2024-05-04 10:45:00,-687.7594
2024-05-04 11:00:00,-841.4415
2024-05-04 11:15:00,-861.8415
2024-05-04 11:30:00,-848.6415
2024-05-04 11:45:00,-868.2415
2024-05-04 12:00:00,-841.7585999999999
2024-05-04 12:15:00,-854.1586
2024-05-04 12:30:00,-870.3585999999999
2024-05-04 12:45:00,-900.5585999999998
2024-05-04 13:00:00,-802.5854
2024-05-04 13:15:00,-797.7854
2024-05-04 13:30:00,-795.1854000000001
2024-05-04 13:45:00,-803.3854
2024-05-04 14:00:00,-651.6858000000001
2024-05-04 14:15:00,-589.6858
2024-05-04 14:30:00,-459.0858
2024-05-04 14:45:00,-369.2858
2024-05-04 15:00:00,-278.58309999999994
2024-05-04 15:15:00,-273.18309999999997
2024-05-04 15:30:00,-121.98309999999995
2024-05-04 15:45:00,-47.38309999999993
2024-05-04 16:00:00,169.02749999999997
2024-05-04 16:15:00,85.82750000000001
2024-05-04 16:30:00,100.62750000000003
2024-05-04 16:45:00,264.02750000000003
2024-05-04 17:00:00,611.5323
2024-05-04 17:15:00,719.7323
2024-05-04 17:30:00,500.7323
2024-05-04 17:45:00,404.9323
2024-05-04 18:00:00,531.3251
2024-05-04 18:15:00,631.5251
2024-05-04 18:30:00,650.3251
2024-05-04 18:45:00,482.1251000000001
2024-05-04 19:00:00,574.0
2024-05-04 19:15:00,530.4
2024-05-04 19:30:00,534.6
2024-05-04 19:45:00,574.8000000000001
2024-05-04 20:00:00,549.6
2024-05-04 20:15:00,501.2
2024-05-04 20:30:00,496.6
2024-05-04 20:45:00,519.6
2024-05-04 21:00:00,529.5999999999999
2024-05-04 21:15:00,493.40000000000003
2024-05-04 21:30:00,494.4
2024-05-04 21:45:00,479.4
2024-05-04 22:00:00,462.8
2024-05-04 22:15:00,471.8
2024-05-04 22:30:00,458.2
2024-05-04 22:45:00,468.4
2024-05-04 23:00:00,457.79999999999995
2024-05-04 23:15:00,804.0
2024-05-04 23:30:00,891.4
2024-05-04 23:45:00,1025.0
2024-05-05 00:00:00,747.8
2024-05-05 00:15:00,500.2
2024-05-05 00:30:00,520.0
2024-05-05 00:45:00,593.4000000000001
2024-05-05 01:00:00,572.0
2024-05-05 01:15:00,402.80000000000007
2024-05-05 01:30:00,503.99999999999994
2024-05-05 01:45:00,548.0
2024-05-05 02:00:00,499.8
2024-05-05 02:15:00,470.4
2024-05-05 02:30:00,502.0
2024-05-05 02:45:00,547.6
2024-05-05 03:00:00,659.2
2024-05-05 03:15:00,641.8000000000001
2024-05-05 03:30:00,601.0
2024-05-05 03:45:00,511.0
2024-05-05 04:00:00,489.4
2024-05-05 04:15:00,459.4
2024-05-05 04:30:00,439.2
2024-05-05 04:45:00,407.6
2024-05-05 05:00:00,406.20000000000005
2024-05-05 05:15:00,415.0
2024-05-05 05:30:00,406.2
2024-05-05 05:45:00,419.6
2024-05-05 06:00:00,390.1843
2024-05-05 06:15:00,442.1843
2024-05-05 06:30:00,414.3843
2024-05-05 06:45:00,392.1843
2024-05-05 07:00:00,327.8402
2024-05-05 07:15:00,307.2402
2024-05-05 07:30:00,305.2402
2024-05-05 07:45:00,366.6402
2024-05-05 08:00:00,262.8589
2024-05-05 08:15:00,242.0589
2024-05-05 08:30:00,225.8589
2024-05-05 08:45:00,302.85889999999995
2024-05-05 09:00:00,313.61899999999997
2024-05-05 09:15:00,256.21899999999994
2024-05-05 09:30:00,266.21899999999994
2024-05-05 09:45:00,237.019
2024-05-05 10:00:00,118.95249999999999
2024-05-05 10:15:00,154.35249999999996
2024-05-05 10:30:00,164.35250000000002
2024-05-05 10:45:00,178.7525
2024-05-05 11:00:00,87.95919999999998
2024-05-05 11:15:00,122.75919999999999
2024-05-05 11:30:00,102.55919999999998
2024-05-05 11:45:00,69.9592
2024-05-05 12:00:00,14.825200000000038
2024-05-05 12:15:00,-51.9748
2024-05-05 12:30:00,-65.97479999999996
2024-05-05 12:45:00,-31.574799999999996
2024-05-05 13:00:00,-65.34980000000002
2024-05-05 13:15:00,-34.34980000000001
2024-05-05 13:30:00,-16.749799999999986
2024-05-05 13:45:00,-12.14979999999997
2024-05-05 14:00:00,90.83039999999997
2024-05-05 14:15:00,140.6304
2024-05-05 14:30:00,215.83040000000003
2024-05-05 14:45:00,255.2304
2024-05-05 15:00:00,352.3167
2024-05-05 15:15:00,360.5167
2024-05-05 15:30:00,405.71670000000006
2024-05-05 15:45:00,503.3167
2024-05-05 16:00:00,467.6655
2024-05-05 16:15:00,564.8655
2024-05-05 16:30:00,589.4655
2024-05-05 16:45:00,672.4655
2024-05-05 17:00:00,601.953
2024-05-05 17:15:00,493.953
2024-05-05 17:30:00,474.35299999999995
2024-05-05 17:45:00,424.95300000000003
2024-05-05 18:00:00,505.4259
2024-05-05 18:15:00,510.2259
2024-05-05 18:30:00,506.6259
2024-05-05 18:45:00,499.2259
2024-05-05 19:00:00,566.8
2024-05-05 19:15:00,561.5999999999999
2024-05-05 19:30:00,539.0
2024-05-05 19:45:00,596.8
2024-05-05 20:00:00,580.0
2024-05-05 20:15:00,541.2
2024-05-05 20:30:00,493.0
2024-05-05 20:45:00,494.0
2024-05-05 21:00:00,508.0
2024-05-05 21:15:00,480.20000000000005
2024-05-05 21:30:00,552.0
2024-05-05 21:45:00,608.6
2024-05-05 22:00:00,569.6
2024-05-05 22:15:00,481.79999999999995
2024-05-05 22:30:00,468.4
2024-05-05 22:45:00,481.20000000000005
2024-05-05 23:00:00,519.6
2024-05-05 23:15:00,781.6
2024-05-05 23:30:00,789.0
2024-05-05 23:45:00,754.4
2024-05-06 00:00:00,714.6
2024-05-06 00:15:00,635.4000000000001
2024-05-06 00:30:00,667.0
2024-05-06 00:45:00,716.4
2024-05-06 01:00:00,774.6
2024-05-06 01:15:00,638.4
2024-05-06 01:30:00,605.2
2024-05-06 01:45:00,570.6
2024-05-06 02:00:00,640.2
2024-05-06 02:15:00,601.2
2024-05-06 02:30:00,548.6
2024-05-06 02:45:00,513.8
2024-05-06 03:00:00,536.6
2024-05-06 03:15:00,467.79999999999995
2024-05-06 03:30:00,449.40000000000003
2024-05-06 03:45:00,506.4
2024-05-06 04:00:00,567.2
2024-05-06 04:15:00,517.2
2024-05-06 04:30:00,497.2
2024-05-06 04:45:00,514.6
2024-05-06 05:00:00,509.2
2024-05-06 05:15:00,594.6
2024-05-06 05:30:00,648.2
2024-05-06 05:45:00,697.4
2024-05-06 06:00:00,578.4631999999999
2024-05-06 06:15:00,531.0632
2024-05-06 06:30:00,458.26320000000004
2024-05-06 06:45:00,463.0632
2024-05-06 07:00:00,411.8835
2024-05-06 07:15:00,408.8835
2024-05-06 07:30:00,450.6835
2024-05-06 07:45:00,441.8835
2024-05-06 08:00:00,129.1697
2024-05-06 08:15:00,238.5697
2024-05-06 08:30:00,462.96970000000005
2024-05-06 08:45:00,495.5697
2024-05-06 09:00:00,587.0031
2024-05-06 09:15:00,594.0030999999999
2024-05-06 09:30:00,537.8031
2024-05-06 09:45:00,745.0030999999999
2024-05-06 10:00:00,432.5838
2024-05-06 10:15:00,319.78380000000004
2024-05-06 10:30:00,238.18380000000005
2024-05-06 10:45:00,221.58380000000002
2024-05-06 11:00:00,110.94629999999997
2024-05-06 11:15:00,99.74629999999999
2024-05-06 11:30:00,133.3463
2024-05-06 11:45:00,115.94630000000001
2024-05-06 12:00:00,108.22420000000008
2024-05-06 12:15:00,-38.175799999999924
2024-05-06 12:30:00,-57.77579999999992
2024-05-06 12:45:00,-46.175799999999924
2024-05-06 13:00:00,54.096299999999985
2024-05-06 13:15:00,67.49629999999999
2024-05-06 13:30:00,143.2963
2024-05-06 13:45:00,156.2963
2024-05-06 14:00:00,32.30230000000003
2024-05-06 14:15:00,165.90229999999997
2024-05-06 14:30:00,156.10230000000004
2024-05-06 14:45:00,212.90229999999997
2024-05-06 15:00:00,515.8122
2024-05-06 15:15:00,410.6122
2024-05-06 15:30:00,556.0121999999999
2024-05-06 15:45:00,640.6121999999998
2024-05-06 16:00:00,997.2027999999999
2024-05-06 16:15:00,1079.8028
2024-05-06 16:30:00,1111.8028
2024-05-06 16:45:00,1133.4028
2024-05-06 17:00:00,1407.6104
2024-05-06 17:15:00,1289.2104
2024-05-06 17:30:00,1140.2104
2024-05-06 17:45:00,1043.6104
2024-05-06 18:00:00,1216.9959000000001
2024-05-06 18:15:00,1171.5959
2024-05-06 18:30:00,1143.3959
2024-05-06 18:45:00,1124.7958999999998
2024-05-06 19:00:00,1028.4
2024-05-06 19:15:00,966.5999999999999
2024-05-06 19:30:00,925.9999999999999
2024-05-06 19:45:00,910.0
2024-05-06 20:00:00,839.4000000000001
2024-05-06 20:15:00,810.0
2024-05-06 20:30:00,797.0
2024-05-06 20:45:00,763.4000000000001
2024-05-06 21:00:00,775.2
2024-05-06 21:15:00,726.2
2024-05-06 21:30:00,715.8
2024-05-06 21:45:00,723.8000000000001
2024-05-06 22:00:00,741.2
2024-05-06 22:15:00,744.5999999999999
2024-05-06 22:30:00,729.4000000000001
2024-05-06 22:45:00,618.4
2024-05-06 23:00:00,615.0
2024-05-06 23:15:00,658.4
2024-05-06 23:30:00,773.0
2024-05-06 23:45:00,749.4000000000001
2024-05-07 00:00:00,729.8000000000001
2024-05-07 00:15:00,854.8
2024-05-07 00:30:00,790.2
2024-05-07 00:45:00,669.2
2024-05-07 01:00:00,709.8
2024-05-07 01:15:00,692.4000000000001
2024-05-07 01:30:00,644.8
2024-05-07 01:45:00,578.0
2024-05-07 02:00:00,627.6
2024-05-07 02:15:00,624.6
2024-05-07 02:30:00,615.2
2024-05-07 02:45:00,612.8000000000001
2024-05-07 03:00:00,558.4000000000001
2024-05-07 03:15:00,507.4
2024-05-07 03:30:00,507.0
2024-05-07 03:45:00,568.4
2024-05-07 04:00:00,644.0
2024-05-07 04:15:00,669.1999999999999
2024-05-07 04:30:00,574.5999999999999
2024-05-07 04:45:00,527.2
2024-05-07 05:00:00,569.0
2024-05-07 05:15:00,525.4
2024-05-07 05:30:00,637.4
2024-05-07 05:45:00,655.5999999999999
2024-05-07 06:00:00,641.7475999999999
2024-05-07 06:15:00,568.5475999999999
2024-05-07 06:30:00,550.9476
2024-05-07 06:45:00,524.9476
2024-05-07 07:00:00,303.0137
2024-05-07 07:15:00,295.01370000000003
2024-05-07 07:30:00,289.0137
2024-05-07 07:45:00,294.81370000000004
2024-05-07 08:00:00,84.1016
2024-05-07 08:15:00,152.30159999999998
2024-05-07 08:30:00,254.70160000000004
2024-05-07 08:45:00,325.90160000000003
2024-05-07 09:00:00,307.97040000000004
2024-05-07 09:15:00,237.9704
2024-05-07 09:30:00,306.1704
2024-05-07 09:45:00,381.57039999999995
2024-05-07 10:00:00,268.01
2024-05-07 10:15:00,191.81000000000006
2024-05-07 10:30:00,308.21000000000004
2024-05-07 10:45:00,292.01
2024-05-07 11:00:00,189.2
2024-05-07 11:15:00,255.0
2024-05-07 11:30:00,222.79999999999995
2024-05-07 11:45:00,168.5999999999999
2024-05-07 12:00:00,289.9859
2024-05-07 12:15:00,294.18590000000006
2024-05-07 12:30:00,221.5859
2024-05-07 12:45:00,140.38589999999996
2024-05-07 13:00:00,199.84999999999997
2024-05-07 13:15:00,174.44999999999996
2024-05-07 13:30:00,199.64999999999998
2024-05-07 13:45:00,256.85
2024-05-07 14:00:00,491.6478
2024-05-07 14:15:00,579.4478000000001
2024-05-07 14:30:00,682.4477999999999
2024-05-07 14:45:00,669.4478000000001
2024-05-07 15:00:00,818.2737
2024-05-07 15:15:00,879.4737
2024-05-07 15:30:00,854.2737
2024-05-07 15:45:00,873.8737
2024-05-07 16:00:00,1000.1417
2024-05-07 16:15:00,1066.7417
2024-05-07 16:30:00,1042.7417
2024-05-07 16:45:00,1068.9416999999999
2024-05-07 17:00:00,1264.3148
2024-05-07 17:15:00,1174.5148
2024-05-07 17:30:00,1140.7148
2024-05-07 17:45:00,1032.1148
2024-05-07 18:00:00,1083.8227
2024-05-07 18:15:00,1088.2227
2024-05-07 18:30:00,1048.2227
2024-05-07 18:45:00,905.6227000000001
2024-05-07 19:00:00,934.6
2024-05-07 19:15:00,924.0
2024-05-07 19:30:00,889.0
2024-05-07 19:45:00,853.8
2024-05-07 20:00:00,821.5999999999999
2024-05-07 20:15:00,811.0
2024-05-07 20:30:00,839.4
2024-05-07 20:45:00,768.0
2024-05-07 21:00:00,768.0
2024-05-07 21:15:00,745.1999999999999
2024-05-07 21:30:00,760.0
2024-05-07 21:45:00,835.2
2024-05-07 22:00:00,757.0
2024-05-07 22:15:00,730.0
2024-05-07 22:30:00,681.5999999999999
2024-05-07 22:45:00,684.6000000000001
2024-05-07 23:00:00,692.2
2024-05-07 23:15:00,868.5999999999999
2024-05-07 23:30:00,832.8
2024-05-07 23:45:00,750.8
2024-05-08 00:00:00,829.8000000000001
2024-05-08 00:15:00,841.8000000000001
2024-05-08 00:30:00,774.4000000000001
2024-05-08 00:45:00,783.5999999999999
2024-05-08 01:00:00,662.8
2024-05-08 01:15:00,600.2
2024-05-08 01:30:00,566.8000000000001
2024-05-08 01:45:00,530.8
2024-05-08 02:00:00,561.6
2024-05-08 02:15:00,557.4
2024-05-08 02:30:00,540.8
2024-05-08 02:45:00,562.2
2024-05-08 03:00:00,676.8000000000001
2024-05-08 03:15:00,629.6
2024-05-08 03:30:00,677.8
2024-05-08 03:45:00,718.8
2024-05-08 04:00:00,674.2
2024-05-08 04:15:00,634.8
2024-05-08 04:30:00,712.5999999999999
2024-05-08 04:45:00,659.8
2024-05-08 05:00:00,609.0
2024-05-08 05:15:00,668.6
2024-05-08 05:30:00,763.0
2024-05-08 05:45:00,774.0
2024-05-08 06:00:00,728.4807000000001
2024-05-08 06:15:00,701.8806999999999
2024-05-08 06:30:00,661.2807
2024-05-08 06:45:00,581.2807
2024-05-08 07:00:00,268.4752
2024-05-08 07:15:00,380.27520000000004
2024-05-08 07:30:00,373.4752
2024-05-08 07:45:00,309.8752
2024-05-08 08:00:00,99.10120000000003
2024-05-08 08:15:00,228.10119999999998
2024-05-08 08:30:00,363.1012
2024-05-08 08:45:00,436.3012
2024-05-08 09:00:00,490.52660000000003
2024-05-08 09:15:00,512.5266
2024-05-08 09:30:00,562.3266
2024-05-08 09:45:00,577.3266
2024-05-08 10:00:00,301.1084000000001
2024-05-08 10:15:00,462.70840000000004
2024-05-08 10:30:00,377.50840000000005
2024-05-08 10:45:00,417.3084
2024-05-08 11:00:00,182.55729999999997
2024-05-08 11:15:00,218.55729999999994
2024-05-08 11:30:00,190.9572999999999
2024-05-08 11:45:00,173.75729999999996
2024-05-08 12:00:00,226.13129999999992
2024-05-08 12:15:00,179.53129999999993
2024-05-08 12:30:00,181.3312999999999
2024-05-08 12:45:00,195.3313
2024-05-08 13:00:00,136.48610000000008
2024-05-08 13:15:00,127.88610000000003
2024-05-08 13:30:00,104.88609999999994
2024-05-08 13:45:00,147.48609999999996
2024-05-08 14:00:00,258.47229999999996
2024-05-08 14:15:00,391.8722999999999
2024-05-08 14:30:00,559.6723
2024-05-08 14:45:00,657.2723000000001
2024-05-08 15:00:00,830.3606000000001
2024-05-08 15:15:00,1014.7605999999998
2024-05-08 15:30:00,1098.5605999999998
2024-05-08 15:45:00,924.3606
2024-05-08 16:00:00,1344.6431
2024-05-08 16:15:00,1475.4431000000002
2024-05-08 16:30:00,1372.2431000000001
2024-05-08 16:45:00,1416.0431
2024-05-08 17:00:00,1523.1722
2024-05-08 17:15:00,1451.3722
2024-05-08 17:30:00,1463.9722000000002
2024-05-08 17:45:00,1382.3722
2024-05-08 18:00:00,1451.4638
2024-05-08 18:15:00,1262.8638
2024-05-08 18:30:00,1203.4638
2024-05-08 18:45:00,1119.8638
2024-05-08 19:00:00,1124.1999999999998
2024-05-08 19:15:00,1099.0
2024-05-08 19:30:00,1093.0
2024-05-08 19:45:00,1102.2
2024-05-08 20:00:00,1083.8
2024-05-08 20:15:00,959.8
2024-05-08 20:30:00,1020.6
2024-05-08 20:45:00,931.4000000000001
2024-05-08 21:00:00,912.2
2024-05-08 21:15:00,857.4000000000001
2024-05-08 21:30:00,843.5999999999999
2024-05-08 21:45:00,846.2
2024-05-08 22:00:00,799.8000000000001
2024-05-08 22:15:00,766.6
2024-05-08 22:30:00,744.2
2024-05-08 22:45:00,737.2
2024-05-08 23:00:00,725.4
2024-05-08 23:15:00,874.4
2024-05-08 23:30:00,908.8000000000001
2024-05-08 23:45:00,841.8
2024-05-09 00:00:00,923.6000000000001
2024-05-09 00:15:00,822.4000000000001
2024-05-09 00:30:00,691.4
2024-05-09 00:45:00,612.6
2024-05-09 01:00:00,567.5999999999999
2024-05-09 01:15:00,577.6
2024-05-09 01:30:00,628.4
2024-05-09 01:45:00,752.6
2024-05-09 02:00:00,667.0
2024-05-09 02:15:00,683.5999999999999
2024-05-09 02:30:00,639.2
2024-05-09 02:45:00,607.4
2024-05-09 03:00:00,573.6
2024-05-09 03:15:00,609.6
2024-05-09 03:30:00,598.6
2024-05-09 03:45:00,576.8
2024-05-09 04:00:00,564.4
2024-05-09 04:15:00,600.0
2024-05-09 04:30:00,700.8000000000001
2024-05-09 04:45:00,706.6
2024-05-09 05:00:00,646.0
2024-05-09 05:15:00,639.8
2024-05-09 05:30:00,628.4
2024-05-09 05:45:00,710.6
2024-05-09 06:00:00,697.0591
2024-05-09 06:15:00,725.0591
2024-05-09 06:30:00,644.6591
2024-05-09 06:45:00,489.2591
2024-05-09 07:00:00,348.25110000000006
2024-05-09 07:15:00,386.65110000000004
2024-05-09 07:30:00,391.8511
2024-05-09 07:45:00,386.2511
2024-05-09 08:00:00,179.8225
2024-05-09 08:15:00,242.82249999999996
2024-05-09 08:30:00,373.22249999999997
2024-05-09 08:45:00,555.8225
2024-05-09 09:00:00,355.7237
2024-05-09 09:15:00,346.92369999999994
2024-05-09 09:30:00,409.3236999999999
2024-05-09 09:45:00,454.9237
2024-05-09 10:00:00,324.1706
2024-05-09 10:15:00,281.37059999999997
2024-05-09 10:30:00,302.37059999999997
2024-05-09 10:45:00,337.77060000000006
2024-05-09 11:00:00,-158.8931999999999
2024-05-09 11:15:00,-156.69319999999993
2024-05-09 11:30:00,-139.09319999999997
2024-05-09 11:45:00,-119.09319999999997
2024-05-09 12:00:00,-153.19379999999992
2024-05-09 12:15:00,-240.9937999999999
2024-05-09 12:30:00,-256.9937999999999
2024-05-09 12:45:00,-341.59379999999993
2024-05-09 13:00:00,-474.8746
2024-05-09 13:15:00,-473.47460000000007
2024-05-09 13:30:00,-497.2746
2024-05-09 13:45:00,-447.4746
2024-05-09 14:00:00,-89.0480000000002
2024-05-09 14:15:00,-11.848000000000127
2024-05-09 14:30:00,94.95199999999983
2024-05-09 14:45:00,127.55199999999988
2024-05-09 15:00:00,507.221
2024-05-09 15:15:00,543.021
2024-05-09 15:30:00,578.421
2024-05-09 15:45:00,534.821
2024-05-09 16:00:00,731.5418
2024-05-09 16:15:00,739.7418
2024-05-09 16:30:00,830.9418000000001
2024-05-09 16:45:00,994.5418
2024-05-09 17:00:00,1192.5277
2024-05-09 17:15:00,1072.7277
2024-05-09 17:30:00,1056.1277
2024-05-09 17:45:00,1001.7277000000001
2024-05-09 18:00:00,1256.1864
2024-05-09 18:15:00,1128.1864
2024-05-09 18:30:00,1258.3863999999999
2024-05-09 18:45:00,961.7864000000001
2024-05-09 19:00:00,1028.8
2024-05-09 19:15:00,1013.8
2024-05-09 19:30:00,987.0
2024-05-09 19:45:00,957.4000000000001
2024-05-09 20:00:00,929.0
2024-05-09 20:15:00,890.1999999999999
2024-05-09 20:30:00,863.6
2024-05-09 20:45:00,836.3999999999999
2024-05-09 21:00:00,831.0
2024-05-09 21:15:00,793.2
2024-05-09 21:30:00,783.8
2024-05-09 21:45:00,755.0
2024-05-09 22:00:00,730.4000000000001
2024-05-09 22:15:00,728.5999999999999
2024-05-09 22:30:00,708.4
2024-05-09 22:45:00,702.2
2024-05-09 23:00:00,710.0
2024-05-09 23:15:00,885.0
2024-05-09 23:30:00,842.8
2024-05-09 23:45:00,790.5999999999999
2024-05-10 00:00:00,686.8000000000001
2024-05-10 00:15:00,632.0
2024-05-10 00:30:00,761.4
2024-05-10 00:45:00,701.6
2024-05-10 01:00:00,690.8
2024-05-10 01:15:00,735.4000000000001
2024-05-10 01:30:00,729.4
2024-05-10 01:45:00,668.4
2024-05-10 02:00:00,652.0
2024-05-10 02:15:00,610.2
2024-05-10 02:30:00,678.0
2024-05-10 02:45:00,700.6
2024-05-10 03:00:00,683.8000000000001
2024-05-10 03:15:00,709.8
2024-05-10 03:30:00,667.4
2024-05-10 03:45:00,662.1999999999999
2024-05-10 04:00:00,682.8
2024-05-10 04:15:00,702.8000000000001
2024-05-10 04:30:00,647.2
2024-05-10 04:45:00,593.0
2024-05-10 05:00:00,588.0
2024-05-10 05:15:00,595.6
2024-05-10 05:30:00,650.8
2024-05-10 05:45:00,697.8000000000001
2024-05-10 06:00:00,758.2335
2024-05-10 06:15:00,792.6335000000001
2024-05-10 06:30:00,710.8335000000001
2024-05-10 06:45:00,622.2335
2024-05-10 07:00:00,431.8675
2024-05-10 07:15:00,464.6675
2024-05-10 07:30:00,437.6675
2024-05-10 07:45:00,444.46750000000003
2024-05-10 08:00:00,375.1661
2024-05-10 08:15:00,387.76610000000005
2024-05-10 08:30:00,529.7661
2024-05-10 08:45:00,552.3661
2024-05-10 09:00:00,570.0865
2024-05-10 09:15:00,676.4865000000001
2024-05-10 09:30:00,876.8865000000001
2024-05-10 09:45:00,723.2865
2024-05-10 10:00:00,565.0864999999999
2024-05-10 10:15:00,635.2864999999999
2024-05-10 10:30:00,665.4865
2024-05-10 10:45:00,573.2864999999999
2024-05-10 11:00:00,492.23199999999997
2024-05-10 11:15:00,487.23199999999997
2024-05-10 11:30:00,535.2320000000001
2024-05-10 11:45:00,522.432
2024-05-10 12:00:00,572.0717999999999
2024-05-10 12:15:00,488.87179999999995
2024-05-10 12:30:00,393.2717999999999
2024-05-10 12:45:00,436.07179999999994
2024-05-10 13:00:00,471.15560000000005
2024-05-10 13:15:00,425.5555999999999
2024-05-10 13:30:00,435.9555999999999
2024-05-10 13:45:00,423.75559999999996
2024-05-10 14:00:00,613.9608999999999
2024-05-10 14:15:00,758.1609000000001
2024-05-10 14:30:00,671.1609000000001
2024-05-10 14:45:00,732.5609
2024-05-10 15:00:00,825.4064000000001
2024-05-10 15:15:00,909.2064
2024-05-10 15:30:00,902.6064000000001
2024-05-10 15:45:00,968.8064000000002
2024-05-10 16:00:00,1026.3632000000002
2024-05-10 16:15:00,1163.3632
2024-05-10 16:30:00,1155.5632
2024-05-10 16:45:00,1376.5632
2024-05-10 17:00:00,1445.424
2024-05-10 17:15:00,1428.224
2024-05-10 17:30:00,1307.024
2024-05-10 17:45:00,1127.0240000000001
2024-05-10 18:00:00,1186.2124000000001
2024-05-10 18:15:00,1107.4124000000002
2024-05-10 18:30:00,1090.4124
2024-05-10 18:45:00,956.0123999999998
2024-05-10 19:00:00,1020.0
2024-05-10 19:15:00,1016.0
2024-05-10 19:30:00,988.6000000000001
2024-05-10 19:45:00,942.8000000000001
2024-05-10 20:00:00,909.8
2024-05-10 20:15:00,870.6
2024-05-10 20:30:00,898.8
2024-05-10 20:45:00,861.6
2024-05-10 21:00:00,837.5999999999999
2024-05-10 21:15:00,822.8000000000001
2024-05-10 21:30:00,821.6
2024-05-10 21:45:00,810.4000000000001
2024-05-10 22:00:00,792.8
2024-05-10 22:15:00,754.2
2024-05-10 22:30:00,733.4000000000001
2024-05-10 22:45:00,695.2
2024-05-10 23:00:00,716.0
2024-05-10 23:15:00,991.1999999999999
2024-05-10 23:30:00,1134.6
2024-05-10 23:45:00,1070.3999999999999
2024-05-11 00:00:00,955.8000000000001
2024-05-11 00:15:00,834.6
2024-05-11 00:30:00,752.0
2024-05-11 00:45:00,753.4
2024-05-11 01:00:00,786.8
2024-05-11 01:15:00,750.6
2024-05-11 01:30:00,658.2
2024-05-11 01:45:00,735.6
2024-05-11 02:00:00,716.0
2024-05-11 02:15:00,657.6
2024-05-11 02:30:00,608.0
2024-05-11 02:45:00,635.0
2024-05-11 03:00:00,599.8
2024-05-11 03:15:00,673.5999999999999
2024-05-11 03:30:00,619.8
2024-05-11 03:45:00,615.8
2024-05-11 04:00:00,630.8000000000001
2024-05-11 04:15:00,669.6
2024-05-11 04:30:00,737.4
2024-05-11 04:45:00,744.1999999999999
2024-05-11 05:00:00,754.2
2024-05-11 05:15:00,677.2
2024-05-11 05:30:00,631.2
2024-05-11 05:45:00,726.8
2024-05-11 06:00:00,768.0235
2024-05-11 06:15:00,900.6234999999999
2024-05-11 06:30:00,820.8235
2024-05-11 06:45:00,767.0234999999999
2024-05-11 07:00:00,612.0034
2024-05-11 07:15:00,622.2033999999999
2024-05-11 07:30:00,560.8034
2024-05-11 07:45:00,542.2033999999999
2024-05-11 08:00:00,478.8293
2024-05-11 08:15:00,597.0293000000001
2024-05-11 08:30:00,643.4293
2024-05-11 08:45:00,737.6293000000001
2024-05-11 09:00:00,1019.6981
2024-05-11 09:15:00,914.0981
2024-05-11 09:30:00,1012.4980999999999
2024-05-11 09:45:00,1009.6981000000001
2024-05-11 10:00:00,779.9503
2024-05-11 10:15:00,905.9503000000001
2024-05-11 10:30:00,923.9503
2024-05-11 10:45:00,943.5503000000001
2024-05-11 11:00:00,972.5583
2024-05-11 11:15:00,892.9583
2024-05-11 11:30:00,874.3583
2024-05-11 11:45:00,866.3583000000001
2024-05-11 12:00:00,849.5835999999999
2024-05-11 12:15:00,806.3836
2024-05-11 12:30:00,765.3836
2024-05-11 12:45:00,645.7836
2024-05-11 13:00:00,675.7017000000001
2024-05-11 13:15:00,597.9017
2024-05-11 13:30:00,568.1017
2024-05-11 13:45:00,700.5017
2024-05-11 14:00:00,754.4199
2024-05-11 14:15:00,882.0199000000001
2024-05-11 14:30:00,906.0199
2024-05-11 14:45:00,878.0199
2024-05-11 15:00:00,1037.7724
2024-05-11 15:15:00,1132.9724
2024-05-11 15:30:00,1113.1724000000002
2024-05-11 15:45:00,1088.1724
2024-05-11 16:00:00,1265.4923
2024-05-11 16:15:00,1285.2923
2024-05-11 16:30:00,1333.6923000000002
2024-05-11 16:45:00,1269.8923
2024-05-11 17:00:00,1357.2362
2024-05-11 17:15:00,1330.2362
2024-05-11 17:30:00,1295.2361999999998
2024-05-11 17:45:00,1166.6362000000001
2024-05-11 18:00:00,1201.0213
2024-05-11 18:15:00,1116.6213
2024-05-11 18:30:00,1031.8213
2024-05-11 18:45:00,964.0213
2024-05-11 19:00:00,970.4000000000001
2024-05-11 19:15:00,940.4000000000001
2024-05-11 19:30:00,888.8
2024-05-11 19:45:00,1014.5999999999999
2024-05-11 20:00:00,941.4
2024-05-11 20:15:00,888.0
2024-05-11 20:30:00,843.2
2024-05-11 20:45:00,823.8000000000001
2024-05-11 21:00:00,820.6
2024-05-11 21:15:00,783.6
2024-05-11 21:30:00,777.2
2024-05-11 21:45:00,738.2
2024-05-11 22:00:00,740.4000000000001
2024-05-11 22:15:00,727.0
2024-05-11 22:30:00,681.0
2024-05-11 22:45:00,693.0
2024-05-11 23:00:00,659.0
2024-05-11 23:15:00,736.6
2024-05-11 23:30:00,772.2
2024-05-11 23:45:00,755.8
2024-05-12 00:00:00,725.5999999999999
2024-05-12 00:15:00,643.5999999999999
2024-05-12 00:30:00,641.0
2024-05-12 00:45:00,876.0
2024-05-12 01:00:00,825.0
2024-05-12 01:15:00,568.8
2024-05-12 01:30:00,601.5999999999999
2024-05-12 01:45:00,592.4
2024-05-12 02:00:00,635.2
2024-05-12 02:15:00,568.0
2024-05-12 02:30:00,587.8
2024-05-12 02:45:00,529.6
2024-05-12 03:00:00,512.4
2024-05-12 03:15:00,518.0
2024-05-12 03:30:00,489.40000000000003
2024-05-12 03:45:00,495.6
2024-05-12 04:00:00,492.59999999999997
2024-05-12 04:15:00,535.4
2024-05-12 04:30:00,513.6
2024-05-12 04:45:00,495.6
2024-05-12 05:00:00,549.0
2024-05-12 05:15:00,534.4
2024-05-12 05:30:00,506.79999999999995
2024-05-12 05:45:00,678.6
2024-05-12 06:00:00,737.5361
2024-05-12 06:15:00,666.9361000000001
2024-05-12 06:30:00,597.7361
2024-05-12 06:45:00,577.7361
2024-05-12 07:00:00,318.90009999999995
2024-05-12 07:15:00,305.50010000000003
2024-05-12 07:30:00,287.9001
2024-05-12 07:45:00,289.9001
2024-05-12 08:00:00,145.40339999999998
2024-05-12 08:15:00,251.20340000000004
2024-05-12 08:30:00,227.0034
2024-05-12 08:45:00,338.0034
2024-05-12 09:00:00,114.98769999999999
2024-05-12 09:15:00,218.58769999999996
2024-05-12 09:30:00,187.58769999999996
2024-05-12 09:45:00,121.7877
2024-05-12 10:00:00,120.34650000000002
2024-05-12 10:15:00,157.54649999999998
2024-05-12 10:30:00,203.94650000000004
2024-05-12 10:45:00,161.1465
2024-05-12 11:00:00,73.4821
2024-05-12 11:15:00,51.4821
2024-05-12 11:30:00,75.08209999999997
2024-05-12 11:45:00,55.88210000000001
2024-05-12 12:00:00,47.52089999999997
2024-05-12 12:15:00,8.320900000000002
2024-05-12 12:30:00,80.92089999999996
2024-05-12 12:45:00,70.52089999999997
2024-05-12 13:00:00,57.938800000000015
2024-05-12 13:15:00,117.33879999999999
2024-05-12 13:30:00,100.33879999999996
2024-05-12 13:45:00,89.3388
2024-05-12 14:00:00,213.5581
2024-05-12 14:15:00,324.5581
2024-05-12 14:30:00,311.95810000000006
2024-05-12 14:45:00,440.9581
2024-05-12 15:00:00,546.0038
2024-05-12 15:15:00,519.4038
2024-05-12 15:30:00,548.2038
2024-05-12 15:45:00,510.40379999999993
2024-05-12 16:00:00,632.8256000000001
2024-05-12 16:15:00,582.8256
2024-05-12 16:30:00,611.0255999999999
2024-05-12 16:45:00,716.6256000000001
2024-05-12 17:00:00,710.8072000000001
2024-05-12 17:15:00,763.6071999999999
2024-05-12 17:30:00,649.0072
2024-05-12 17:45:00,574.0072
2024-05-12 18:00:00,688.0379999999999
2024-05-12 18:15:00,619.038
2024-05-12 18:30:00,572.238
2024-05-12 18:45:00,590.838
2024-05-12 19:00:00,629.0
2024-05-12 19:15:00,622.6
2024-05-12 19:30:00,633.2
2024-05-12 19:45:00,622.1999999999999
2024-05-12 20:00:00,645.0
2024-05-12 20:15:00,633.2
2024-05-12 20:30:00,620.2
2024-05-12 20:45:00,631.0
2024-05-12 21:00:00,612.8
2024-05-12 21:15:00,624.2
2024-05-12 21:30:00,807.2
2024-05-12 21:45:00,822.8
2024-05-12 22:00:00,649.8
2024-05-12 22:15:00,594.0
2024-05-12 22:30:00,599.8
2024-05-12 22:45:00,573.4
2024-05-12 23:00:00,602.8
2024-05-12 23:15:00,723.6000000000001
2024-05-12 23:30:00,686.4000000000001
2024-05-12 23:45:00,582.6
2024-05-13 00:00:00,564.4000000000001
2024-05-13 00:15:00,568.4000000000001
2024-05-13 00:30:00,643.0
2024-05-13 00:45:00,556.2
2024-05-13 01:00:00,561.0
2024-05-13 01:15:00,744.8000000000001
2024-05-13 01:30:00,748.6
2024-05-13 01:45:00,669.1999999999999
2024-05-13 02:00:00,596.2
2024-05-13 02:15:00,581.2
2024-05-13 02:30:00,556.0
2024-05-13 02:45:00,550.2
2024-05-13 03:00:00,567.0
2024-05-13 03:15:00,539.4
2024-05-13 03:30:00,520.2
2024-05-13 03:45:00,682.8
2024-05-13 04:00:00,644.8000000000001
2024-05-13 04:15:00,762.0
2024-05-13 04:30:00,676.6
2024-05-13 04:45:00,594.4
2024-05-13 05:00:00,488.2
2024-05-13 05:15:00,517.8
2024-05-13 05:30:00,664.2
2024-05-13 05:45:00,731.1999999999999
2024-05-13 06:00:00,594.1775
2024-05-13 06:15:00,562.1775
2024-05-13 06:30:00,521.1775
2024-05-13 06:45:00,468.77750000000003
2024-05-13 07:00:00,240.97679999999997
2024-05-13 07:15:00,282.1768
2024-05-13 07:30:00,271.97679999999997
2024-05-13 07:45:00,298.5768
2024-05-13 08:00:00,135.4309
2024-05-13 08:15:00,184.03090000000003
2024-05-13 08:30:00,341.23089999999996
2024-05-13 08:45:00,460.6309
2024-05-13 09:00:00,413.48369999999994
2024-05-13 09:15:00,507.08369999999996
2024-05-13 09:30:00,601.0836999999999
2024-05-13 09:45:00,572.6837
2024-05-13 10:00:00,398.4213000000001
2024-05-13 10:15:00,366.6213
2024-05-13 10:30:00,411.02130000000005
2024-05-13 10:45:00,392.8213000000001
2024-05-13 11:00:00,206.76849999999993
2024-05-13 11:15:00,181.76850000000002
2024-05-13 11:30:00,196.56849999999994
2024-05-13 11:45:00,171.36849999999998
2024-05-13 12:00:00,329.8725999999999
2024-05-13 12:15:00,333.6726
2024-05-13 12:30:00,344.07259999999997
2024-05-13 12:45:00,392.67259999999993
2024-05-13 13:00:00,510.0789999999999
2024-05-13 13:15:00,451.2789999999998
2024-05-13 13:30:00,451.47899999999987
2024-05-13 13:45:00,530.0789999999998
2024-05-13 14:00:00,583.5306
2024-05-13 14:15:00,1024.5306
2024-05-13 14:30:00,883.3306
2024-05-13 14:45:00,883.5306
2024-05-13 15:00:00,962.3639
2024-05-13 15:15:00,1125.5639
2024-05-13 15:30:00,1274.1639
2024-05-13 15:45:00,1188.5639
2024-05-13 16:00:00,1242.9817
2024-05-13 16:15:00,1283.3817
2024-05-13 16:30:00,1273.5817000000002
2024-05-13 16:45:00,1363.9817
2024-05-13 17:00:00,1703.6767
2024-05-13 17:15:00,1524.2767
2024-05-13 17:30:00,1435.2767
2024-05-13 17:45:00,1206.6767
2024-05-13 18:00:00,1382.1178
2024-05-13 18:15:00,1253.7178000000001
2024-05-13 18:30:00,1135.5177999999999
2024-05-13 18:45:00,1055.9178
2024-05-13 19:00:00,1107.2
2024-05-13 19:15:00,1081.8
2024-05-13 19:30:00,1008.0
2024-05-13 19:45:00,1038.4
2024-05-13 20:00:00,988.8
2024-05-13 20:15:00,966.2
2024-05-13 20:30:00,905.8
2024-05-13 20:45:00,898.4000000000001
2024-05-13 21:00:00,884.4000000000001
2024-05-13 21:15:00,911.6
2024-05-13 21:30:00,907.1999999999999
2024-05-13 21:45:00,844.5999999999999
2024-05-13 22:00:00,826.4
2024-05-13 22:15:00,760.6
2024-05-13 22:30:00,760.5999999999999
2024-05-13 22:45:00,727.2
2024-05-13 23:00:00,736.5999999999999
2024-05-13 23:15:00,840.5999999999999
2024-05-13 23:30:00,802.6
2024-05-13 23:45:00,815.3999999999999
2024-05-14 00:00:00,664.6
2024-05-14 00:15:00,658.2
2024-05-14 00:30:00,567.8
2024-05-14 00:45:00,565.4
2024-05-14 01:00:00,783.1999999999999
2024-05-14 01:15:00,754.8000000000001
2024-05-14 01:30:00,771.1999999999999
2024-05-14 01:45:00,690.2
2024-05-14 02:00:00,561.6
2024-05-14 02:15:00,542.5999999999999
2024-05-14 02:30:00,537.8000000000001
2024-05-14 02:45:00,542.0
2024-05-14 03:00:00,548.6
2024-05-14 03:15:00,578.6
2024-05-14 03:30:00,761.0
2024-05-14 03:45:00,697.4
2024-05-14 04:00:00,714.2
2024-05-14 04:15:00,731.4000000000001
2024-05-14 04:30:00,809.4000000000001
2024-05-14 04:45:00,710.4000000000001
2024-05-14 05:00:00,640.5999999999999
2024-05-14 05:15:00,649.4000000000001
2024-05-14 05:30:00,697.5999999999999
2024-05-14 05:45:00,652.5999999999999
2024-05-14 06:00:00,677.5155
2024-05-14 06:15:00,643.3154999999999
2024-05-14 06:30:00,634.5155
2024-05-14 06:45:00,578.9155000000001
2024-05-14 07:00:00,330.1957
2024-05-14 07:15:00,271.59569999999997
2024-05-14 07:30:00,357.99570000000006
2024-05-14 07:45:00,317.99570000000006
2024-05-14 08:00:00,15.839799999999997
2024-05-14 08:15:00,68.8398
2024-05-14 08:30:00,320.63980000000004
2024-05-14 08:45:00,501.63980000000004
2024-05-14 09:00:00,456.93059999999997
2024-05-14 09:15:00,480.9306
2024-05-14 09:30:00,532.5306000000002
2024-05-14 09:45:00,574.3306
2024-05-14 10:00:00,427.26649999999995
2024-05-14 10:15:00,434.4665000000001
2024-05-14 10:30:00,408.26649999999995
2024-05-14 10:45:00,348.66650000000004
2024-05-14 11:00:00,312.3429000000001
2024-05-14 11:15:00,285.5429
2024-05-14 11:30:00,275.9429
2024-05-14 11:45:00,290.9429
2024-05-14 12:00:00,38.3489
2024-05-14 12:15:00,-47.4511
2024-05-14 12:30:00,-33.451100000000054
2024-05-14 12:45:00,18.748899999999992
2024-05-14 13:00:00,116.36830000000003
2024-05-14 13:15:00,121.76830000000007
2024-05-14 13:30:00,145.9683
2024-05-14 13:45:00,182.56830000000002
2024-05-14 14:00:00,641.0165
2024-05-14 14:15:00,854.4164999999998
2024-05-14 14:30:00,820.8164999999999
2024-05-14 14:45:00,1043.4164999999998
2024-05-14 15:00:00,1415.8032000000003
2024-05-14 15:15:00,1259.4032
2024-05-14 15:30:00,1233.6032
2024-05-14 15:45:00,1230.4032000000002
2024-05-14 16:00:00,1635.0185000000001
2024-05-14 16:15:00,1682.0185000000001
2024-05-14 16:30:00,1598.6185
2024-05-14 16:45:00,1588.2185
2024-05-14 17:00:00,1772.2633999999998
2024-05-14 17:15:00,1698.0634
2024-05-14 17:30:00,1555.8634
2024-05-14 17:45:00,1469.0634
2024-05-14 18:00:00,1554.4618
2024-05-14 18:15:00,1319.4618
2024-05-14 18:30:00,1272.4618
2024-05-14 18:45:00,1217.6617999999999
2024-05-14 19:00:00,1290.8
2024-05-14 19:15:00,1274.6
2024-05-14 19:30:00,1179.6
2024-05-14 19:45:00,1114.6
2024-05-14 20:00:00,1029.8000000000002
2024-05-14 20:15:00,955.5999999999999
2024-05-14 20:30:00,926.0
2024-05-14 20:45:00,908.2
2024-05-14 21:00:00,888.2
2024-05-14 21:15:00,896.0
2024-05-14 21:30:00,993.5999999999999
2024-05-14 21:45:00,865.2
2024-05-14 22:00:00,906.8000000000001
2024-05-14 22:15:00,812.8
2024-05-14 22:30:00,742.4000000000001
2024-05-14 22:45:00,704.0000000000001
2024-05-14 23:00:00,817.2
2024-05-14 23:15:00,1071.2
2024-05-14 23:30:00,920.1999999999999
2024-05-14 23:45:00,772.2
2024-05-15 00:00:00,731.0
2024-05-15 00:15:00,824.2
2024-05-15 00:30:00,683.2
2024-05-15 00:45:00,635.2
2024-05-15 01:00:00,612.2
2024-05-15 01:15:00,609.4
2024-05-15 01:30:00,632.2
2024-05-15 01:45:00,622.1999999999999
2024-05-15 02:00:00,637.4
2024-05-15 02:15:00,621.5999999999999
2024-05-15 02:30:00,670.4
2024-05-15 02:45:00,543.4
2024-05-15 03:00:00,562.0
2024-05-15 03:15:00,546.4000000000001
2024-05-15 03:30:00,532.1999999999999
2024-05-15 03:45:00,528.4
2024-05-15 04:00:00,742.4000000000001
2024-05-15 04:15:00,707.8
2024-05-15 04:30:00,621.4000000000001
2024-05-15 04:45:00,581.5999999999999
2024-05-15 05:00:00,560.2
2024-05-15 05:15:00,598.2
2024-05-15 05:30:00,638.8
2024-05-15 05:45:00,630.8
2024-05-15 06:00:00,699.5433
2024-05-15 06:15:00,701.5433
2024-05-15 06:30:00,794.7433000000001
2024-05-15 06:45:00,764.9433
2024-05-15 07:00:00,546.4325
2024-05-15 07:15:00,455.8325
2024-05-15 07:30:00,505.4325
2024-05-15 07:45:00,491.4325
2024-05-15 08:00:00,512.3105
2024-05-15 08:15:00,588.5105000000001
2024-05-15 08:30:00,595.9105000000001
2024-05-15 08:45:00,741.7104999999999
2024-05-15 09:00:00,506.30269999999996
2024-05-15 09:15:00,575.3027
2024-05-15 09:30:00,816.9027
2024-05-15 09:45:00,976.5027000000001
2024-05-15 10:00:00,862.7924
2024-05-15 10:15:00,825.3924
2024-05-15 10:30:00,772.3924000000002
2024-05-15 10:45:00,778.9924
2024-05-15 11:00:00,827.0707
2024-05-15 11:15:00,833.0707
2024-05-15 11:30:00,895.8706999999999
2024-05-15 11:45:00,837.8706999999999
2024-05-15 12:00:00,837.4815000000001
2024-05-15 12:15:00,797.2815
2024-05-15 12:30:00,811.8815
2024-05-15 12:45:00,789.0815
2024-05-15 13:00:00,713.3148
2024-05-15 13:15:00,656.1148
2024-05-15 13:30:00,695.7148000000001
2024-05-15 13:45:00,772.3148000000001
2024-05-15 14:00:00,936.8760000000001
2024-05-15 14:15:00,1081.8760000000002
2024-05-15 14:30:00,1170.076
2024-05-15 14:45:00,1265.676
2024-05-15 15:00:00,1032.7461999999998
2024-05-15 15:15:00,1064.1462
2024-05-15 15:30:00,1227.9461999999999
2024-05-15 15:45:00,1248.1462
2024-05-15 16:00:00,1641.0433000000003
2024-05-15 16:15:00,1615.4433
2024-05-15 16:30:00,1569.2433
2024-05-15 16:45:00,1768.2433
2024-05-15 17:00:00,1823.2460999999998
2024-05-15 17:15:00,1571.2461
2024-05-15 17:30:00,1417.6461
2024-05-15 17:45:00,1418.6461
2024-05-15 18:00:00,1452.2685999999999
2024-05-15 18:15:00,1385.6686
2024-05-15 18:30:00,1249.0686
2024-05-15 18:45:00,1224.4686000000002
2024-05-15 19:00:00,1314.2
2024-05-15 19:15:00,1332.2
2024-05-15 19:30:00,1296.8
2024-05-15 19:45:00,1251.0
2024-05-15 20:00:00,1151.1999999999998
2024-05-15 20:15:00,1132.6
2024-05-15 20:30:00,1120.0
2024-05-15 20:45:00,1091.0
2024-05-15 21:00:00,1037.8000000000002
2024-05-15 21:15:00,986.4000000000001
2024-05-15 21:30:00,964.4000000000001
2024-05-15 21:45:00,1032.2
2024-05-15 22:00:00,967.4
2024-05-15 22:15:00,898.8
2024-05-15 22:30:00,872.5999999999999
2024-05-15 22:45:00,807.4000000000001
2024-05-15 23:00:00,752.2
2024-05-15 23:15:00,1067.2
2024-05-15 23:30:00,1070.2
2024-05-15 23:45:00,998.5999999999999
2024-05-16 00:00:00,990.5999999999999
2024-05-16 00:15:00,881.4000000000001
2024-05-16 00:30:00,726.6
2024-05-16 00:45:00,734.3999999999999
2024-05-16 01:00:00,706.2
2024-05-16 01:15:00,717.8
2024-05-16 01:30:00,678.2
2024-05-16 01:45:00,651.2
2024-05-16 02:00:00,611.8
2024-05-16 02:15:00,581.4
2024-05-16 02:30:00,611.5999999999999
2024-05-16 02:45:00,612.0
2024-05-16 03:00:00,613.2
2024-05-16 03:15:00,575.2
2024-05-16 03:30:00,627.8
2024-05-16 03:45:00,734.6
2024-05-16 04:00:00,888.4000000000001
2024-05-16 04:15:00,784.6000000000001
2024-05-16 04:30:00,761.5999999999999
2024-05-16 04:45:00,622.8
2024-05-16 05:00:00,594.6
2024-05-16 05:15:00,573.2
2024-05-16 05:30:00,611.2
2024-05-16 05:45:00,709.2
2024-05-16 06:00:00,797.5816000000001
2024-05-16 06:15:00,814.5816
2024-05-16 06:30:00,748.5816
2024-05-16 06:45:00,697.5816
2024-05-16 07:00:00,454.09530000000007
2024-05-16 07:15:00,459.29530000000005
2024-05-16 07:30:00,466.09530000000007
2024-05-16 07:45:00,490.4953
2024-05-16 08:00:00,306.60499999999996
2024-05-16 08:15:00,538.205
2024-05-16 08:30:00,596.605
2024-05-16 08:45:00,808.005
2024-05-16 09:00:00,683.8405
2024-05-16 09:15:00,871.6405
2024-05-16 09:30:00,981.6405
2024-05-16 09:45:00,1014.8405
2024-05-16 10:00:00,952.4777
2024-05-16 10:15:00,1134.6777000000002
2024-05-16 10:30:00,1062.4777
2024-05-16 10:45:00,909.0776999999999
2024-05-16 11:00:00,857.2678000000001
2024-05-16 11:15:00,797.2678000000001
2024-05-16 11:30:00,801.0678
2024-05-16 11:45:00,927.8678000000002
2024-05-16 12:00:00,1044.213
2024-05-16 12:15:00,1024.213
2024-05-16 12:30:00,1040.613
2024-05-16 12:45:00,1110.813
2024-05-16 13:00:00,753.4958
2024-05-16 13:15:00,706.2958000000001
2024-05-16 13:30:00,743.6958
2024-05-16 13:45:00,802.6958
2024-05-16 14:00:00,1060.8515000000002
2024-05-16 14:15:00,1137.0515
2024-05-16 14:30:00,1288.4515000000001
2024-05-16 14:45:00,1296.2515
2024-05-16 15:00:00,1339.4379999999999
2024-05-16 15:15:00,1408.2379999999998
2024-05-16 15:30:00,1612.438
2024-05-16 15:45:00,1696.038
2024-05-16 16:00:00,1943.5655
2024-05-16 16:15:00,2046.1655
2024-05-16 16:30:00,1935.3655
2024-05-16 16:45:00,1951.9654999999998
2024-05-16 17:00:00,1867.0045
2024-05-16 17:15:00,1661.4045
2024-05-16 17:30:00,1643.6045
2024-05-16 17:45:00,1561.8045000000002
2024-05-16 18:00:00,1591.5846999999999
2024-05-16 18:15:00,1532.7847000000002
2024-05-16 18:30:00,1484.3847
2024-05-16 18:45:00,1316.1847
2024-05-16 19:00:00,1302.4
2024-05-16 19:15:00,1277.0
2024-05-16 19:30:00,1164.8
2024-05-16 19:45:00,1178.0
2024-05-16 20:00:00,1088.8
2024-05-16 20:15:00,1076.4
2024-05-16 20:30:00,1108.2
2024-05-16 20:45:00,1126.2
2024-05-16 21:00:00,1128.0
2024-05-16 21:15:00,1095.8
2024-05-16 21:30:00,1051.8
2024-05-16 21:45:00,1007.4000000000001
2024-05-16 22:00:00,1022.4
2024-05-16 22:15:00,954.0
2024-05-16 22:30:00,907.8
2024-05-16 22:45:00,837.8
2024-05-16 23:00:00,827.2
2024-05-16 23:15:00,966.2
2024-05-16 23:30:00,912.2
2024-05-16 23:45:00,881.8000000000001
2024-05-17 00:00:00,777.0
2024-05-17 00:15:00,798.0
2024-05-17 00:30:00,844.2
2024-05-17 00:45:00,873.2
2024-05-17 01:00:00,771.4
2024-05-17 01:15:00,739.4000000000001
2024-05-17 01:30:00,662.0
2024-05-17 01:45:00,772.2
2024-05-17 02:00:00,694.0
2024-05-17 02:15:00,655.6
2024-05-17 02:30:00,801.0
2024-05-17 02:45:00,759.8
2024-05-17 03:00:00,660.0
2024-05-17 03:15:00,670.5999999999999
2024-05-17 03:30:00,669.6
2024-05-17 03:45:00,797.2
2024-05-17 04:00:00,842.4
2024-05-17 04:15:00,846.0
2024-05-17 04:30:00,768.5999999999999
2024-05-17 04:45:00,707.8000000000001
2024-05-17 05:00:00,649.2
2024-05-17 05:15:00,854.6
2024-05-17 05:30:00,850.6
2024-05-17 05:45:00,781.9999999999999
2024-05-17 06:00:00,754.3756
2024-05-17 06:15:00,719.3755999999998
2024-05-17 06:30:00,661.7755999999999
2024-05-17 06:45:00,669.5756
2024-05-17 07:00:00,531.8197
2024-05-17 07:15:00,499.2197
2024-05-17 07:30:00,490.6197
2024-05-17 07:45:00,497.8197
2024-05-17 08:00:00,306.5789
2024-05-17 08:15:00,391.97890000000007
2024-05-17 08:30:00,589.1789
2024-05-17 08:45:00,780.1789000000001
2024-05-17 09:00:00,621.2796
2024-05-17 09:15:00,811.2796
2024-05-17 09:30:00,1017.6796
2024-05-17 09:45:00,1061.2796
2024-05-17 10:00:00,817.8156
2024-05-17 10:15:00,862.0156000000001
2024-05-17 10:30:00,939.6156000000001
2024-05-17 10:45:00,1010.6156000000001
2024-05-17 11:00:00,950.7366999999999
2024-05-17 11:15:00,944.3367
2024-05-17 11:30:00,900.1366999999999
2024-05-17 11:45:00,988.3367
2024-05-17 12:00:00,1062.6897
2024-05-17 12:15:00,1056.6897
2024-05-17 12:30:00,1107.4896999999999
2024-05-17 12:45:00,1102.6897
2024-05-17 13:00:00,1020.5938000000001
2024-05-17 13:15:00,1023.5938
2024-05-17 13:30:00,1052.7938
2024-05-17 13:45:00,1113.1938
2024-05-17 14:00:00,1250.5963000000002
2024-05-17 14:15:00,1335.5963
2024-05-17 14:30:00,1426.3963
2024-05-17 14:45:00,1476.1963
2024-05-17 15:00:00,1728.0253
2024-05-17 15:15:00,1613.0253000000002
2024-05-17 15:30:00,1580.0253000000002
2024-05-17 15:45:00,1670.2253
2024-05-17 16:00:00,2038.5916000000002
2024-05-17 16:15:00,1895.3916000000002
2024-05-17 16:30:00,1978.5916000000002
2024-05-17 16:45:00,1920.3916000000004
2024-05-17 17:00:00,2160.3629
2024-05-17 17:15:00,2115.5629
2024-05-17 17:30:00,1909.3629
2024-05-17 17:45:00,1652.9629
2024-05-17 18:00:00,1659.7945
2024-05-17 18:15:00,1448.9945
2024-05-17 18:30:00,1341.9945
2024-05-17 18:45:00,1302.7945
2024-05-17 19:00:00,1286.0
2024-05-17 19:15:00,1296.0
2024-05-17 19:30:00,1193.4
2024-05-17 19:45:00,1195.4
2024-05-17 20:00:00,1113.6
2024-05-17 20:15:00,1098.4
2024-05-17 20:30:00,1058.6
2024-05-17 20:45:00,1016.8000000000001
2024-05-17 21:00:00,1026.2
2024-05-17 21:15:00,1080.0
2024-05-17 21:30:00,1094.6000000000001
2024-05-17 21:45:00,1019.4000000000001
2024-05-17 22:00:00,924.6
2024-05-17 22:15:00,859.5999999999999
2024-05-17 22:30:00,823.6
2024-05-17 22:45:00,780.0
2024-05-17 23:00:00,752.4000000000001
2024-05-17 23:15:00,855.4
2024-05-17 23:30:00,888.6
2024-05-17 23:45:00,1034.2
2024-05-18 00:00:00,949.2
2024-05-18 00:15:00,821.2
2024-05-18 00:30:00,929.0
2024-05-18 00:45:00,899.8
2024-05-18 01:00:00,887.8
2024-05-18 01:15:00,786.6
2024-05-18 01:30:00,670.6
2024-05-18 01:45:00,791.6
2024-05-18 02:00:00,708.6
2024-05-18 02:15:00,738.8
2024-05-18 02:30:00,691.8
2024-05-18 02:45:00,645.8
2024-05-18 03:00:00,611.6
2024-05-18 03:15:00,666.0
2024-05-18 03:30:00,844.8
2024-05-18 03:45:00,895.0
2024-05-18 04:00:00,820.0
2024-05-18 04:15:00,710.8
2024-05-18 04:30:00,721.4
2024-05-18 04:45:00,691.0
2024-05-18 05:00:00,679.2
2024-05-18 05:15:00,795.4
2024-05-18 05:30:00,850.0
2024-05-18 05:45:00,812.0
2024-05-18 06:00:00,621.7225
2024-05-18 06:15:00,703.1225000000001
2024-05-18 06:30:00,613.7225
2024-05-18 06:45:00,565.5225
2024-05-18 07:00:00,214.09179999999998
2024-05-18 07:15:00,213.89179999999996
2024-05-18 07:30:00,209.29179999999997
2024-05-18 07:45:00,227.49179999999998
2024-05-18 08:00:00,-74.15629999999997
2024-05-18 08:15:00,-18.356300000000005
2024-05-18 08:30:00,97.24370000000006
2024-05-18 08:45:00,164.0437
2024-05-18 09:00:00,-77.1321
2024-05-18 09:15:00,-30.932099999999977
2024-05-18 09:30:00,26.06790000000001
2024-05-18 09:45:00,90.66790000000003
2024-05-18 10:00:00,-19.838199999999944
2024-05-18 10:15:00,58.561800000000005
2024-05-18 10:30:00,171.36180000000004
2024-05-18 10:45:00,191.36180000000002
2024-05-18 11:00:00,-6.29929999999991
2024-05-18 11:15:00,-58.29929999999992
2024-05-18 11:30:00,-120.49929999999995
2024-05-18 11:45:00,-100.69929999999992
2024-05-18 12:00:00,131.26740000000012
2024-05-18 12:15:00,45.26740000000012
2024-05-18 12:30:00,116.86740000000006
2024-05-18 12:45:00,133.6674000000001
2024-05-18 13:00:00,276.60580000000004
2024-05-18 13:15:00,331.60580000000004
2024-05-18 13:30:00,310.4058000000001
2024-05-18 13:45:00,307.0058000000001
2024-05-18 14:00:00,477.37109999999996
2024-05-18 14:15:00,877.7711
2024-05-18 14:30:00,795.1711
2024-05-18 14:45:00,841.9711000000001
2024-05-18 15:00:00,971.2041
2024-05-18 15:15:00,991.0041000000001
2024-05-18 15:30:00,912.8041000000001
2024-05-18 15:45:00,900.6041
2024-05-18 16:00:00,1179.8533
2024-05-18 16:15:00,1120.0533
2024-05-18 16:30:00,1064.4533000000001
2024-05-18 16:45:00,919.4533
2024-05-18 17:00:00,1162.1501
2024-05-18 17:15:00,1131.3500999999999
2024-05-18 17:30:00,938.3501
2024-05-18 17:45:00,934.7501
2024-05-18 18:00:00,1078.7383
2024-05-18 18:15:00,1074.9383
2024-05-18 18:30:00,976.9383
2024-05-18 18:45:00,1066.3383000000001
2024-05-18 19:00:00,1113.2
2024-05-18 19:15:00,1193.6
2024-05-18 19:30:00,1180.6
2024-05-18 19:45:00,1116.8
2024-05-18 20:00:00,1109.8
2024-05-18 20:15:00,984.8000000000001
2024-05-18 20:30:00,1101.8000000000002
2024-05-18 20:45:00,1089.2
2024-05-18 21:00:00,1037.0
2024-05-18 21:15:00,926.0
2024-05-18 21:30:00,933.0
2024-05-18 21:45:00,954.4000000000001
2024-05-18 22:00:00,861.6
2024-05-18 22:15:00,911.8
2024-05-18 22:30:00,829.0000000000001
2024-05-18 22:45:00,787.8000000000001
2024-05-18 23:00:00,805.6
2024-05-18 23:15:00,872.8
2024-05-18 23:30:00,997.8000000000001
2024-05-18 23:45:00,827.0
2024-05-19 00:00:00,687.6
2024-05-19 00:15:00,735.2
2024-05-19 00:30:00,880.0
2024-05-19 00:45:00,802.2
2024-05-19 01:00:00,846.0
2024-05-19 01:15:00,791.0
2024-05-19 01:30:00,862.2
2024-05-19 01:45:00,842.4
2024-05-19 02:00:00,830.6
2024-05-19 02:15:00,743.4000000000001
2024-05-19 02:30:00,804.5999999999999
2024-05-19 02:45:00,760.4000000000001
2024-05-19 03:00:00,899.4
2024-05-19 03:15:00,794.0
2024-05-19 03:30:00,820.8
2024-05-19 03:45:00,767.2
2024-05-19 04:00:00,831.5999999999999
2024-05-19 04:15:00,769.0
2024-05-19 04:30:00,726.6
2024-05-19 04:45:00,786.5999999999999
2024-05-19 05:00:00,725.0
2024-05-19 05:15:00,746.0
2024-05-19 05:30:00,893.0
2024-05-19 05:45:00,959.0
2024-05-19 06:00:00,720.6484
2024-05-19 06:15:00,736.4484000000001
2024-05-19 06:30:00,632.2484
2024-05-19 06:45:00,677.2484
2024-05-19 07:00:00,337.841
2024-05-19 07:15:00,263.641
2024-05-19 07:30:00,343.241
2024-05-19 07:45:00,384.041
2024-05-19 08:00:00,91.87640000000007
2024-05-19 08:15:00,173.47640000000004
2024-05-19 08:30:00,213.87640000000007
2024-05-19 08:45:00,114.07640000000006
2024-05-19 09:00:00,-81.02940000000001
2024-05-19 09:15:00,-57.829399999999964
2024-05-19 09:30:00,-24.22939999999997
2024-05-19 09:45:00,27.570599999999985
2024-05-19 10:00:00,-173.5957
2024-05-19 10:15:00,-179.79570000000004
2024-05-19 10:30:00,-175.7957
2024-05-19 10:45:00,-203.99570000000006
2024-05-19 11:00:00,-247.19480000000004
2024-05-19 11:15:00,-269.99479999999994
2024-05-19 11:30:00,-250.1948
2024-05-19 11:45:00,-246.59479999999996
2024-05-19 12:00:00,-417.2087
2024-05-19 12:15:00,-458.80869999999993
2024-05-19 12:30:00,-440.6087
2024-05-19 12:45:00,-437.0087
2024-05-19 13:00:00,-505.1506000000002
2024-05-19 13:15:00,-482.55060000000014
2024-05-19 13:30:00,-525.5506000000001
2024-05-19 13:45:00,-543.1506000000002
2024-05-19 14:00:00,-522.9928
2024-05-19 14:15:00,-386.7928
2024-05-19 14:30:00,-444.19280000000003
2024-05-19 14:45:00,-452.39279999999997
2024-05-19 15:00:00,212.44490000000005
2024-05-19 15:15:00,212.84490000000005
2024-05-19 15:30:00,154.84489999999994
2024-05-19 15:45:00,83.84490000000002
2024-05-19 16:00:00,422.995
2024-05-19 16:15:00,631.7950000000001
2024-05-19 16:30:00,595.7950000000001
2024-05-19 16:45:00,746.795
2024-05-19 17:00:00,928.0778000000001
2024-05-19 17:15:00,858.8778
2024-05-19 17:30:00,758.2778
2024-05-19 17:45:00,679.0778
2024-05-19 18:00:00,874.0455000000002
2024-05-19 18:15:00,819.4455
2024-05-19 18:30:00,803.0455
2024-05-19 18:45:00,773.0455000000001
2024-05-19 19:00:00,861.5999999999999
2024-05-19 19:15:00,814.2
2024-05-19 19:30:00,823.0
2024-05-19 19:45:00,790.1999999999999
2024-05-19 20:00:00,810.4000000000001
2024-05-19 20:15:00,840.8
2024-05-19 20:30:00,897.1999999999999
2024-05-19 20:45:00,856.0
2024-05-19 21:00:00,804.4
2024-05-19 21:15:00,813.2
2024-05-19 21:30:00,819.0
2024-05-19 21:45:00,822.0
2024-05-19 22:00:00,852.6
2024-05-19 22:15:00,774.8
2024-05-19 22:30:00,707.8
2024-05-19 22:45:00,699.2
2024-05-19 23:00:00,680.0
2024-05-19 23:15:00,1241.2
2024-05-19 23:30:00,1061.2
2024-05-19 23:45:00,1011.6000000000001
2024-05-20 00:00:00,803.9999999999999
2024-05-20 00:15:00,727.1999999999999
2024-05-20 00:30:00,689.2
2024-05-20 00:45:00,743.4000000000001
2024-05-20 01:00:00,702.2
2024-05-20 01:15:00,650.0
2024-05-20 01:30:00,597.4000000000001
2024-05-20 01:45:00,616.0
2024-05-20 02:00:00,636.2
2024-05-20 02:15:00,641.4000000000001
2024-05-20 02:30:00,582.4
2024-05-20 02:45:00,521.6
2024-05-20 03:00:00,521.6
2024-05-20 03:15:00,561.2
2024-05-20 03:30:00,575.4
2024-05-20 03:45:00,548.5999999999999
2024-05-20 04:00:00,536.2
2024-05-20 04:15:00,524.2
2024-05-20 04:30:00,540.8
2024-05-20 04:45:00,552.0
2024-05-20 05:00:00,624.0
2024-05-20 05:15:00,742.0
2024-05-20 05:30:00,758.4000000000001
2024-05-20 05:45:00,703.5999999999999
2024-05-20 06:00:00,744.7086
2024-05-20 06:15:00,684.9086
2024-05-20 06:30:00,652.9086
2024-05-20 06:45:00,585.3086
2024-05-20 07:00:00,522.1038
2024-05-20 07:15:00,516.1038
2024-05-20 07:30:00,525.9038
2024-05-20 07:45:00,585.9038
2024-05-20 08:00:00,275.9024
2024-05-20 08:15:00,387.1024
2024-05-20 08:30:00,505.90240000000006
2024-05-20 08:45:00,623.9024
2024-05-20 09:00:00,531.8649
2024-05-20 09:15:00,592.0649000000001
2024-05-20 09:30:00,668.2649
2024-05-20 09:45:00,596.2649
2024-05-20 10:00:00,781.6134999999999
2024-05-20 10:15:00,934.0134999999999
2024-05-20 10:30:00,893.8135000000001
2024-05-20 10:45:00,833.6134999999999
2024-05-20 11:00:00,673.8646999999999
2024-05-20 11:15:00,750.8647
2024-05-20 11:30:00,783.8647000000001
2024-05-20 11:45:00,872.4647
2024-05-20 12:00:00,873.9125
2024-05-20 12:15:00,889.5125
2024-05-20 12:30:00,856.9124999999999
2024-05-20 12:45:00,810.5125
2024-05-20 13:00:00,744.0687
2024-05-20 13:15:00,731.4687000000001
2024-05-20 13:30:00,749.2687000000001
2024-05-20 13:45:00,837.8687
2024-05-20 14:00:00,1026.835
2024-05-20 14:15:00,1242.435
2024-05-20 14:30:00,1184.235
2024-05-20 14:45:00,1088.035
2024-05-20 15:00:00,1124.415
2024-05-20 15:15:00,1192.415
2024-05-20 15:30:00,1134.815
2024-05-20 15:45:00,1106.615
2024-05-20 16:00:00,1175.5023
2024-05-20 16:15:00,1300.1023
2024-05-20 16:30:00,1256.1023
2024-05-20 16:45:00,1366.3023
2024-05-20 17:00:00,1499.442
2024-05-20 17:15:00,1449.6420000000003
2024-05-20 17:30:00,1422.242
2024-05-20 17:45:00,1421.642
2024-05-20 18:00:00,1390.6898999999999
2024-05-20 18:15:00,1296.0899
2024-05-20 18:30:00,1240.4899
2024-05-20 18:45:00,1199.8899
2024-05-20 19:00:00,1239.0
2024-05-20 19:15:00,1229.0
2024-05-20 19:30:00,1170.0
2024-05-20 19:45:00,1092.0
2024-05-20 20:00:00,1050.8
2024-05-20 20:15:00,1060.1999999999998
2024-05-20 20:30:00,1044.0
2024-05-20 20:45:00,1000.4000000000001
2024-05-20 21:00:00,997.4
2024-05-20 21:15:00,988.4
2024-05-20 21:30:00,967.6
2024-05-20 21:45:00,954.1999999999999
2024-05-20 22:00:00,973.1999999999999
2024-05-20 22:15:00,993.6000000000001
2024-05-20 22:30:00,888.6
2024-05-20 22:45:00,839.4000000000001
2024-05-20 23:00:00,878.5999999999999
2024-05-20 23:15:00,951.0
2024-05-20 23:30:00,900.4
2024-05-20 23:45:00,768.5999999999999
2024-05-21 00:00:00,767.0
2024-05-21 00:15:00,888.8
2024-05-21 00:30:00,790.9999999999999
2024-05-21 00:45:00,783.0
2024-05-21 01:00:00,829.2
2024-05-21 01:15:00,701.8
2024-05-21 01:30:00,645.2
2024-05-21 01:45:00,771.2
2024-05-21 02:00:00,680.6
2024-05-21 02:15:00,682.1999999999999
2024-05-21 02:30:00,575.2
2024-05-21 02:45:00,668.0
2024-05-21 03:00:00,663.8
2024-05-21 03:15:00,611.8000000000001
2024-05-21 03:30:00,571.0
2024-05-21 03:45:00,576.4000000000001
2024-05-21 04:00:00,581.6
2024-05-21 04:15:00,572.2
2024-05-21 04:30:00,576.8
2024-05-21 04:45:00,621.8
2024-05-21 05:00:00,600.6
2024-05-21 05:15:00,667.4000000000001
2024-05-21 05:30:00,818.2
2024-05-21 05:45:00,716.0000000000001
2024-05-21 06:00:00,832.4822999999999
2024-05-21 06:15:00,720.2823
2024-05-21 06:30:00,694.6822999999999
2024-05-21 06:45:00,698.0823
2024-05-21 07:00:00,725.3139999999999
2024-05-21 07:15:00,716.714
2024-05-21 07:30:00,608.314
2024-05-21 07:45:00,651.3140000000001
2024-05-21 08:00:00,492.3934
2024-05-21 08:15:00,639.9934000000001
2024-05-21 08:30:00,758.7934
2024-05-21 08:45:00,875.9934000000001
2024-05-21 09:00:00,823.6731
2024-05-21 09:15:00,786.6730999999999
2024-05-21 09:30:00,852.2731
2024-05-21 09:45:00,1084.6731
2024-05-21 10:00:00,1175.7104
2024-05-21 10:15:00,1305.9104
2024-05-21 10:30:00,1291.1104
2024-05-21 10:45:00,1282.3104
2024-05-21 11:00:00,876.2421999999999
2024-05-21 11:15:00,926.6422
2024-05-21 11:30:00,923.2422
2024-05-21 11:45:00,921.2422
2024-05-21 12:00:00,1116.964
2024-05-21 12:15:00,1079.9640000000002
2024-05-21 12:30:00,971.164
2024-05-21 12:45:00,895.364
2024-05-21 13:00:00,595.2106000000001
2024-05-21 13:15:00,617.8106000000001
2024-05-21 13:30:00,578.6106000000001
2024-05-21 13:45:00,565.4106000000002
2024-05-21 14:00:00,585.9574
2024-05-21 14:15:00,933.1574
2024-05-21 14:30:00,994.7574
2024-05-21 14:45:00,1129.5574000000001
2024-05-21 15:00:00,1212.911
2024-05-21 15:15:00,1185.1109999999999
2024-05-21 15:30:00,1224.5110000000002
2024-05-21 15:45:00,1407.911
2024-05-21 16:00:00,1495.2056
2024-05-21 16:15:00,1341.2056
2024-05-21 16:30:00,1364.6055999999999
2024-05-21 16:45:00,1384.4055999999998
2024-05-21 17:00:00,1706.2851
2024-05-21 17:15:00,1686.6850999999997
2024-05-21 17:30:00,1548.4850999999999
2024-05-21 17:45:00,1447.0850999999998
2024-05-21 18:00:00,1513.6107000000002
2024-05-21 18:15:00,1349.0107
2024-05-21 18:30:00,1361.0107
2024-05-21 18:45:00,1281.8107
2024-05-21 19:00:00,1342.2
2024-05-21 19:15:00,1338.6000000000001
2024-05-21 19:30:00,1313.8000000000002
2024-05-21 19:45:00,1290.2
2024-05-21 20:00:00,1172.0
2024-05-21 20:15:00,1163.0
2024-05-21 20:30:00,1072.2
2024-05-21 20:45:00,1092.2
2024-05-21 21:00:00,1051.6
2024-05-21 21:15:00,1012.2
2024-05-21 21:30:00,993.8
2024-05-21 21:45:00,973.4
2024-05-21 22:00:00,943.0
2024-05-21 22:15:00,878.0
2024-05-21 22:30:00,850.0
2024-05-21 22:45:00,794.5999999999999
2024-05-21 23:00:00,769.0
2024-05-21 23:15:00,924.6
2024-05-21 23:30:00,1008.8
2024-05-21 23:45:00,1035.4
2024-05-22 00:00:00,1050.6
2024-05-22 00:15:00,895.4
2024-05-22 00:30:00,827.2
2024-05-22 00:45:00,824.1999999999999
2024-05-22 01:00:00,905.8
2024-05-22 01:15:00,759.5999999999999
2024-05-22 01:30:00,826.4
2024-05-22 01:45:00,848.4000000000001
2024-05-22 02:00:00,755.8000000000001
2024-05-22 02:15:00,688.0
2024-05-22 02:30:00,745.6
2024-05-22 02:45:00,782.1999999999999
2024-05-22 03:00:00,709.2
2024-05-22 03:15:00,682.8
2024-05-22 03:30:00,715.1999999999999
2024-05-22 03:45:00,676.0
2024-05-22 04:00:00,641.6
2024-05-22 04:15:00,645.4000000000001
2024-05-22 04:30:00,594.4
2024-05-22 04:45:00,709.4000000000001
2024-05-22 05:00:00,680.2
2024-05-22 05:15:00,650.4
2024-05-22 05:30:00,774.8
2024-05-22 05:45:00,676.6
2024-05-22 06:00:00,708.9561
2024-05-22 06:15:00,581.7561
2024-05-22 06:30:00,590.7561000000001
2024-05-22 06:45:00,480.1561
2024-05-22 07:00:00,172.17130000000003
2024-05-22 07:15:00,175.5713
2024-05-22 07:30:00,295.9713
2024-05-22 07:45:00,215.17130000000003
2024-05-22 08:00:00,-73.34149999999997
2024-05-22 08:15:00,7.058500000000038
2024-05-22 08:30:00,129.45850000000002
2024-05-22 08:45:00,335.6585
2024-05-22 09:00:00,231.38330000000005
2024-05-22 09:15:00,191.98330000000007
2024-05-22 09:30:00,351.58330000000007
2024-05-22 09:45:00,474.3833000000001
2024-05-22 10:00:00,238.9930999999999
2024-05-22 10:15:00,223.39309999999983
2024-05-22 10:30:00,337.7930999999999
2024-05-22 10:45:00,304.59309999999994
2024-05-22 11:00:00,32.78720000000014
2024-05-22 11:15:00,11.187200000000047
2024-05-22 11:30:00,21.38719999999998
2024-05-22 11:45:00,-28.612799999999993
2024-05-22 12:00:00,-220.16619999999995
2024-05-22 12:15:00,-201.3661999999999
2024-05-22 12:30:00,-242.56619999999992
2024-05-22 12:45:00,-320.5661999999999
2024-05-22 13:00:00,-313.20980000000003
2024-05-22 13:15:00,-238.40980000000008
2024-05-22 13:30:00,-318.4098000000001
2024-05-22 13:45:00,-133.40980000000013
2024-05-22 14:00:00,150.86810000000006
2024-05-22 14:15:00,266.0681000000001
2024-05-22 14:30:00,217.2681
2024-05-22 14:45:00,245.26810000000006
2024-05-22 15:00:00,678.1360999999999
2024-05-22 15:15:00,787.3360999999999
2024-05-22 15:30:00,826.1360999999999
2024-05-22 15:45:00,693.1360999999999
2024-05-22 16:00:00,1042.0491
2024-05-22 16:15:00,905.6491000000001
2024-05-22 16:30:00,929.4490999999999
2024-05-22 16:45:00,1050.6490999999999
2024-05-22 17:00:00,1402.3072000000002
2024-05-22 17:15:00,1554.3072000000002
2024-05-22 17:30:00,1304.3072
2024-05-22 17:45:00,1189.1072000000001
2024-05-22 18:00:00,1370.4413000000002
2024-05-22 18:15:00,1285.0412999999999
2024-05-22 18:30:00,1282.0412999999999
2024-05-22 18:45:00,1111.6413
2024-05-22 19:00:00,1255.6000000000001
2024-05-22 19:15:00,1197.4
2024-05-22 19:30:00,1255.0
2024-05-22 19:45:00,1141.8
2024-05-22 20:00:00,1162.4
2024-05-22 20:15:00,1125.0
2024-05-22 20:30:00,1139.0
2024-05-22 20:45:00,1057.8
2024-05-22 21:00:00,1068.6
2024-05-22 21:15:00,1008.8000000000001
2024-05-22 21:30:00,958.1999999999999
2024-05-22 21:45:00,968.6
2024-05-22 22:00:00,892.8
2024-05-22 22:15:00,885.6
2024-05-22 22:30:00,857.4000000000001
2024-05-22 22:45:00,764.8000000000001
2024-05-22 23:00:00,805.8
2024-05-22 23:15:00,942.2
2024-05-22 23:30:00,1017.8
2024-05-22 23:45:00,916.0
2024-05-23 00:00:00,1000.0
2024-05-23 00:15:00,951.4
2024-05-23 00:30:00,838.4000000000001
2024-05-23 00:45:00,786.2
2024-05-23 01:00:00,768.5999999999999
2024-05-23 01:15:00,678.0
2024-05-23 01:30:00,670.6
2024-05-23 01:45:00,699.9999999999999
2024-05-23 02:00:00,641.0
2024-05-23 02:15:00,674.2
2024-05-23 02:30:00,653.6
2024-05-23 02:45:00,610.0
2024-05-23 03:00:00,594.0
2024-05-23 03:15:00,593.8
2024-05-23 03:30:00,653.0
2024-05-23 03:45:00,619.0
2024-05-23 04:00:00,601.0
2024-05-23 04:15:00,566.6
2024-05-23 04:30:00,571.8
2024-05-23 04:45:00,575.8
2024-05-23 05:00:00,641.8
2024-05-23 05:15:00,629.0
2024-05-23 05:30:00,814.8
2024-05-23 05:45:00,796.0
2024-05-23 06:00:00,511.35120000000006
2024-05-23 06:15:00,509.55120000000005
2024-05-23 06:30:00,597.5512000000001
2024-05-23 06:45:00,539.9512
2024-05-23 07:00:00,76.37380000000006
2024-05-23 07:15:00,110.37380000000002
2024-05-23 07:30:00,123.57380000000003
2024-05-23 07:45:00,227.3738
2024-05-23 08:00:00,-28.278399999999934
2024-05-23 08:15:00,25.321600000000046
2024-05-23 08:30:00,295.3216
2024-05-23 08:45:00,554.3216
2024-05-23 09:00:00,303.37460000000004
2024-05-23 09:15:00,565.5746
2024-05-23 09:30:00,620.1746
2024-05-23 09:45:00,654.9746000000001
2024-05-23 10:00:00,541.8529
2024-05-23 10:15:00,703.8529000000001
2024-05-23 10:30:00,648.6528999999999
2024-05-23 10:45:00,573.6529
2024-05-23 11:00:00,286.64530000000013
2024-05-23 11:15:00,275.4453000000001
2024-05-23 11:30:00,266.4453000000001
2024-05-23 11:45:00,257.64530000000013
2024-05-23 12:00:00,260.30240000000003
2024-05-23 12:15:00,400.9024
2024-05-23 12:30:00,337.3024
2024-05-23 12:45:00,365.7024
2024-05-23 13:00:00,397.2223
2024-05-23 13:15:00,338.2223
2024-05-23 13:30:00,295.6222999999999
2024-05-23 13:45:00,276.42229999999995
2024-05-23 14:00:00,495.72079999999994
2024-05-23 14:15:00,782.1208
2024-05-23 14:30:00,716.1208
2024-05-23 14:45:00,692.9208
2024-05-23 15:00:00,1106.6881999999996
2024-05-23 15:15:00,1143.4881999999998
2024-05-23 15:30:00,1355.6881999999996
2024-05-23 15:45:00,1116.6881999999998
2024-05-23 16:00:00,1490.9978
2024-05-23 16:15:00,1553.7977999999998
2024-05-23 16:30:00,1381.7978
2024-05-23 16:45:00,1543.3977999999997
2024-05-23 17:00:00,2107.7635
2024-05-23 17:15:00,1950.5635000000002
2024-05-23 17:30:00,1707.7635000000002
2024-05-23 17:45:00,1592.3635
2024-05-23 18:00:00,1725.4989
2024-05-23 18:15:00,1611.8989000000001
2024-05-23 18:30:00,1486.8989
2024-05-23 18:45:00,1465.8989000000001
2024-05-23 19:00:00,1461.8000000000002
2024-05-23 19:15:00,1390.6
2024-05-23 19:30:00,1368.1999999999998
2024-05-23 19:45:00,1351.8
2024-05-23 20:00:00,1249.8
2024-05-23 20:15:00,1213.4
2024-05-23 20:30:00,1208.6000000000001
2024-05-23 20:45:00,1170.2
2024-05-23 21:00:00,1175.1999999999998
2024-05-23 21:15:00,1116.2
2024-05-23 21:30:00,1093.3999999999999
2024-05-23 21:45:00,1060.8
2024-05-23 22:00:00,1071.8000000000002
2024-05-23 22:15:00,1020.2
2024-05-23 22:30:00,945.6
2024-05-23 22:45:00,915.0
2024-05-23 23:00:00,862.2
2024-05-23 23:15:00,868.4000000000001
2024-05-23 23:30:00,921.2
2024-05-23 23:45:00,976.1999999999999
2024-05-24 00:00:00,890.4
2024-05-24 00:15:00,795.8
2024-05-24 00:30:00,904.0
2024-05-24 00:45:00,824.0
2024-05-24 01:00:00,764.4000000000001
2024-05-24 01:15:00,794.0
2024-05-24 01:30:00,742.5999999999999
2024-05-24 01:45:00,750.4
2024-05-24 02:00:00,723.4
2024-05-24 02:15:00,634.4000000000001
2024-05-24 02:30:00,644.0
2024-05-24 02:45:00,704.4000000000001
2024-05-24 03:00:00,751.4000000000001
2024-05-24 03:15:00,873.6
2024-05-24 03:30:00,897.4000000000001
2024-05-24 03:45:00,802.8
2024-05-24 04:00:00,701.8000000000001
2024-05-24 04:15:00,695.8
2024-05-24 04:30:00,719.4000000000001
2024-05-24 04:45:00,727.4
2024-05-24 05:00:00,702.2
2024-05-24 05:15:00,731.8000000000001
2024-05-24 05:30:00,795.0000000000001
2024-05-24 05:45:00,718.8
2024-05-24 06:00:00,668.4207000000001
2024-05-24 06:15:00,758.0207
2024-05-24 06:30:00,792.0207
2024-05-24 06:45:00,656.0207
2024-05-24 07:00:00,409.4054
2024-05-24 07:15:00,405.2054
2024-05-24 07:30:00,432.20539999999994
2024-05-24 07:45:00,454.8054
2024-05-24 08:00:00,202.0924
2024-05-24 08:15:00,652.2924
2024-05-24 08:30:00,895.0924
2024-05-24 08:45:00,1023.4924000000001
2024-05-24 09:00:00,911.3009
2024-05-24 09:15:00,1090.9009
2024-05-24 09:30:00,1338.1009000000001
2024-05-24 09:45:00,1441.5009
2024-05-24 10:00:00,1413.6432999999997
2024-05-24 10:15:00,1434.0432999999998
2024-05-24 10:30:00,1508.6432999999997
2024-05-24 10:45:00,1426.6432999999997
2024-05-24 11:00:00,1350.2562
2024-05-24 11:15:00,1335.6562
2024-05-24 11:30:00,1305.4562
2024-05-24 11:45:00,1288.6562
2024-05-24 12:00:00,1235.5506
2024-05-24 12:15:00,1145.7506
2024-05-24 12:30:00,1049.7506
2024-05-24 12:45:00,1069.5506
2024-05-24 13:00:00,1022.6728
2024-05-24 13:15:00,1061.6728000000003
2024-05-24 13:30:00,1056.0728000000001
2024-05-24 13:45:00,1081.8728
2024-05-24 14:00:00,1193.6105
2024-05-24 14:15:00,1525.6104999999998
2024-05-24 14:30:00,1495.2105
2024-05-24 14:45:00,1497.0105
2024-05-24 15:00:00,1748.2187000000001
2024-05-24 15:15:00,2112.2187
2024-05-24 15:30:00,1948.8187
2024-05-24 15:45:00,1890.0187
2024-05-24 16:00:00,2290.7654
2024-05-24 16:15:00,2315.5653999999995
2024-05-24 16:30:00,2267.3653999999997
2024-05-24 16:45:00,2267.7654
2024-05-24 17:00:00,2739.0071
2024-05-24 17:15:00,2403.2071
2024-05-24 17:30:00,2340.6071
2024-05-24 17:45:00,2104.2071
2024-05-24 18:00:00,2100.7959
2024-05-24 18:15:00,1900.3959
2024-05-24 18:30:00,1743.5959
2024-05-24 18:45:00,1623.7959
2024-05-24 19:00:00,1646.0
2024-05-24 19:15:00,1554.8
2024-05-24 19:30:00,1376.4
2024-05-24 19:45:00,1355.6000000000001
2024-05-24 20:00:00,1334.8000000000002
2024-05-24 20:15:00,1311.8
2024-05-24 20:30:00,1300.6000000000001
2024-05-24 20:45:00,1302.8000000000002
2024-05-24 21:00:00,1227.4
2024-05-24 21:15:00,1237.4
2024-05-24 21:30:00,1165.8
2024-05-24 21:45:00,1211.8
2024-05-24 22:00:00,1056.2
2024-05-24 22:15:00,1020.8
2024-05-24 22:30:00,991.5999999999999
2024-05-24 22:45:00,1026.0
2024-05-24 23:00:00,1032.6
2024-05-24 23:15:00,1043.4
2024-05-24 23:30:00,1038.6
2024-05-24 23:45:00,1062.8
2024-05-25 00:00:00,1024.8
2024-05-25 00:15:00,941.8
2024-05-25 00:30:00,890.2
2024-05-25 00:45:00,852.0
2024-05-25 01:00:00,911.9999999999999
2024-05-25 01:15:00,807.6
2024-05-25 01:30:00,982.0
2024-05-25 01:45:00,901.8
2024-05-25 02:00:00,892.8000000000001
2024-05-25 02:15:00,846.1999999999999
2024-05-25 02:30:00,814.8
2024-05-25 02:45:00,796.1999999999999
2024-05-25 03:00:00,796.0
2024-05-25 03:15:00,847.2
2024-05-25 03:30:00,912.0
2024-05-25 03:45:00,835.2
2024-05-25 04:00:00,790.1999999999999
2024-05-25 04:15:00,868.6
2024-05-25 04:30:00,817.6
2024-05-25 04:45:00,918.5999999999999
2024-05-25 05:00:00,856.8
2024-05-25 05:15:00,704.6
2024-05-25 05:30:00,813.4
2024-05-25 05:45:00,1014.2
2024-05-25 06:00:00,842.5604999999999
2024-05-25 06:15:00,925.5605
2024-05-25 06:30:00,855.5604999999999
2024-05-25 06:45:00,732.9605000000001
2024-05-25 07:00:00,400.83629999999994
2024-05-25 07:15:00,425.43629999999996
2024-05-25 07:30:00,429.83630000000005
2024-05-25 07:45:00,512.0363000000001
2024-05-25 08:00:00,309.26160000000004
2024-05-25 08:15:00,373.4616
2024-05-25 08:30:00,672.6615999999999
2024-05-25 08:45:00,829.6615999999999
2024-05-25 09:00:00,786.9022
2024-05-25 09:15:00,985.5022
2024-05-25 09:30:00,989.1021999999999
2024-05-25 09:45:00,1179.9022
2024-05-25 10:00:00,936.5321000000001
2024-05-25 10:15:00,955.1321
2024-05-25 10:30:00,917.9321
2024-05-25 10:45:00,854.3321
2024-05-25 11:00:00,645.3105
2024-05-25 11:15:00,615.1104999999999
2024-05-25 11:30:00,614.1105
2024-05-25 11:45:00,634.5104999999999
2024-05-25 12:00:00,711.9265
2024-05-25 12:15:00,749.3265000000001
2024-05-25 12:30:00,762.3265000000001
2024-05-25 12:45:00,653.1265000000001
2024-05-25 13:00:00,824.7735
2024-05-25 13:15:00,816.7734999999998
2024-05-25 13:30:00,989.1734999999999
2024-05-25 13:45:00,1000.7734999999998
2024-05-25 14:00:00,1277.4595
2024-05-25 14:15:00,1520.0595
2024-05-25 14:30:00,1596.6595000000002
2024-05-25 14:45:00,1661.4594999999997
2024-05-25 15:00:00,1931.5326
2024-05-25 15:15:00,1898.1326
2024-05-25 15:30:00,1870.1326
2024-05-25 15:45:00,1650.7326
2024-05-25 16:00:00,1886.1357
2024-05-25 16:15:00,2064.9357
2024-05-25 16:30:00,1912.1357000000003
2024-05-25 16:45:00,2006.5357
2024-05-25 17:00:00,2129.477
2024-05-25 17:15:00,2135.277
2024-05-25 17:30:00,1845.0769999999998
2024-05-25 17:45:00,1764.877
2024-05-25 18:00:00,1771.8031
2024-05-25 18:15:00,1645.4031
2024-05-25 18:30:00,1586.0031
2024-05-25 18:45:00,1516.8030999999999
2024-05-25 19:00:00,1513.6000000000001
2024-05-25 19:15:00,1543.6000000000001
2024-05-25 19:30:00,1481.8
2024-05-25 19:45:00,1388.1999999999998
2024-05-25 20:00:00,1410.8
2024-05-25 20:15:00,1367.4
2024-05-25 20:30:00,1262.2
2024-05-25 20:45:00,1272.0
2024-05-25 21:00:00,1196.1999999999998
2024-05-25 21:15:00,1151.2
2024-05-25 21:30:00,1112.8000000000002
2024-05-25 21:45:00,1116.8
2024-05-25 22:00:00,1060.6
2024-05-25 22:15:00,1137.6
2024-05-25 22:30:00,1033.4
2024-05-25 22:45:00,1000.4
2024-05-25 23:00:00,1033.6
2024-05-25 23:15:00,1206.4
2024-05-25 23:30:00,1139.2
2024-05-25 23:45:00,1194.4
2024-05-26 00:00:00,1106.1999999999998
2024-05-26 00:15:00,1003.0000000000001
2024-05-26 00:30:00,913.4
2024-05-26 00:45:00,876.6
2024-05-26 01:00:00,904.0000000000001
2024-05-26 01:15:00,965.4
2024-05-26 01:30:00,1036.3999999999999
2024-05-26 01:45:00,1038.0
2024-05-26 02:00:00,981.4
2024-05-26 02:15:00,864.2
2024-05-26 02:30:00,861.4
2024-05-26 02:45:00,845.6
2024-05-26 03:00:00,959.8
2024-05-26 03:15:00,1003.0
2024-05-26 03:30:00,917.6
2024-05-26 03:45:00,870.6
2024-05-26 04:00:00,891.5999999999999
2024-05-26 04:15:00,813.2
2024-05-26 04:30:00,845.4000000000001
2024-05-26 04:45:00,921.5999999999999
2024-05-26 05:00:00,872.4
2024-05-26 05:15:00,880.0
2024-05-26 05:30:00,897.1999999999999
2024-05-26 05:45:00,946.4
2024-05-26 06:00:00,781.0549
2024-05-26 06:15:00,827.4549000000001
2024-05-26 06:30:00,746.0549
2024-05-26 06:45:00,743.8548999999999
2024-05-26 07:00:00,424.4843000000001
2024-05-26 07:15:00,446.6843
2024-05-26 07:30:00,446.88430000000005
2024-05-26 07:45:00,454.6843
2024-05-26 08:00:00,282.50350000000003
2024-05-26 08:15:00,388.50350000000003
2024-05-26 08:30:00,380.5035
2024-05-26 08:45:00,523.1034999999999
2024-05-26 09:00:00,378.4069
2024-05-26 09:15:00,488.80690000000004
2024-05-26 09:30:00,474.00690000000003
2024-05-26 09:45:00,415.4069
2024-05-26 10:00:00,206.71589999999998
2024-05-26 10:15:00,278.1159
2024-05-26 10:30:00,306.31589999999994
2024-05-26 10:45:00,339.7159
2024-05-26 11:00:00,375.6347
2024-05-26 11:15:00,334.83470000000005
2024-05-26 11:30:00,264.0347
2024-05-26 11:45:00,281.6347
2024-05-26 12:00:00,300.85330000000005
2024-05-26 12:15:00,255.4533
2024-05-26 12:30:00,277.65330000000006
2024-05-26 12:45:00,398.85330000000005
2024-05-26 13:00:00,390.31300000000005
2024-05-26 13:15:00,433.913
2024-05-26 13:30:00,530.713
2024-05-26 13:45:00,445.31300000000005
2024-05-26 14:00:00,550.0251000000001
2024-05-26 14:15:00,825.4250999999999
2024-05-26 14:30:00,928.0251000000001
2024-05-26 14:45:00,1050.6250999999997
2024-05-26 15:00:00,1091.4642999999999
2024-05-26 15:15:00,968.2643
2024-05-26 15:30:00,884.8643
2024-05-26 15:45:00,861.4643
2024-05-26 16:00:00,942.2319
2024-05-26 16:15:00,925.8318999999999
2024-05-26 16:30:00,986.0319
2024-05-26 16:45:00,1175.4319
2024-05-26 17:00:00,1460.4876
2024-05-26 17:15:00,1379.2876
2024-05-26 17:30:00,1179.8876
2024-05-26 17:45:00,1252.6876
2024-05-26 18:00:00,1459.6589
2024-05-26 18:15:00,1232.2589
2024-05-26 18:30:00,1299.6589
2024-05-26 18:45:00,1242.4589
2024-05-26 19:00:00,1260.2
2024-05-26 19:15:00,1266.3999999999999
2024-05-26 19:30:00,1260.1999999999998
2024-05-26 19:45:00,1182.0
2024-05-26 20:00:00,1174.2
2024-05-26 20:15:00,1128.8
2024-05-26 20:30:00,1131.6
2024-05-26 20:45:00,1067.6
2024-05-26 21:00:00,1048.8000000000002
2024-05-26 21:15:00,1065.4
2024-05-26 21:30:00,1003.6000000000001
2024-05-26 21:45:00,1026.0
2024-05-26 22:00:00,1005.5999999999999
2024-05-26 22:15:00,977.1999999999999
2024-05-26 22:30:00,927.6000000000001
2024-05-26 22:45:00,918.2
2024-05-26 23:00:00,992.5999999999999
2024-05-26 23:15:00,1072.4
2024-05-26 23:30:00,1040.0
2024-05-26 23:45:00,990.6
2024-05-27 00:00:00,942.0
2024-05-27 00:15:00,933.5999999999999
2024-05-27 00:30:00,870.0
2024-05-27 00:45:00,888.0
2024-05-27 01:00:00,1062.6000000000001
2024-05-27 01:15:00,1053.2
2024-05-27 01:30:00,1039.2
2024-05-27 01:45:00,945.6
2024-05-27 02:00:00,900.6
2024-05-27 02:15:00,881.4
2024-05-27 02:30:00,889.4000000000001
2024-05-27 02:45:00,815.4000000000001
2024-05-27 03:00:00,831.4
2024-05-27 03:15:00,905.6
2024-05-27 03:30:00,879.4
2024-05-27 03:45:00,1063.4
2024-05-27 04:00:00,974.0
2024-05-27 04:15:00,868.4
2024-05-27 04:30:00,816.0000000000001
2024-05-27 04:45:00,738.6
2024-05-27 05:00:00,794.5999999999999
2024-05-27 05:15:00,837.6
2024-05-27 05:30:00,867.1999999999999
2024-05-27 05:45:00,1024.8
2024-05-27 06:00:00,932.2840999999999
2024-05-27 06:15:00,962.4840999999999
2024-05-27 06:30:00,848.0841
2024-05-27 06:45:00,729.4841
2024-05-27 07:00:00,551.163
2024-05-27 07:15:00,577.363
2024-05-27 07:30:00,578.163
2024-05-27 07:45:00,649.163
2024-05-27 08:00:00,593.874
2024-05-27 08:15:00,826.474
2024-05-27 08:30:00,1219.674
2024-05-27 08:45:00,1551.274
2024-05-27 09:00:00,1799.3954
2024-05-27 09:15:00,1963.9954
2024-05-27 09:30:00,2077.3954000000003
2024-05-27 09:45:00,2175.9954
2024-05-27 10:00:00,2144.0407999999998
2024-05-27 10:15:00,2026.0408
2024-05-27 10:30:00,2144.4408000000003
2024-05-27 10:45:00,2184.6408
2024-05-27 11:00:00,1808.8837
2024-05-27 11:15:00,1797.4837
2024-05-27 11:30:00,1657.8836999999999
2024-05-27 11:45:00,1643.8837
2024-05-27 12:00:00,1194.048
2024-05-27 12:15:00,1154.448
2024-05-27 12:30:00,1090.8480000000002
2024-05-27 12:45:00,977.248
2024-05-27 13:00:00,998.5758000000003
2024-05-27 13:15:00,848.5758000000001
2024-05-27 13:30:00,886.1758000000002
2024-05-27 13:45:00,940.3758
2024-05-27 14:00:00,941.9665
2024-05-27 14:15:00,1038.9665
2024-05-27 14:30:00,1146.5665000000001
2024-05-27 14:45:00,1159.3664999999999
2024-05-27 15:00:00,1364.2753000000002
2024-05-27 15:15:00,1498.2753
2024-05-27 15:30:00,1434.4753
2024-05-27 15:45:00,1395.8753
2024-05-27 16:00:00,1775.9131
2024-05-27 16:15:00,1847.9131
2024-05-27 16:30:00,1802.7131
2024-05-27 16:45:00,1873.5131
2024-05-27 17:00:00,2241.6634999999997
2024-05-27 17:15:00,2025.0635000000002
2024-05-27 17:30:00,2037.6634999999999
2024-05-27 17:45:00,1749.6634999999999
2024-05-27 18:00:00,1906.2026
2024-05-27 18:15:00,1612.0026
2024-05-27 18:30:00,1569.6025999999997
2024-05-27 18:45:00,1469.4026
2024-05-27 19:00:00,1554.6000000000001
2024-05-27 19:15:00,1476.2
2024-05-27 19:30:00,1407.2
2024-05-27 19:45:00,1448.7999999999997
2024-05-27 20:00:00,1390.6
2024-05-27 20:15:00,1333.1999999999998
2024-05-27 20:30:00,1298.3999999999999
2024-05-27 20:45:00,1255.8
2024-05-27 21:00:00,1312.2
2024-05-27 21:15:00,1234.8
2024-05-27 21:30:00,1197.6
2024-05-27 21:45:00,1142.6000000000001
2024-05-27 22:00:00,1040.0
2024-05-27 22:15:00,1021.8
2024-05-27 22:30:00,940.0000000000001
2024-05-27 22:45:00,928.1999999999999
2024-05-27 23:00:00,878.6
2024-05-27 23:15:00,1018.6000000000001
2024-05-27 23:30:00,1078.8000000000002
2024-05-27 23:45:00,1053.6
2024-05-28 00:00:00,960.8
2024-05-28 00:15:00,871.1999999999999
2024-05-28 00:30:00,918.5999999999999
2024-05-28 00:45:00,826.0000000000001
2024-05-28 01:00:00,785.0
2024-05-28 01:15:00,719.0
2024-05-28 01:30:00,691.0
2024-05-28 01:45:00,698.2
2024-05-28 02:00:00,742.5999999999999
2024-05-28 02:15:00,698.8
2024-05-28 02:30:00,649.2
2024-05-28 02:45:00,645.8
2024-05-28 03:00:00,637.8
2024-05-28 03:15:00,728.0
2024-05-28 03:30:00,710.0
2024-05-28 03:45:00,681.8000000000001
2024-05-28 04:00:00,629.8
2024-05-28 04:15:00,605.4
2024-05-28 04:30:00,783.2
2024-05-28 04:45:00,841.0
2024-05-28 05:00:00,691.4000000000001
2024-05-28 05:15:00,595.5999999999999
2024-05-28 05:30:00,736.8
2024-05-28 05:45:00,881.4000000000001
2024-05-28 06:00:00,856.7956
2024-05-28 06:15:00,874.1956
2024-05-28 06:30:00,793.5956
2024-05-28 06:45:00,744.3956000000001
2024-05-28 07:00:00,613.824
2024-05-28 07:15:00,681.624
2024-05-28 07:30:00,622.424
2024-05-28 07:45:00,684.424
2024-05-28 08:00:00,680.3525
2024-05-28 08:15:00,858.7525
2024-05-28 08:30:00,1254.5525
2024-05-28 08:45:00,1487.5524999999998
2024-05-28 09:00:00,1776.2143999999998
2024-05-28 09:15:00,1961.2144
2024-05-28 09:30:00,1881.4144000000001
2024-05-28 09:45:00,1970.0144
2024-05-28 10:00:00,2016.1671999999999
2024-05-28 10:15:00,2135.7672
2024-05-28 10:30:00,2044.7672000000002
2024-05-28 10:45:00,2022.9672
2024-05-28 11:00:00,2025.5771
2024-05-28 11:15:00,1955.1771000000003
2024-05-28 11:30:00,1913.5771
2024-05-28 11:45:00,1840.9771
2024-05-28 12:00:00,1698.938
2024-05-28 12:15:00,1627.538
2024-05-28 12:30:00,1613.138
2024-05-28 12:45:00,1682.538
2024-05-28 13:00:00,1587.19
2024-05-28 13:15:00,1526.5900000000001
2024-05-28 13:30:00,1604.39
2024-05-28 13:45:00,1629.9900000000002
2024-05-28 14:00:00,1683.8443
2024-05-28 14:15:00,1766.8443
2024-05-28 14:30:00,1906.2443000000003
2024-05-28 14:45:00,1999.4443
2024-05-28 15:00:00,2066.5301
2024-05-28 15:15:00,1934.7301
2024-05-28 15:30:00,2020.7301
2024-05-28 15:45:00,2006.9301
2024-05-28 16:00:00,2141.8029
2024-05-28 16:15:00,2185.4029
2024-05-28 16:30:00,2045.4029
2024-05-28 16:45:00,2051.8029
2024-05-28 17:00:00,1977.8401999999999
2024-05-28 17:15:00,1857.0402000000001
2024-05-28 17:30:00,1739.4402
2024-05-28 17:45:00,1862.0402
2024-05-28 18:00:00,1748.9904000000001
2024-05-28 18:15:00,1593.9904000000001
2024-05-28 18:30:00,1486.9904000000001
2024-05-28 18:45:00,1408.1904
2024-05-28 19:00:00,1403.0
2024-05-28 19:15:00,1345.0
2024-05-28 19:30:00,1310.0
2024-05-28 19:45:00,1282.8
2024-05-28 20:00:00,1252.0
2024-05-28 20:15:00,1224.6
2024-05-28 20:30:00,1163.0
2024-05-28 20:45:00,1138.0
2024-05-28 21:00:00,1071.4
2024-05-28 21:15:00,1065.4
2024-05-28 21:30:00,1050.8
2024-05-28 21:45:00,990.4000000000001
2024-05-28 22:00:00,928.4
2024-05-28 22:15:00,916.4
2024-05-28 22:30:00,878.2
2024-05-28 22:45:00,829.8
2024-05-28 23:00:00,904.2
2024-05-28 23:15:00,1050.6
2024-05-28 23:30:00,1103.3999999999999
2024-05-28 23:45:00,1001.8
2024-05-29 00:00:00,1061.0
2024-05-29 00:15:00,967.1999999999999
2024-05-29 00:30:00,912.0
2024-05-29 00:45:00,828.0
2024-05-29 01:00:00,736.8
2024-05-29 01:15:00,699.0
2024-05-29 01:30:00,817.8
2024-05-29 01:45:00,838.4
2024-05-29 02:00:00,786.6
2024-05-29 02:15:00,780.0
2024-05-29 02:30:00,729.8
2024-05-29 02:45:00,677.4
2024-05-29 03:00:00,644.0
2024-05-29 03:15:00,675.2
2024-05-29 03:30:00,667.2
2024-05-29 03:45:00,637.2
2024-05-29 04:00:00,633.5999999999999
2024-05-29 04:15:00,640.4
2024-05-29 04:30:00,673.0
2024-05-29 04:45:00,681.0000000000001
2024-05-29 05:00:00,706.0
2024-05-29 05:15:00,612.0
2024-05-29 05:30:00,762.2
2024-05-29 05:45:00,741.6
2024-05-29 06:00:00,835.0092999999999
2024-05-29 06:15:00,759.4092999999999
2024-05-29 06:30:00,698.8092999999999
2024-05-29 06:45:00,656.2093
2024-05-29 07:00:00,579.2764
2024-05-29 07:15:00,654.4764
2024-05-29 07:30:00,641.6764000000001
2024-05-29 07:45:00,661.0764
2024-05-29 08:00:00,701.0535
2024-05-29 08:15:00,886.2535
2024-05-29 08:30:00,977.8535
2024-05-29 08:45:00,1179.4535
2024-05-29 09:00:00,1286.5905
2024-05-29 09:15:00,1503.9905
2024-05-29 09:30:00,1640.7905
2024-05-29 09:45:00,1403.5905000000002
2024-05-29 10:00:00,1355.816
2024-05-29 10:15:00,1438.216
2024-05-29 10:30:00,1551.4160000000002
2024-05-29 10:45:00,1532.4160000000002
2024-05-29 11:00:00,1392.3128
2024-05-29 11:15:00,1363.5128
2024-05-29 11:30:00,1368.7128000000002
2024-05-29 11:45:00,1379.7128
2024-05-29 12:00:00,1388.2516
2024-05-29 12:15:00,1278.2516
2024-05-29 12:30:00,1402.6516000000001
2024-05-29 12:45:00,1267.6516000000001
2024-05-29 13:00:00,1295.5011
2024-05-29 13:15:00,1238.9011
2024-05-29 13:30:00,1274.3011000000001
2024-05-29 13:45:00,1305.7011000000002
2024-05-29 14:00:00,1469.7458000000001
2024-05-29 14:15:00,1602.5457999999999
2024-05-29 14:30:00,1721.5457999999999
2024-05-29 14:45:00,1660.3458
2024-05-29 15:00:00,1760.0475000000001
2024-05-29 15:15:00,1679.2475
2024-05-29 15:30:00,1699.4475
2024-05-29 15:45:00,1739.4474999999998
2024-05-29 16:00:00,1920.1257999999998
2024-05-29 16:15:00,1843.9258
2024-05-29 16:30:00,1902.1257999999998
2024-05-29 16:45:00,1782.5258
2024-05-29 17:00:00,1828.7208999999998
2024-05-29 17:15:00,1783.7209000000003
2024-05-29 17:30:00,1618.5209
2024-05-29 17:45:00,1599.1209
2024-05-29 18:00:00,1523.3956000000003
2024-05-29 18:15:00,1418.5956
2024-05-29 18:30:00,1385.1956
2024-05-29 18:45:00,1318.7956000000001
2024-05-29 19:00:00,1290.0
2024-05-29 19:15:00,1291.0
2024-05-29 19:30:00,1275.4
2024-05-29 19:45:00,1223.0
2024-05-29 20:00:00,1231.4
2024-05-29 20:15:00,1218.8000000000002
2024-05-29 20:30:00,1174.8
2024-05-29 20:45:00,1116.4
2024-05-29 21:00:00,1026.2
2024-05-29 21:15:00,1026.3999999999999
2024-05-29 21:30:00,1066.0
2024-05-29 21:45:00,974.0000000000001
2024-05-29 22:00:00,1007.1999999999999
2024-05-29 22:15:00,944.4
2024-05-29 22:30:00,877.8000000000001
2024-05-29 22:45:00,793.2
2024-05-29 23:00:00,835.8
2024-05-29 23:15:00,914.4
2024-05-29 23:30:00,1159.8000000000002
2024-05-29 23:45:00,1195.0
2024-05-30 00:00:00,979.2
2024-05-30 00:15:00,919.0
2024-05-30 00:30:00,761.2
2024-05-30 00:45:00,684.0
2024-05-30 01:00:00,658.9999999999999
2024-05-30 01:15:00,795.6000000000001
2024-05-30 01:30:00,676.2
2024-05-30 01:45:00,703.8
2024-05-30 02:00:00,666.4
2024-05-30 02:15:00,621.0
2024-05-30 02:30:00,629.4
2024-05-30 02:45:00,667.8000000000001
2024-05-30 03:00:00,672.8
2024-05-30 03:15:00,763.8
2024-05-30 03:30:00,718.4000000000001
2024-05-30 03:45:00,700.0000000000001
2024-05-30 04:00:00,739.9999999999999
2024-05-30 04:15:00,626.6
2024-05-30 04:30:00,669.2
2024-05-30 04:45:00,623.8
2024-05-30 05:00:00,668.4
2024-05-30 05:15:00,626.0
2024-05-30 05:30:00,666.1999999999999
2024-05-30 05:45:00,656.8
2024-05-30 06:00:00,790.0899999999999
2024-05-30 06:15:00,827.29
2024-05-30 06:30:00,800.6899999999999
2024-05-30 06:45:00,631.8899999999999
2024-05-30 07:00:00,510.45169999999996
2024-05-30 07:15:00,558.4517000000001
2024-05-30 07:30:00,541.4517
2024-05-30 07:45:00,537.6517
2024-05-30 08:00:00,582.2454
2024-05-30 08:15:00,596.8454
2024-05-30 08:30:00,787.6454000000001
2024-05-30 08:45:00,890.8453999999999
2024-05-30 09:00:00,836.1818999999999
2024-05-30 09:15:00,965.9819000000001
2024-05-30 09:30:00,1096.3819
2024-05-30 09:45:00,1044.7819
2024-05-30 10:00:00,963.9618
2024-05-30 10:15:00,1011.3618
2024-05-30 10:30:00,1126.1617999999999
2024-05-30 10:45:00,1107.1618000000003
2024-05-30 11:00:00,983.8945000000001
2024-05-30 11:15:00,980.6945000000001
2024-05-30 11:30:00,999.8944999999999
2024-05-30 11:45:00,998.0945
2024-05-30 12:00:00,983.922
2024-05-30 12:15:00,849.3219999999999
2024-05-30 12:30:00,780.122
2024-05-30 12:45:00,764.322
2024-05-30 13:00:00,691.2017000000001
2024-05-30 13:15:00,655.8017
2024-05-30 13:30:00,684.6016999999999
2024-05-30 13:45:00,720.4017
2024-05-30 14:00:00,725.5848
2024-05-30 14:15:00,859.1848
2024-05-30 14:30:00,914.1848000000001
2024-05-30 14:45:00,876.7848
2024-05-30 15:00:00,1047.8262
2024-05-30 15:15:00,1033.4261999999999
2024-05-30 15:30:00,1002.2262000000001
2024-05-30 15:45:00,1024.6262000000002
2024-05-30 16:00:00,1139.9237
2024-05-30 16:15:00,1280.1237
2024-05-30 16:30:00,1224.1236999999999
2024-05-30 16:45:00,1169.3237
2024-05-30 17:00:00,1286.9436
2024-05-30 17:15:00,1299.5436
2024-05-30 17:30:00,1305.7436
2024-05-30 17:45:00,1150.1436
2024-05-30 18:00:00,1184.1377
2024-05-30 18:15:00,1126.5376999999999
2024-05-30 18:30:00,1110.1377
2024-05-30 18:45:00,1017.9377000000001
2024-05-30 19:00:00,1154.0
2024-05-30 19:15:00,1153.8
2024-05-30 19:30:00,1097.4
2024-05-30 19:45:00,1080.6
2024-05-30 20:00:00,956.8
2024-05-30 20:15:00,962.5999999999999
2024-05-30 20:30:00,914.8000000000001
2024-05-30 20:45:00,842.6000000000001
2024-05-30 21:00:00,858.5999999999999
2024-05-30 21:15:00,782.6
2024-05-30 21:30:00,782.2
2024-05-30 21:45:00,767.0
2024-05-30 22:00:00,739.1999999999999
2024-05-30 22:15:00,747.2
2024-05-30 22:30:00,772.1999999999999
2024-05-30 22:45:00,712.4
2024-05-30 23:00:00,693.5999999999999
2024-05-30 23:15:00,957.0
2024-05-30 23:30:00,1027.0
2024-05-30 23:45:00,982.4000000000001
2024-05-31 00:00:00,678.0
2024-05-31 00:15:00,640.4
2024-05-31 00:30:00,785.0
2024-05-31 00:45:00,822.6000000000001
2024-05-31 01:00:00,783.4
2024-05-31 01:15:00,740.2
2024-05-31 01:30:00,629.6
2024-05-31 01:45:00,576.4
2024-05-31 02:00:00,589.8
2024-05-31 02:15:00,583.4
2024-05-31 02:30:00,556.4
2024-05-31 02:45:00,557.6
2024-05-31 03:00:00,535.4
2024-05-31 03:15:00,517.6
2024-05-31 03:30:00,508.0
2024-05-31 03:45:00,516.4
2024-05-31 04:00:00,535.8
2024-05-31 04:15:00,525.8
2024-05-31 04:30:00,521.0
2024-05-31 04:45:00,511.8
2024-05-31 05:00:00,633.0
2024-05-31 05:15:00,665.6
2024-05-31 05:30:00,869.0
2024-05-31 05:45:00,781.8
2024-05-31 06:00:00,627.7511
2024-05-31 06:15:00,518.9511
2024-05-31 06:30:00,491.9511
2024-05-31 06:45:00,418.9511
2024-05-31 07:00:00,140.1895
2024-05-31 07:15:00,153.98950000000002
2024-05-31 07:30:00,153.5895
2024-05-31 07:45:00,180.38949999999997
2024-05-31 08:00:00,-116.04510000000002
2024-05-31 08:15:00,-40.6451
2024-05-31 08:30:00,141.15489999999994
2024-05-31 08:45:00,304.1549
2024-05-31 09:00:00,82.87330000000003
2024-05-31 09:15:00,-20.326699999999988
2024-05-31 09:30:00,115.27329999999998
2024-05-31 09:45:00,308.4733
2024-05-31 10:00:00,310.67800000000005
2024-05-31 10:15:00,247.0780000000001
2024-05-31 10:30:00,202.07800000000012
2024-05-31 10:45:00,143.0780000000001
2024-05-31 11:00:00,-86.23329999999999
2024-05-31 11:15:00,-98.63329999999998
2024-05-31 11:30:00,-122.83330000000001
2024-05-31 11:45:00,-173.83329999999995
2024-05-31 12:00:00,-176.96920000000028
2024-05-31 12:15:00,-225.36920000000018
2024-05-31 12:30:00,-278.9692000000002
2024-05-31 12:45:00,-350.3692000000002
2024-05-31 13:00:00,-238.01229999999995
2024-05-31 13:15:00,-212.41230000000002
2024-05-31 13:30:00,-171.01229999999993
2024-05-31 13:45:00,-138.81229999999994
2024-05-31 14:00:00,66.54160000000002
2024-05-31 14:15:00,394.1416
2024-05-31 14:30:00,427.9416
2024-05-31 14:45:00,302.5416
2024-05-31 15:00:00,736.4250000000001
2024-05-31 15:15:00,540.225
2024-05-31 15:30:00,665.2250000000001
2024-05-31 15:45:00,650.225
2024-05-31 16:00:00,1032.2672
2024-05-31 16:15:00,954.4671999999998
2024-05-31 16:30:00,920.4672
2024-05-31 16:45:00,897.2672
2024-05-31 17:00:00,1049.2429
2024-05-31 17:15:00,1019.4428999999999
2024-05-31 17:30:00,960.0428999999999
2024-05-31 17:45:00,913.8429000000001
2024-05-31 18:00:00,1108.5479
2024-05-31 18:15:00,1013.7479000000001
2024-05-31 18:30:00,1024.5479
2024-05-31 18:45:00,902.7479
2024-05-31 19:00:00,1081.6
2024-05-31 19:15:00,1014.2
2024-05-31 19:30:00,1019.4000000000001
2024-05-31 19:45:00,930.8
2024-05-31 20:00:00,905.8
2024-05-31 20:15:00,900.4000000000001
2024-05-31 20:30:00,937.6
2024-05-31 20:45:00,905.4
2024-05-31 21:00:00,908.2
2024-05-31 21:15:00,885.0
2024-05-31 21:30:00,874.5999999999999
2024-05-31 21:45:00,850.8
2024-05-31 22:00:00,793.8
2024-05-31 22:15:00,770.2
2024-05-31 22:30:00,773.6
2024-05-31 22:45:00,731.8
2024-05-31 23:00:00,707.4000000000001
2024-05-31 23:15:00,861.5999999999999
2024-05-31 23:30:00,912.8000000000001
2024-05-31 23:45:00,847.6
2024-06-01 00:00:00,868.8
2024-06-01 00:15:00,931.6
2024-06-01 00:30:00,963.1999999999998
2024-06-01 00:45:00,842.4
2024-06-01 01:00:00,932.2
2024-06-01 01:15:00,795.0
2024-06-01 01:30:00,801.4
2024-06-01 01:45:00,740.4
2024-06-01 02:00:00,773.4
2024-06-01 02:15:00,690.1999999999999
2024-06-01 02:30:00,638.5999999999999
2024-06-01 02:45:00,641.0
2024-06-01 03:00:00,651.5999999999999
2024-06-01 03:15:00,619.0
2024-06-01 03:30:00,630.6
2024-06-01 03:45:00,685.0
2024-06-01 04:00:00,757.0
2024-06-01 04:15:00,697.0
2024-06-01 04:30:00,704.8000000000001
2024-06-01 04:45:00,756.6
2024-06-01 05:00:00,849.0
2024-06-01 05:15:00,816.8
2024-06-01 05:30:00,782.0
2024-06-01 05:45:00,711.6
2024-06-01 06:00:00,736.8389
2024-06-01 06:15:00,735.4389
2024-06-01 06:30:00,855.4389
2024-06-01 06:45:00,768.4389000000001
2024-06-01 07:00:00,601.4364
2024-06-01 07:15:00,465.6364
2024-06-01 07:30:00,494.6364
2024-06-01 07:45:00,451.63640000000004
2024-06-01 08:00:00,362.209
2024-06-01 08:15:00,362.20899999999995
2024-06-01 08:30:00,427.60900000000004
2024-06-01 08:45:00,493.60900000000004
2024-06-01 09:00:00,437.3528000000001
2024-06-01 09:15:00,544.9528
2024-06-01 09:30:00,469.7528
2024-06-01 09:45:00,467.55280000000005
2024-06-01 10:00:00,457.95189999999997
2024-06-01 10:15:00,438.3519
2024-06-01 10:30:00,471.15189999999996
2024-06-01 10:45:00,468.15189999999996
2024-06-01 11:00:00,375.1605
2024-06-01 11:15:00,415.7605
2024-06-01 11:30:00,418.3605
2024-06-01 11:45:00,359.76050000000004
2024-06-01 12:00:00,391.7939
2024-06-01 12:15:00,341.7939
2024-06-01 12:30:00,296.39390000000003
2024-06-01 12:45:00,285.39390000000003
2024-06-01 13:00:00,366.31030000000004
2024-06-01 13:15:00,293.31030000000004
2024-06-01 13:30:00,394.7103000000001
2024-06-01 13:45:00,419.5103
2024-06-01 14:00:00,376.9415
2024-06-01 14:15:00,410.9415
2024-06-01 14:30:00,444.94149999999996
2024-06-01 14:45:00,512.7415
2024-06-01 15:00:00,620.9522
2024-06-01 15:15:00,715.5522
2024-06-01 15:30:00,605.1522
2024-06-01 15:45:00,630.7521999999999
2024-06-01 16:00:00,786.7588999999999
2024-06-01 16:15:00,742.1589000000001
2024-06-01 16:30:00,720.5589
2024-06-01 16:45:00,831.3589
2024-06-01 17:00:00,944.5552
2024-06-01 17:15:00,838.9552
2024-06-01 17:30:00,892.3552
2024-06-01 17:45:00,843.7552000000001
2024-06-01 18:00:00,895.6081
2024-06-01 18:15:00,844.8081
2024-06-01 18:30:00,807.2081000000001
2024-06-01 18:45:00,726.2081
2024-06-01 19:00:00,776.8000000000001
2024-06-01 19:15:00,762.0
2024-06-01 19:30:00,742.8
2024-06-01 19:45:00,755.4
2024-06-01 20:00:00,718.4
2024-06-01 20:15:00,702.4
2024-06-01 20:30:00,720.8
2024-06-01 20:45:00,711.4
2024-06-01 21:00:00,641.0
2024-06-01 21:15:00,687.6
2024-06-01 21:30:00,656.2
2024-06-01 21:45:00,653.8
2024-06-01 22:00:00,639.8
2024-06-01 22:15:00,632.4
2024-06-01 22:30:00,637.8
2024-06-01 22:45:00,619.8000000000001
2024-06-01 23:00:00,618.6
2024-06-01 23:15:00,731.4000000000001
2024-06-01 23:30:00,891.0
2024-06-01 23:45:00,904.0
2024-06-02 00:00:00,753.2
2024-06-02 00:15:00,637.4
2024-06-02 00:30:00,583.1999999999999
2024-06-02 00:45:00,598.4
2024-06-02 01:00:00,681.0
2024-06-02 01:15:00,754.0
2024-06-02 01:30:00,689.8
2024-06-02 01:45:00,594.2
2024-06-02 02:00:00,563.5999999999999
2024-06-02 02:15:00,488.99999999999994
2024-06-02 02:30:00,511.6
2024-06-02 02:45:00,511.8
2024-06-02 03:00:00,538.5999999999999
2024-06-02 03:15:00,600.0
2024-06-02 03:30:00,641.1999999999999
2024-06-02 03:45:00,590.2
2024-06-02 04:00:00,568.0
2024-06-02 04:15:00,528.0
2024-06-02 04:30:00,498.59999999999997
2024-06-02 04:45:00,503.20000000000005
2024-06-02 05:00:00,496.6
2024-06-02 05:15:00,489.8
2024-06-02 05:30:00,506.79999999999995
2024-06-02 05:45:00,556.2
2024-06-02 06:00:00,538.0310999999999
2024-06-02 06:15:00,557.6311
2024-06-02 06:30:00,535.6311000000001
2024-06-02 06:45:00,464.2311
2024-06-02 07:00:00,294.84069999999997
2024-06-02 07:15:00,308.4407
2024-06-02 07:30:00,322.84069999999997
2024-06-02 07:45:00,335.84069999999997
2024-06-02 08:00:00,227.2707
2024-06-02 08:15:00,218.8707
2024-06-02 08:30:00,310.87069999999994
2024-06-02 08:45:00,331.87069999999994
2024-06-02 09:00:00,281.28960000000006
2024-06-02 09:15:00,379.8896
2024-06-02 09:30:00,370.8896
2024-06-02 09:45:00,352.28959999999995
2024-06-02 10:00:00,272.22240000000005
2024-06-02 10:15:00,236.2224
2024-06-02 10:30:00,217.0224
2024-06-02 10:45:00,258.8224
2024-06-02 11:00:00,180.33670000000006
2024-06-02 11:15:00,159.13670000000002
2024-06-02 11:30:00,259.5367
2024-06-02 11:45:00,239.9367
2024-06-02 12:00:00,184.03660000000002
2024-06-02 12:15:00,192.63660000000002
2024-06-02 12:30:00,173.63660000000002
2024-06-02 12:45:00,198.63660000000002
2024-06-02 13:00:00,294.2922
2024-06-02 13:15:00,278.0922
2024-06-02 13:30:00,188.4922
2024-06-02 13:45:00,268.2922
2024-06-02 14:00:00,314.8248
2024-06-02 14:15:00,496.2248
2024-06-02 14:30:00,560.8248
2024-06-02 14:45:00,549.6248
2024-06-02 15:00:00,567.5074999999999
2024-06-02 15:15:00,539.9075
2024-06-02 15:30:00,500.50750000000005
2024-06-02 15:45:00,550.3075
2024-06-02 16:00:00,665.6638
2024-06-02 16:15:00,656.2638000000001
2024-06-02 16:30:00,712.4638
2024-06-02 16:45:00,764.0637999999999
2024-06-02 17:00:00,954.6938
2024-06-02 17:15:00,1027.6938
2024-06-02 17:30:00,834.2938
2024-06-02 17:45:00,743.0938
2024-06-02 18:00:00,846.6824
2024-06-02 18:15:00,860.4824000000001
2024-06-02 18:30:00,890.8824
2024-06-02 18:45:00,827.0824
2024-06-02 19:00:00,865.5999999999999
2024-06-02 19:15:00,853.8000000000001
2024-06-02 19:30:00,836.0
2024-06-02 19:45:00,823.1999999999999
2024-06-02 20:00:00,810.5999999999999
2024-06-02 20:15:00,813.0
2024-06-02 20:30:00,811.4
2024-06-02 20:45:00,788.8
2024-06-02 21:00:00,775.2
2024-06-02 21:15:00,813.4000000000001
2024-06-02 21:30:00,803.4
2024-06-02 21:45:00,817.0
2024-06-02 22:00:00,773.1999999999999
2024-06-02 22:15:00,781.6
2024-06-02 22:30:00,719.1999999999999
2024-06-02 22:45:00,696.0
2024-06-02 23:00:00,720.5999999999999
2024-06-02 23:15:00,985.2
2024-06-02 23:30:00,1049.0
2024-06-02 23:45:00,1034.0
2024-06-03 00:00:00,767.4
2024-06-03 00:15:00,789.0
2024-06-03 00:30:00,751.8
2024-06-03 00:45:00,797.0
2024-06-03 01:00:00,790.6
2024-06-03 01:15:00,755.0
2024-06-03 01:30:00,678.8
2024-06-03 01:45:00,683.2
2024-06-03 02:00:00,790.8000000000001
2024-06-03 02:15:00,719.8000000000001
2024-06-03 02:30:00,721.5999999999999
2024-06-03 02:45:00,684.4
2024-06-03 03:00:00,646.4
2024-06-03 03:15:00,663.0
2024-06-03 03:30:00,697.5999999999999
2024-06-03 03:45:00,664.6
2024-06-03 04:00:00,663.1999999999999
2024-06-03 04:15:00,797.2
2024-06-03 04:30:00,692.4
2024-06-03 04:45:00,703.8
2024-06-03 05:00:00,710.2
2024-06-03 05:15:00,630.6
2024-06-03 05:30:00,632.6
2024-06-03 05:45:00,612.5999999999999
2024-06-03 06:00:00,554.2543
2024-06-03 06:15:00,599.4542999999999
2024-06-03 06:30:00,500.2543
2024-06-03 06:45:00,425.0543
2024-06-03 07:00:00,50.070599999999985
2024-06-03 07:15:00,94.07060000000001
2024-06-03 07:30:00,87.67060000000001
2024-06-03 07:45:00,137.47059999999996
2024-06-03 08:00:00,-159.27230000000012
2024-06-03 08:15:00,-119.67230000000012
2024-06-03 08:30:00,42.52769999999997
2024-06-03 08:45:00,126.32769999999991
2024-06-03 09:00:00,26.65019999999987
2024-06-03 09:15:00,172.85019999999983
2024-06-03 09:30:00,255.45019999999982
2024-06-03 09:45:00,308.25019999999984
2024-06-03 10:00:00,76.55259999999994
2024-06-03 10:15:00,61.952600000000004
2024-06-03 10:30:00,-1.447400000000016
2024-06-03 10:45:00,1.5525999999999698
2024-06-03 11:00:00,550.2467999999999
2024-06-03 11:15:00,543.2468
2024-06-03 11:30:00,530.2467999999999
2024-06-03 11:45:00,479.84680000000003
2024-06-03 12:00:00,368.45210000000003
2024-06-03 12:15:00,349.8521
2024-06-03 12:30:00,371.6521
2024-06-03 12:45:00,280.0521
2024-06-03 13:00:00,302.57880000000023
2024-06-03 13:15:00,252.37880000000015
2024-06-03 13:30:00,307.77880000000016
2024-06-03 13:45:00,399.9788000000001
2024-06-03 14:00:00,529.1700999999999
2024-06-03 14:15:00,678.9700999999998
2024-06-03 14:30:00,699.3701
2024-06-03 14:45:00,1009.9701
2024-06-03 15:00:00,1219.0704
2024-06-03 15:15:00,1154.4704
2024-06-03 15:30:00,1092.8704
2024-06-03 15:45:00,1130.6704
2024-06-03 16:00:00,1288.2377000000001
2024-06-03 16:15:00,1231.4377
2024-06-03 16:30:00,1371.4377
2024-06-03 16:45:00,1267.6376999999998
2024-06-03 17:00:00,1551.9062
2024-06-03 17:15:00,1312.1062
2024-06-03 17:30:00,1225.3062
2024-06-03 17:45:00,1210.5062
2024-06-03 18:00:00,1317.9259000000002
2024-06-03 18:15:00,1215.1259
2024-06-03 18:30:00,1128.5259
2024-06-03 18:45:00,1122.3258999999998
2024-06-03 19:00:00,1215.8
2024-06-03 19:15:00,1122.2
2024-06-03 19:30:00,1138.2
2024-06-03 19:45:00,1132.6
2024-06-03 20:00:00,1068.6000000000001
2024-06-03 20:15:00,1041.4
2024-06-03 20:30:00,1006.5999999999999
2024-06-03 20:45:00,1013.5999999999999
2024-06-03 21:00:00,974.4000000000001
2024-06-03 21:15:00,853.8
2024-06-03 21:30:00,815.1999999999999
2024-06-03 21:45:00,808.6
2024-06-03 22:00:00,669.4
2024-06-03 22:15:00,668.5999999999999
2024-06-03 22:30:00,753.1999999999999
2024-06-03 22:45:00,743.5999999999999
2024-06-03 23:00:00,743.5999999999999
2024-06-03 23:15:00,697.5999999999999
2024-06-03 23:30:00,835.1999999999999
2024-06-03 23:45:00,799.2
2024-06-04 00:00:00,722.2
2024-06-04 00:15:00,719.8000000000001
2024-06-04 00:30:00,705.6
2024-06-04 00:45:00,743.4000000000001
2024-06-04 01:00:00,784.2
2024-06-04 01:15:00,727.8
2024-06-04 01:30:00,655.6
2024-06-04 01:45:00,651.1999999999999
2024-06-04 02:00:00,580.6
2024-06-04 02:15:00,537.8
2024-06-04 02:30:00,507.2
2024-06-04 02:45:00,513.5999999999999
2024-06-04 03:00:00,570.2
2024-06-04 03:15:00,543.4000000000001
2024-06-04 03:30:00,530.8
2024-06-04 03:45:00,549.1999999999999
2024-06-04 04:00:00,563.5999999999999
2024-06-04 04:15:00,552.0
2024-06-04 04:30:00,519.8
2024-06-04 04:45:00,512.6
2024-06-04 05:00:00,532.5999999999999
2024-06-04 05:15:00,514.4
2024-06-04 05:30:00,543.2
2024-06-04 05:45:00,580.2
2024-06-04 06:00:00,799.2884999999999
2024-06-04 06:15:00,762.2885
2024-06-04 06:30:00,708.0885000000001
2024-06-04 06:45:00,540.2885
2024-06-04 07:00:00,306.4942
2024-06-04 07:15:00,311.4942
2024-06-04 07:30:00,306.89419999999996
2024-06-04 07:45:00,321.4942
2024-06-04 08:00:00,187.90660000000003
2024-06-04 08:15:00,336.50660000000005
2024-06-04 08:30:00,345.70660000000004
2024-06-04 08:45:00,651.1066000000001
2024-06-04 09:00:00,702.4734
2024-06-04 09:15:00,565.8734
2024-06-04 09:30:00,611.8734
2024-06-04 09:45:00,669.6734000000001
2024-06-04 10:00:00,603.7569
2024-06-04 10:15:00,747.1569
2024-06-04 10:30:00,706.9569
2024-06-04 10:45:00,565.9569
2024-06-04 11:00:00,341.4849999999999
2024-06-04 11:15:00,313.485
2024-06-04 11:30:00,377.0849999999999
2024-06-04 11:45:00,334.28499999999997
2024-06-04 12:00:00,116.0985
2024-06-04 12:15:00,32.09850000000003
2024-06-04 12:30:00,-20.70150000000004
2024-06-04 12:45:00,28.298499999999976
2024-06-04 13:00:00,-147.82140000000004
2024-06-04 13:15:00,-243.42140000000003
2024-06-04 13:30:00,-220.22140000000002
2024-06-04 13:45:00,-88.02140000000007
2024-06-04 14:00:00,111.96659999999991
2024-06-04 14:15:00,290.7666
2024-06-04 14:30:00,289.3665999999999
2024-06-04 14:45:00,236.96659999999997
2024-06-04 15:00:00,638.0310000000002
2024-06-04 15:15:00,676.031
2024-06-04 15:30:00,551.031
2024-06-04 15:45:00,497.23100000000005
2024-06-04 16:00:00,960.8954
2024-06-04 16:15:00,1111.0954
2024-06-04 16:30:00,1004.0953999999999
2024-06-04 16:45:00,908.6954
2024-06-04 17:00:00,1106.7714
2024-06-04 17:15:00,1152.3714
2024-06-04 17:30:00,1075.9714000000001
2024-06-04 17:45:00,997.9713999999999
2024-06-04 18:00:00,1138.4295
2024-06-04 18:15:00,1076.0295
2024-06-04 18:30:00,1025.2295000000001
2024-06-04 18:45:00,1025.0294999999999
2024-06-04 19:00:00,1044.4
2024-06-04 19:15:00,1036.6
2024-06-04 19:30:00,988.5999999999999
2024-06-04 19:45:00,967.9999999999999
2024-06-04 20:00:00,930.2
2024-06-04 20:15:00,951.0
2024-06-04 20:30:00,1008.4000000000001
2024-06-04 20:45:00,964.0
2024-06-04 21:00:00,900.8
2024-06-04 21:15:00,891.4000000000001
2024-06-04 21:30:00,889.5999999999999
2024-06-04 21:45:00,826.4
2024-06-04 22:00:00,761.1999999999999
2024-06-04 22:15:00,703.8000000000001
2024-06-04 22:30:00,713.1999999999999
2024-06-04 22:45:00,726.6
2024-06-04 23:00:00,681.2
2024-06-04 23:15:00,1233.2
2024-06-04 23:30:00,1205.8
2024-06-04 23:45:00,1074.0
2024-06-05 00:00:00,854.2
2024-06-05 00:15:00,782.9999999999999
2024-06-05 00:30:00,727.0
2024-06-05 00:45:00,658.0
2024-06-05 01:00:00,745.2
2024-06-05 01:15:00,896.5999999999999
2024-06-05 01:30:00,805.8
2024-06-05 01:45:00,657.4000000000001
2024-06-05 02:00:00,704.4
2024-06-05 02:15:00,617.2
2024-06-05 02:30:00,638.2
2024-06-05 02:45:00,690.2
2024-06-05 03:00:00,603.4000000000001
2024-06-05 03:15:00,638.4
2024-06-05 03:30:00,574.4000000000001
2024-06-05 03:45:00,571.0
2024-06-05 04:00:00,613.6
2024-06-05 04:15:00,587.0
2024-06-05 04:30:00,552.0
2024-06-05 04:45:00,582.8000000000001
2024-06-05 05:00:00,588.4
2024-06-05 05:15:00,560.4
2024-06-05 05:30:00,571.5999999999999
2024-06-05 05:45:00,561.0
2024-06-05 06:00:00,466.7817
2024-06-05 06:15:00,577.3817
2024-06-05 06:30:00,518.7817
2024-06-05 06:45:00,489.58169999999996
2024-06-05 07:00:00,158.73930000000001
2024-06-05 07:15:00,142.7393
2024-06-05 07:30:00,160.13929999999996
2024-06-05 07:45:00,179.93929999999997
2024-06-05 08:00:00,-36.860200000000006
2024-06-05 08:15:00,-11.460199999999986
2024-06-05 08:30:00,82.33979999999998
2024-06-05 08:45:00,264.1398
2024-06-05 09:00:00,-42.46370000000002
2024-06-05 09:15:00,-4.863700000000023
2024-06-05 09:30:00,28.53630000000004
2024-06-05 09:45:00,154.93630000000007
2024-06-05 10:00:00,-222.23690000000005
2024-06-05 10:15:00,-189.03690000000006
2024-06-05 10:30:00,3.7630999999998522
2024-06-05 10:45:00,-40.636900000000054
2024-06-05 11:00:00,-324.5147
2024-06-05 11:15:00,-330.1147
2024-06-05 11:30:00,-352.1147
2024-06-05 11:45:00,-298.3147000000001
2024-06-05 12:00:00,-390.5675000000001
2024-06-05 12:15:00,-443.9675000000001
2024-06-05 12:30:00,-535.1675000000001
2024-06-05 12:45:00,-629.1675
2024-06-05 13:00:00,-525.9352
2024-06-05 13:15:00,-539.9351999999999
2024-06-05 13:30:00,-516.5352
2024-06-05 13:45:00,-446.13520000000005
2024-06-05 14:00:00,-182.48069999999993
2024-06-05 14:15:00,-89.4807
2024-06-05 14:30:00,-5.680699999999959
2024-06-05 14:45:00,27.319300000000055
2024-06-05 15:00:00,408.9271
2024-06-05 15:15:00,463.32710000000003
2024-06-05 15:30:00,401.3271
2024-06-05 15:45:00,345.9271
2024-06-05 16:00:00,542.6471
2024-06-05 16:15:00,620.2471
2024-06-05 16:30:00,699.4471000000001
2024-06-05 16:45:00,611.6471
2024-06-05 17:00:00,1202.8233
2024-06-05 17:15:00,1111.6233
2024-06-05 17:30:00,1036.0233
2024-06-05 17:45:00,936.8233
2024-06-05 18:00:00,1124.231
2024-06-05 18:15:00,1097.231
2024-06-05 18:30:00,1022.031
2024-06-05 18:45:00,917.431
2024-06-05 19:00:00,1116.0
2024-06-05 19:15:00,1078.8
2024-06-05 19:30:00,1020.8000000000001
2024-06-05 19:45:00,1019.4000000000001
2024-06-05 20:00:00,1014.4
2024-06-05 20:15:00,1017.0
2024-06-05 20:30:00,978.0
2024-06-05 20:45:00,1006.6
2024-06-05 21:00:00,963.0
2024-06-05 21:15:00,929.0
2024-06-05 21:30:00,895.4
2024-06-05 21:45:00,877.4
2024-06-05 22:00:00,849.2
2024-06-05 22:15:00,822.6
2024-06-05 22:30:00,811.8
2024-06-05 22:45:00,786.2
2024-06-05 23:00:00,796.6000000000001
2024-06-05 23:15:00,1094.4
2024-06-05 23:30:00,1108.2
2024-06-05 23:45:00,1063.4
2024-06-06 00:00:00,883.8
2024-06-06 00:15:00,834.4000000000001
2024-06-06 00:30:00,783.8
2024-06-06 00:45:00,714.6
2024-06-06 01:00:00,783.1999999999999
2024-06-06 01:15:00,770.4
2024-06-06 01:30:00,731.0
2024-06-06 01:45:00,690.0
2024-06-06 02:00:00,658.4
2024-06-06 02:15:00,562.0
2024-06-06 02:30:00,583.0
2024-06-06 02:45:00,591.4
2024-06-06 03:00:00,751.1999999999999
2024-06-06 03:15:00,648.1999999999999
2024-06-06 03:30:00,593.2
2024-06-06 03:45:00,585.8
2024-06-06 04:00:00,566.2
2024-06-06 04:15:00,539.4
2024-06-06 04:30:00,591.6
2024-06-06 04:45:00,620.0
2024-06-06 05:00:00,701.4
2024-06-06 05:15:00,576.0
2024-06-06 05:30:00,666.0000000000001
2024-06-06 05:45:00,674.6
2024-06-06 06:00:00,474.44769999999994
2024-06-06 06:15:00,507.84770000000003
2024-06-06 06:30:00,495.84770000000003
2024-06-06 06:45:00,453.4477
2024-06-06 07:00:00,196.5143
2024-06-06 07:15:00,197.1143
2024-06-06 07:30:00,199.31430000000003
2024-06-06 07:45:00,226.3143
2024-06-06 08:00:00,-62.54239999999999
2024-06-06 08:15:00,-18.34239999999996
2024-06-06 08:30:00,212.65759999999997
2024-06-06 08:45:00,202.4576
2024-06-06 09:00:00,53.45269999999989
2024-06-06 09:15:00,172.85269999999986
2024-06-06 09:30:00,385.85269999999986
2024-06-06 09:45:00,351.4526999999999
2024-06-06 10:00:00,136.5249999999999
2024-06-06 10:15:00,167.1249999999999
2024-06-06 10:30:00,201.52499999999995
2024-06-06 10:45:00,203.52499999999998
2024-06-06 11:00:00,2.059600000000046
2024-06-06 11:15:00,-4.740399999999994
2024-06-06 11:30:00,-4.540400000000027
2024-06-06 11:45:00,-4.540399999999977
2024-06-06 12:00:00,-50.26920000000001
2024-06-06 12:15:00,-132.4692
2024-06-06 12:30:00,-98.46920000000006
2024-06-06 12:45:00,-163.86919999999998
2024-06-06 13:00:00,-90.32590000000003
2024-06-06 13:15:00,-175.92590000000007
2024-06-06 13:30:00,-58.125900000000016
2024-06-06 13:45:00,9.674099999999925
2024-06-06 14:00:00,55.81739999999999
2024-06-06 14:15:00,172.81739999999994
2024-06-06 14:30:00,171.61739999999998
2024-06-06 14:45:00,237.41739999999996
2024-06-06 15:00:00,603.1879
2024-06-06 15:15:00,589.9879000000001
2024-06-06 15:30:00,654.9879
2024-06-06 15:45:00,576.9879000000001
2024-06-06 16:00:00,892.1876
2024-06-06 16:15:00,952.5876000000001
2024-06-06 16:30:00,1063.5876
2024-06-06 16:45:00,1071.7876
2024-06-06 17:00:00,1263.4950000000001
2024-06-06 17:15:00,1279.695
2024-06-06 17:30:00,1153.495
2024-06-06 17:45:00,995.4950000000001
2024-06-06 18:00:00,1201.1434
2024-06-06 18:15:00,1170.1434000000002
2024-06-06 18:30:00,1088.5434
2024-06-06 18:45:00,956.5434
2024-06-06 19:00:00,1098.3999999999999
2024-06-06 19:15:00,1065.2
2024-06-06 19:30:00,1039.2
2024-06-06 19:45:00,1022.8
2024-06-06 20:00:00,993.3999999999999
2024-06-06 20:15:00,938.6
2024-06-06 20:30:00,964.4000000000001
2024-06-06 20:45:00,918.0
2024-06-06 21:00:00,912.5999999999999
2024-06-06 21:15:00,928.2
2024-06-06 21:30:00,922.1999999999999
2024-06-06 21:45:00,869.0
2024-06-06 22:00:00,848.2
2024-06-06 22:15:00,821.0
2024-06-06 22:30:00,805.8000000000001
2024-06-06 22:45:00,790.1999999999999
2024-06-06 23:00:00,756.0
2024-06-06 23:15:00,1054.6000000000001
2024-06-06 23:30:00,1184.8
2024-06-06 23:45:00,1066.4
2024-06-07 00:00:00,959.4000000000001
2024-06-07 00:15:00,713.4
2024-06-07 00:30:00,784.6
2024-06-07 00:45:00,704.0
2024-06-07 01:00:00,694.0
2024-06-07 01:15:00,661.2
2024-06-07 01:30:00,611.6
2024-06-07 01:45:00,621.6
2024-06-07 02:00:00,788.0
2024-06-07 02:15:00,658.0
2024-06-07 02:30:00,726.0
2024-06-07 02:45:00,674.1999999999999
2024-06-07 03:00:00,684.2
2024-06-07 03:15:00,653.4
2024-06-07 03:30:00,785.8
2024-06-07 03:45:00,821.1999999999999
2024-06-07 04:00:00,799.2
2024-06-07 04:15:00,665.4
2024-06-07 04:30:00,544.6
2024-06-07 04:45:00,597.2
2024-06-07 05:00:00,590.2
2024-06-07 05:15:00,557.4000000000001
2024-06-07 05:30:00,630.6
2024-06-07 05:45:00,722.8
2024-06-07 06:00:00,724.9583
2024-06-07 06:15:00,718.5582999999999
2024-06-07 06:30:00,654.9583
2024-06-07 06:45:00,554.1582999999999
2024-06-07 07:00:00,487.5442
2024-06-07 07:15:00,532.7442
2024-06-07 07:30:00,548.7442
2024-06-07 07:45:00,542.7442000000001
2024-06-07 08:00:00,555.6641
2024-06-07 08:15:00,606.4641
2024-06-07 08:30:00,780.0641
2024-06-07 08:45:00,954.4641
2024-06-07 09:00:00,1305.307
2024-06-07 09:15:00,1188.307
2024-06-07 09:30:00,1211.307
2024-06-07 09:45:00,1414.507
2024-06-07 10:00:00,1313.3244
2024-06-07 10:15:00,1171.1244000000002
2024-06-07 10:30:00,1255.9243999999999
2024-06-07 10:45:00,1454.7244
2024-06-07 11:00:00,1346.8432
2024-06-07 11:15:00,1200.8431999999998
2024-06-07 11:30:00,1225.8432
2024-06-07 11:45:00,1173.4432
2024-06-07 12:00:00,1222.7905
2024-06-07 12:15:00,1178.5905
2024-06-07 12:30:00,1142.9904999999999
2024-06-07 12:45:00,1118.5905000000002
2024-06-07 13:00:00,1162.5500000000002
2024-06-07 13:15:00,1117.3500000000001
2024-06-07 13:30:00,1111.3500000000001
2024-06-07 13:45:00,1137.55
2024-06-07 14:00:00,1357.9466
2024-06-07 14:15:00,1525.1466000000003
2024-06-07 14:30:00,1388.7466
2024-06-07 14:45:00,1536.9465999999998
2024-06-07 15:00:00,1631.3711999999998
2024-06-07 15:15:00,1629.5711999999999
2024-06-07 15:30:00,1627.5711999999999
2024-06-07 15:45:00,1516.9712
2024-06-07 16:00:00,1850.1605000000002
2024-06-07 16:15:00,1965.1605000000002
2024-06-07 16:30:00,1855.7605
2024-06-07 16:45:00,1753.7605
2024-06-07 17:00:00,1806.1554999999998
2024-06-07 17:15:00,1675.9555
2024-06-07 17:30:00,1788.5555
2024-06-07 17:45:00,1507.1554999999998
2024-06-07 18:00:00,1462.1417999999999
2024-06-07 18:15:00,1343.5418000000002
2024-06-07 18:30:00,1261.5418
2024-06-07 18:45:00,1133.1418
2024-06-07 19:00:00,1126.6000000000001
2024-06-07 19:15:00,1208.8
2024-06-07 19:30:00,1076.8
2024-06-07 19:45:00,1035.4
2024-06-07 20:00:00,1120.4
2024-06-07 20:15:00,1037.2
2024-06-07 20:30:00,986.2
2024-06-07 20:45:00,965.5999999999999
2024-06-07 21:00:00,1022.0
2024-06-07 21:15:00,967.6
2024-06-07 21:30:00,909.8
2024-06-07 21:45:00,897.0
2024-06-07 22:00:00,881.4
2024-06-07 22:15:00,823.5999999999999
2024-06-07 22:30:00,809.2
2024-06-07 22:45:00,761.2
2024-06-07 23:00:00,680.8
2024-06-07 23:15:00,838.6
2024-06-07 23:30:00,812.6
2024-06-07 23:45:00,826.1999999999999
2024-06-08 00:00:00,687.0
2024-06-08 00:15:00,662.4
2024-06-08 00:30:00,800.4000000000001
2024-06-08 00:45:00,645.8
2024-06-08 01:00:00,589.2
2024-06-08 01:15:00,557.4
2024-06-08 01:30:00,523.0
2024-06-08 01:45:00,520.5999999999999
2024-06-08 02:00:00,517.2
2024-06-08 02:15:00,511.6
2024-06-08 02:30:00,579.0
2024-06-08 02:45:00,571.4
2024-06-08 03:00:00,636.4
2024-06-08 03:15:00,748.8
2024-06-08 03:30:00,644.4
2024-06-08 03:45:00,699.0
2024-06-08 04:00:00,753.6
2024-06-08 04:15:00,703.8000000000001
2024-06-08 04:30:00,688.8
2024-06-08 04:45:00,727.8000000000001
2024-06-08 05:00:00,654.0
2024-06-08 05:15:00,705.2
2024-06-08 05:30:00,595.6
2024-06-08 05:45:00,620.8
2024-06-08 06:00:00,541.1331
2024-06-08 06:15:00,637.1331
2024-06-08 06:30:00,565.9331000000001
2024-06-08 06:45:00,441.1331
2024-06-08 07:00:00,227.88490000000002
2024-06-08 07:15:00,221.2849
2024-06-08 07:30:00,266.2849
2024-06-08 07:45:00,228.8849
2024-06-08 08:00:00,62.769499999999994
2024-06-08 08:15:00,92.36950000000002
2024-06-08 08:30:00,60.36949999999999
2024-06-08 08:45:00,86.96950000000004
2024-06-08 09:00:00,-16.183800000000048
2024-06-08 09:15:00,-12.583800000000025
2024-06-08 09:30:00,165.0162
2024-06-08 09:45:00,49.216199999999986
2024-06-08 10:00:00,30.992399999999975
2024-06-08 10:15:00,61.192399999999964
2024-06-08 10:30:00,-46.60759999999999
2024-06-08 10:45:00,-18.807600000000008
2024-06-08 11:00:00,-85.17669999999995
2024-06-08 11:15:00,-100.9767
2024-06-08 11:30:00,-2.5766999999999314
2024-06-08 11:45:00,49.42330000000001
2024-06-08 12:00:00,23.04939999999992
2024-06-08 12:15:00,66.04940000000002
2024-06-08 12:30:00,106.64939999999996
2024-06-08 12:45:00,50.64939999999996
2024-06-08 13:00:00,-106.16450000000006
2024-06-08 13:15:00,-32.36449999999998
2024-06-08 13:30:00,-19.964499999999987
2024-06-08 13:45:00,-273.96450000000004
2024-06-08 14:00:00,-152.42690000000002
2024-06-08 14:15:00,-169.4269
2024-06-08 14:30:00,-196.62689999999998
2024-06-08 14:45:00,-204.42689999999993
2024-06-08 15:00:00,-17.967800000000008
2024-06-08 15:15:00,19.63220000000007
2024-06-08 15:30:00,-18.767800000000022
2024-06-08 15:45:00,34.232200000000034
2024-06-08 16:00:00,98.82600000000002
2024-06-08 16:15:00,122.226
2024-06-08 16:30:00,136.62600000000003
2024-06-08 16:45:00,115.22600000000003
2024-06-08 17:00:00,323.5564
2024-06-08 17:15:00,356.95640000000003
2024-06-08 17:30:00,403.95640000000003
2024-06-08 17:45:00,393.5564
2024-06-08 18:00:00,573.2144
2024-06-08 18:15:00,587.8144
2024-06-08 18:30:00,587.0144
2024-06-08 18:45:00,563.4144
2024-06-08 19:00:00,690.1999999999999
2024-06-08 19:15:00,777.6
2024-06-08 19:30:00,725.0
2024-06-08 19:45:00,739.2
2024-06-08 20:00:00,770.8000000000001
2024-06-08 20:15:00,762.4000000000001
2024-06-08 20:30:00,759.2
2024-06-08 20:45:00,711.2
2024-06-08 21:00:00,665.6
2024-06-08 21:15:00,659.4
2024-06-08 21:30:00,573.6
2024-06-08 21:45:00,565.4
2024-06-08 22:00:00,588.8
2024-06-08 22:15:00,578.4
2024-06-08 22:30:00,468.2
2024-06-08 22:45:00,456.0
2024-06-08 23:00:00,454.8
2024-06-08 23:15:00,920.4
2024-06-08 23:30:00,832.3999999999999
2024-06-08 23:45:00,639.6
2024-06-09 00:00:00,525.8
2024-06-09 00:15:00,464.4
2024-06-09 00:30:00,463.4
2024-06-09 00:45:00,418.4
2024-06-09 01:00:00,457.8
2024-06-09 01:15:00,520.8
2024-06-09 01:30:00,547.1999999999999
2024-06-09 01:45:00,511.4
2024-06-09 02:00:00,450.40000000000003
2024-06-09 02:15:00,459.6
2024-06-09 02:30:00,471.6
2024-06-09 02:45:00,509.2
2024-06-09 03:00:00,437.4
2024-06-09 03:15:00,400.6
2024-06-09 03:30:00,474.0
2024-06-09 03:45:00,426.19999999999993
2024-06-09 04:00:00,485.40000000000003
2024-06-09 04:15:00,485.0
2024-06-09 04:30:00,517.2
2024-06-09 04:45:00,516.4
2024-06-09 05:00:00,427.0
2024-06-09 05:15:00,354.4
2024-06-09 05:30:00,301.0
2024-06-09 05:45:00,292.2
2024-06-09 06:00:00,70.48949999999999
2024-06-09 06:15:00,79.68950000000002
2024-06-09 06:30:00,421.88950000000006
2024-06-09 06:45:00,239.48950000000002
2024-06-09 07:00:00,-130.1671
2024-06-09 07:15:00,-188.56709999999998
2024-06-09 07:30:00,-171.16709999999998
2024-06-09 07:45:00,-218.96710000000002
2024-06-09 08:00:00,-601.2367
2024-06-09 08:15:00,-590.8367000000001
2024-06-09 08:30:00,-578.8367000000001
2024-06-09 08:45:00,-611.6367
2024-06-09 09:00:00,-902.4766999999999
2024-06-09 09:15:00,-878.6767
2024-06-09 09:30:00,-860.2767000000001
2024-06-09 09:45:00,-777.4766999999999
2024-06-09 10:00:00,-934.9711
2024-06-09 10:15:00,-890.5710999999999
2024-06-09 10:30:00,-917.7711
2024-06-09 10:45:00,-897.1711
2024-06-09 11:00:00,-307.00569999999993
2024-06-09 11:15:00,-298.0057
2024-06-09 11:30:00,-287.2057
2024-06-09 11:45:00,-120.20569999999996
2024-06-09 12:00:00,-239.04460000000003
2024-06-09 12:15:00,-270.44460000000004
2024-06-09 12:30:00,-245.44460000000004
2024-06-09 12:45:00,-184.84459999999999
2024-06-09 13:00:00,-286.9015
2024-06-09 13:15:00,-281.9015
2024-06-09 13:30:00,-293.50149999999996
2024-06-09 13:45:00,-279.5015
2024-06-09 14:00:00,-412.83510000000007
2024-06-09 14:15:00,-290.03510000000006
2024-06-09 14:30:00,-128.4351000000001
2024-06-09 14:45:00,-172.63510000000002
2024-06-09 15:00:00,-83.42319999999997
2024-06-09 15:15:00,-82.62319999999997
2024-06-09 15:30:00,-65.82319999999993
2024-06-09 15:45:00,-50.62319999999997
2024-06-09 16:00:00,53.14459999999998
2024-06-09 16:15:00,-37.05539999999999
2024-06-09 16:30:00,280.1446000000001
2024-06-09 16:45:00,126.94460000000004
2024-06-09 17:00:00,435.9127
2024-06-09 17:15:00,502.71270000000004
2024-06-09 17:30:00,488.1126999999999
2024-06-09 17:45:00,454.9127000000001
2024-06-09 18:00:00,644.8498
2024-06-09 18:15:00,612.4498
2024-06-09 18:30:00,661.6497999999999
2024-06-09 18:45:00,645.0498
2024-06-09 19:00:00,752.6
2024-06-09 19:15:00,754.4000000000001
2024-06-09 19:30:00,709.8
2024-06-09 19:45:00,729.8
2024-06-09 20:00:00,713.4
2024-06-09 20:15:00,697.8
2024-06-09 20:30:00,716.8
2024-06-09 20:45:00,764.0
2024-06-09 21:00:00,760.5999999999999
2024-06-09 21:15:00,746.8
2024-06-09 21:30:00,709.0
2024-06-09 21:45:00,693.1999999999999
2024-06-09 22:00:00,695.3999999999999
2024-06-09 22:15:00,665.6
2024-06-09 22:30:00,682.4
2024-06-09 22:45:00,632.0
2024-06-09 23:00:00,659.1999999999999
2024-06-09 23:15:00,828.8
2024-06-09 23:30:00,743.2
2024-06-09 23:45:00,730.4
2024-06-10 00:00:00,739.4
2024-06-10 00:15:00,728.4
2024-06-10 00:30:00,774.1999999999999
2024-06-10 00:45:00,651.4
2024-06-10 01:00:00,568.5999999999999
2024-06-10 01:15:00,557.8
2024-06-10 01:30:00,515.1999999999999
2024-06-10 01:45:00,504.0
2024-06-10 02:00:00,559.1999999999999
2024-06-10 02:15:00,562.2
2024-06-10 02:30:00,529.8
2024-06-10 02:45:00,519.8
2024-06-10 03:00:00,531.0
2024-06-10 03:15:00,557.0
2024-06-10 03:30:00,588.8000000000001
2024-06-10 03:45:00,624.4
2024-06-10 04:00:00,626.2
2024-06-10 04:15:00,555.2
2024-06-10 04:30:00,545.4
2024-06-10 04:45:00,525.6
2024-06-10 05:00:00,623.0
2024-06-10 05:15:00,570.6
2024-06-10 05:30:00,605.8000000000001
2024-06-10 05:45:00,568.8
2024-06-10 06:00:00,535.5179
2024-06-10 06:15:00,585.9179
2024-06-10 06:30:00,529.5179
2024-06-10 06:45:00,539.7179
2024-06-10 07:00:00,457.8344000000001
2024-06-10 07:15:00,409.0344
2024-06-10 07:30:00,442.6344
2024-06-10 07:45:00,436.8344000000001
2024-06-10 08:00:00,391.7216
2024-06-10 08:15:00,411.1216
2024-06-10 08:30:00,403.9216
2024-06-10 08:45:00,528.5216
2024-06-10 09:00:00,463.9665
2024-06-10 09:15:00,379.7665
2024-06-10 09:30:00,359.3665
2024-06-10 09:45:00,347.96650000000005
2024-06-10 10:00:00,454.04060000000004
2024-06-10 10:15:00,438.04060000000004
2024-06-10 10:30:00,389.24060000000003
2024-06-10 10:45:00,398.24060000000003
2024-06-10 11:00:00,381.8708
2024-06-10 11:15:00,375.0708
2024-06-10 11:30:00,391.47079999999994
2024-06-10 11:45:00,382.2708
2024-06-10 12:00:00,380.1374
2024-06-10 12:15:00,358.73740000000004
2024-06-10 12:30:00,367.53739999999993
2024-06-10 12:45:00,352.9374
2024-06-10 13:00:00,359.09620000000007
2024-06-10 13:15:00,356.2962
2024-06-10 13:30:00,359.8962
2024-06-10 13:45:00,367.4962
2024-06-10 14:00:00,403.938
2024-06-10 14:15:00,487.138
2024-06-10 14:30:00,456.53799999999995
2024-06-10 14:45:00,443.53799999999995
2024-06-10 15:00:00,480.3747
2024-06-10 15:15:00,477.17470000000003
2024-06-10 15:30:00,485.1747
2024-06-10 15:45:00,480.1747000000001
2024-06-10 16:00:00,587.7769999999999
2024-06-10 16:15:00,601.5770000000001
2024-06-10 16:30:00,700.177
2024-06-10 16:45:00,640.577
2024-06-10 17:00:00,691.5809
2024-06-10 17:15:00,714.1809000000001
2024-06-10 17:30:00,722.9809
2024-06-10 17:45:00,683.7809
2024-06-10 18:00:00,693.6992
2024-06-10 18:15:00,682.4992000000001
2024-06-10 18:30:00,660.0992000000001
2024-06-10 18:45:00,664.8992000000001
2024-06-10 19:00:00,693.0
2024-06-10 19:15:00,671.0
2024-06-10 19:30:00,704.8
2024-06-10 19:45:00,732.1999999999999
2024-06-10 20:00:00,710.4
2024-06-10 20:15:00,748.5999999999999
2024-06-10 20:30:00,722.8000000000001
2024-06-10 20:45:00,663.8
2024-06-10 21:00:00,679.8000000000001
2024-06-10 21:15:00,673.2
2024-06-10 21:30:00,646.4000000000001
2024-06-10 21:45:00,659.4
2024-06-10 22:00:00,609.4
2024-06-10 22:15:00,600.0
2024-06-10 22:30:00,533.0
2024-06-10 22:45:00,628.8
2024-06-10 23:00:00,615.0
2024-06-10 23:15:00,727.2
2024-06-10 23:30:00,777.8
2024-06-10 23:45:00,789.8000000000001
2024-06-11 00:00:00,776.0
2024-06-11 00:15:00,630.4
2024-06-11 00:30:00,515.0
2024-06-11 00:45:00,558.1999999999999
2024-06-11 01:00:00,572.1999999999999
2024-06-11 01:15:00,600.4
2024-06-11 01:30:00,499.79999999999995
2024-06-11 01:45:00,671.6
2024-06-11 02:00:00,613.8
2024-06-11 02:15:00,584.2
2024-06-11 02:30:00,633.6
2024-06-11 02:45:00,635.4
2024-06-11 03:00:00,586.8
2024-06-11 03:15:00,473.8
2024-06-11 03:30:00,458.00000000000006
2024-06-11 03:45:00,495.8
2024-06-11 04:00:00,654.6000000000001
2024-06-11 04:15:00,650.6
2024-06-11 04:30:00,663.6
2024-06-11 04:45:00,587.1999999999999
2024-06-11 05:00:00,517.1999999999999
2024-06-11 05:15:00,574.5999999999999
2024-06-11 05:30:00,525.6
2024-06-11 05:45:00,459.0
2024-06-11 06:00:00,451.62260000000003
2024-06-11 06:15:00,412.62260000000003
2024-06-11 06:30:00,396.62260000000003
2024-06-11 06:45:00,502.0226000000001
2024-06-11 07:00:00,160.9659
2024-06-11 07:15:00,122.36590000000001
2024-06-11 07:30:00,210.5659
2024-06-11 07:45:00,173.16590000000002
2024-06-11 08:00:00,-59.27910000000001
2024-06-11 08:15:00,51.92090000000007
2024-06-11 08:30:00,136.92090000000007
2024-06-11 08:45:00,261.72090000000003
2024-06-11 09:00:00,-12.096199999999996
2024-06-11 09:15:00,361.7038
2024-06-11 09:30:00,616.5038
2024-06-11 09:45:00,647.9038
2024-06-11 10:00:00,603.6979000000001
2024-06-11 10:15:00,664.2979
2024-06-11 10:30:00,716.8978999999999
2024-06-11 10:45:00,630.0979
2024-06-11 11:00:00,395.23600000000016
2024-06-11 11:15:00,408.6360000000001
2024-06-11 11:30:00,441.6360000000002
2024-06-11 11:45:00,470.8360000000001
2024-06-11 12:00:00,454.9992
2024-06-11 12:15:00,334.79920000000004
2024-06-11 12:30:00,489.9992
2024-06-11 12:45:00,512.3992
2024-06-11 13:00:00,451.85649999999987
2024-06-11 13:15:00,421.45650000000006
2024-06-11 13:30:00,602.0565
2024-06-11 13:45:00,581.2565
2024-06-11 14:00:00,793.7022
2024-06-11 14:15:00,905.9022
2024-06-11 14:30:00,1105.1022
2024-06-11 14:45:00,1144.9022
2024-06-11 15:00:00,1458.0460999999998
2024-06-11 15:15:00,1524.8461
2024-06-11 15:30:00,1322.6461
2024-06-11 15:45:00,1235.0461
2024-06-11 16:00:00,1612.863
2024-06-11 16:15:00,1719.8629999999998
2024-06-11 16:30:00,1843.463
2024-06-11 16:45:00,1957.8630000000003
2024-06-11 17:00:00,2027.2747000000002
2024-06-11 17:15:00,1872.0747
2024-06-11 17:30:00,1745.6747
2024-06-11 17:45:00,1604.0747000000001
2024-06-11 18:00:00,1688.315
2024-06-11 18:15:00,1544.3149999999998
2024-06-11 18:30:00,1564.715
2024-06-11 18:45:00,1420.7150000000001
2024-06-11 19:00:00,1648.1999999999998
2024-06-11 19:15:00,1583.4
2024-06-11 19:30:00,1503.6
2024-06-11 19:45:00,1455.8
2024-06-11 20:00:00,1335.6000000000001
2024-06-11 20:15:00,1343.6
2024-06-11 20:30:00,1309.8
2024-06-11 20:45:00,1193.8000000000002
2024-06-11 21:00:00,1152.4
2024-06-11 21:15:00,1223.2
2024-06-11 21:30:00,1120.4
2024-06-11 21:45:00,1156.3999999999999
2024-06-11 22:00:00,1071.8
2024-06-11 22:15:00,971.0
2024-06-11 22:30:00,918.4
2024-06-11 22:45:00,974.1999999999999
2024-06-11 23:00:00,963.6
2024-06-11 23:15:00,1096.1999999999998
2024-06-11 23:30:00,1108.2
2024-06-11 23:45:00,1092.0
2024-06-12 00:00:00,1043.2
2024-06-12 00:15:00,964.8
2024-06-12 00:30:00,793.6
2024-06-12 00:45:00,723.4
2024-06-12 01:00:00,781.4
2024-06-12 01:15:00,829.6
2024-06-12 01:30:00,840.2
2024-06-12 01:45:00,849.1999999999999
2024-06-12 02:00:00,776.1999999999999
2024-06-12 02:15:00,687.4
2024-06-12 02:30:00,703.0
2024-06-12 02:45:00,671.2
2024-06-12 03:00:00,786.8
2024-06-12 03:15:00,745.0
2024-06-12 03:30:00,705.0
2024-06-12 03:45:00,813.1999999999999
2024-06-12 04:00:00,772.1999999999999
2024-06-12 04:15:00,737.4
2024-06-12 04:30:00,688.4000000000001
2024-06-12 04:45:00,660.0
2024-06-12 05:00:00,723.8000000000001
2024-06-12 05:15:00,799.2
2024-06-12 05:30:00,870.4000000000001
2024-06-12 05:45:00,759.4000000000001
2024-06-12 06:00:00,631.6853000000001
2024-06-12 06:15:00,797.6853
2024-06-12 06:30:00,823.6853000000001
2024-06-12 06:45:00,732.0853000000001
2024-06-12 07:00:00,488.9322000000001
2024-06-12 07:15:00,499.1322
2024-06-12 07:30:00,518.3322000000001
2024-06-12 07:45:00,498.3322
2024-06-12 08:00:00,340.67560000000003
2024-06-12 08:15:00,487.8756
2024-06-12 08:30:00,675.8756
2024-06-12 08:45:00,928.4756000000001
2024-06-12 09:00:00,1006.136
2024-06-12 09:15:00,1026.7359999999999
2024-06-12 09:30:00,1067.936
2024-06-12 09:45:00,1190.536
2024-06-12 10:00:00,1050.7974
2024-06-12 10:15:00,1135.1974
2024-06-12 10:30:00,1142.1974
2024-06-12 10:45:00,1149.5974
2024-06-12 11:00:00,1276.7983
2024-06-12 11:15:00,1341.1983
2024-06-12 11:30:00,1415.1983
2024-06-12 11:45:00,1303.7983
2024-06-12 12:00:00,1164.9560000000001
2024-06-12 12:15:00,1111.556
2024-06-12 12:30:00,1059.156
2024-06-12 12:45:00,1105.556
2024-06-12 13:00:00,1244.6643
2024-06-12 13:15:00,1188.4643
2024-06-12 13:30:00,1101.0643
2024-06-12 13:45:00,1142.8643
2024-06-12 14:00:00,1194.8869
2024-06-12 14:15:00,1359.8869
2024-06-12 14:30:00,1383.2869
2024-06-12 14:45:00,1597.2869
2024-06-12 15:00:00,1708.4188000000001
2024-06-12 15:15:00,1736.0187999999998
2024-06-12 15:30:00,1774.8188
2024-06-12 15:45:00,1825.4188
2024-06-12 16:00:00,2082.3727
2024-06-12 16:15:00,1922.1727
2024-06-12 16:30:00,1929.5727000000002
2024-06-12 16:45:00,2159.5727
2024-06-12 17:00:00,2030.0563000000002
2024-06-12 17:15:00,2109.6563
2024-06-12 17:30:00,1925.2563
2024-06-12 17:45:00,1811.6563
2024-06-12 18:00:00,1756.3163
2024-06-12 18:15:00,1701.1163000000001
2024-06-12 18:30:00,1609.7163
2024-06-12 18:45:00,1540.7163
2024-06-12 19:00:00,1575.0
2024-06-12 19:15:00,1577.2
2024-06-12 19:30:00,1530.1999999999998
2024-06-12 19:45:00,1516.2
2024-06-12 20:00:00,1472.4
2024-06-12 20:15:00,1439.1999999999998
2024-06-12 20:30:00,1413.0
2024-06-12 20:45:00,1370.8000000000002
2024-06-12 21:00:00,1356.6
2024-06-12 21:15:00,1196.2
2024-06-12 21:30:00,1174.4
2024-06-12 21:45:00,1179.2
2024-06-12 22:00:00,1100.0
2024-06-12 22:15:00,1052.2
2024-06-12 22:30:00,983.2
2024-06-12 22:45:00,908.8
2024-06-12 23:00:00,922.8
2024-06-12 23:15:00,1485.0
2024-06-12 23:30:00,1552.6
2024-06-12 23:45:00,1404.8
2024-06-13 00:00:00,984.2
2024-06-13 00:15:00,754.8000000000001
2024-06-13 00:30:00,769.4000000000001
2024-06-13 00:45:00,723.0
2024-06-13 01:00:00,646.0
2024-06-13 01:15:00,619.4000000000001
2024-06-13 01:30:00,708.8
2024-06-13 01:45:00,671.4000000000001
2024-06-13 02:00:00,733.8
2024-06-13 02:15:00,661.2
2024-06-13 02:30:00,695.6
2024-06-13 02:45:00,707.2
2024-06-13 03:00:00,703.4
2024-06-13 03:15:00,699.5999999999999
2024-06-13 03:30:00,685.0
2024-06-13 03:45:00,682.0
2024-06-13 04:00:00,687.8
2024-06-13 04:15:00,757.4
2024-06-13 04:30:00,695.2
2024-06-13 04:45:00,661.0
2024-06-13 05:00:00,641.0
2024-06-13 05:15:00,635.2
2024-06-13 05:30:00,620.8
2024-06-13 05:45:00,699.8000000000001
2024-06-13 06:00:00,684.9673
2024-06-13 06:15:00,701.9673
2024-06-13 06:30:00,723.9673
2024-06-13 06:45:00,607.3673
2024-06-13 07:00:00,502.8609
2024-06-13 07:15:00,494.8609
2024-06-13 07:30:00,497.26090000000005
2024-06-13 07:45:00,526.8609
2024-06-13 08:00:00,470.01279999999997
2024-06-13 08:15:00,663.0128
2024-06-13 08:30:00,900.8127999999999
2024-06-13 08:45:00,1247.8128000000002
2024-06-13 09:00:00,1346.2649000000001
2024-06-13 09:15:00,1640.2649
2024-06-13 09:30:00,1771.8649
2024-06-13 09:45:00,1788.2649
2024-06-13 10:00:00,1945.4352
2024-06-13 10:15:00,1886.0351999999998
2024-06-13 10:30:00,2024.6352000000002
2024-06-13 10:45:00,1959.4352
2024-06-13 11:00:00,1907.7459
2024-06-13 11:15:00,1938.3458999999998
2024-06-13 11:30:00,1956.5459
2024-06-13 11:45:00,1973.5459
2024-06-13 12:00:00,1904.4515999999999
2024-06-13 12:15:00,1833.0516
2024-06-13 12:30:00,1859.0516000000002
2024-06-13 12:45:00,1730.6516
2024-06-13 13:00:00,1760.2395
2024-06-13 13:15:00,1760.6395
2024-06-13 13:30:00,1708.6395
2024-06-13 13:45:00,1771.6395
2024-06-13 14:00:00,1950.5235000000002
2024-06-13 14:15:00,2110.5235000000002
2024-06-13 14:30:00,2377.5235000000002
2024-06-13 14:45:00,2366.9235
2024-06-13 15:00:00,2482.267
2024-06-13 15:15:00,2477.6670000000004
2024-06-13 15:30:00,2457.267
2024-06-13 15:45:00,2730.867
2024-06-13 16:00:00,2884.0296
2024-06-13 16:15:00,2727.6296
2024-06-13 16:30:00,2676.0296
2024-06-13 16:45:00,2659.4296
2024-06-13 17:00:00,2791.6391
2024-06-13 17:15:00,2745.6391
2024-06-13 17:30:00,2548.8391
2024-06-13 17:45:00,2447.2391000000002
2024-06-13 18:00:00,2287.7359
2024-06-13 18:15:00,2024.5358999999999
2024-06-13 18:30:00,1904.1359
2024-06-13 18:45:00,1765.7359
2024-06-13 19:00:00,1852.2
2024-06-13 19:15:00,1718.4
2024-06-13 19:30:00,1769.6
2024-06-13 19:45:00,1675.2000000000003
2024-06-13 20:00:00,1617.8000000000002
2024-06-13 20:15:00,1520.4
2024-06-13 20:30:00,1472.6
2024-06-13 20:45:00,1514.9999999999998
2024-06-13 21:00:00,1447.4
2024-06-13 21:15:00,1442.0
2024-06-13 21:30:00,1388.4
2024-06-13 21:45:00,1304.4
2024-06-13 22:00:00,1229.4
2024-06-13 22:15:00,1120.4
2024-06-13 22:30:00,1053.8
2024-06-13 22:45:00,1032.2
2024-06-13 23:00:00,1012.0
2024-06-13 23:15:00,1355.4
2024-06-13 23:30:00,1521.4
2024-06-13 23:45:00,1342.0
2024-06-14 00:00:00,1171.6
2024-06-14 00:15:00,1007.0
2024-06-14 00:30:00,917.4000000000001
2024-06-14 00:45:00,884.5999999999999
2024-06-14 01:00:00,929.2
2024-06-14 01:15:00,879.8
2024-06-14 01:30:00,866.4000000000001
2024-06-14 01:45:00,937.5999999999999
2024-06-14 02:00:00,989.8
2024-06-14 02:15:00,921.3999999999999
2024-06-14 02:30:00,886.5999999999999
2024-06-14 02:45:00,829.8000000000001
2024-06-14 03:00:00,842.5999999999999
2024-06-14 03:15:00,844.0
2024-06-14 03:30:00,856.6000000000001
2024-06-14 03:45:00,877.2
2024-06-14 04:00:00,777.6
2024-06-14 04:15:00,827.4000000000001
2024-06-14 04:30:00,786.2
2024-06-14 04:45:00,746.5999999999999
2024-06-14 05:00:00,798.2
2024-06-14 05:15:00,840.6
2024-06-14 05:30:00,769.1999999999999
2024-06-14 05:45:00,776.0
2024-06-14 06:00:00,657.7923000000001
2024-06-14 06:15:00,937.5923
2024-06-14 06:30:00,1003.5923
2024-06-14 06:45:00,782.1922999999999
2024-06-14 07:00:00,744.5499
2024-06-14 07:15:00,672.9499000000001
2024-06-14 07:30:00,675.9499
2024-06-14 07:45:00,701.7499
2024-06-14 08:00:00,672.103
2024-06-14 08:15:00,877.903
2024-06-14 08:30:00,1188.5030000000002
2024-06-14 08:45:00,1530.103
2024-06-14 09:00:00,1588.4063999999998
2024-06-14 09:15:00,1786.6064000000001
2024-06-14 09:30:00,1937.2064
2024-06-14 09:45:00,2138.6064
2024-06-14 10:00:00,1961.1195
2024-06-14 10:15:00,1951.3195
2024-06-14 10:30:00,1997.5195
2024-06-14 10:45:00,2077.5195
2024-06-14 11:00:00,1842.6983
2024-06-14 11:15:00,1913.8983000000003
2024-06-14 11:30:00,1978.8983000000003
2024-06-14 11:45:00,1907.4983000000002
2024-06-14 12:00:00,1901.6630999999998
2024-06-14 12:15:00,1980.4631
2024-06-14 12:30:00,1936.6630999999998
2024-06-14 12:45:00,1818.6631000000002
2024-06-14 13:00:00,1776.6368
2024-06-14 13:15:00,1713.6368
2024-06-14 13:30:00,1751.0368
2024-06-14 13:45:00,1849.8368
2024-06-14 14:00:00,2061.9491
2024-06-14 14:15:00,2198.3491
2024-06-14 14:30:00,2374.1491000000005
2024-06-14 14:45:00,2336.3491
2024-06-14 15:00:00,2454.7421
2024-06-14 15:15:00,2400.1421
2024-06-14 15:30:00,2079.5421
2024-06-14 15:45:00,2091.5420999999997
2024-06-14 16:00:00,2159.8092
2024-06-14 16:15:00,2041.8092000000001
2024-06-14 16:30:00,2219.2092000000002
2024-06-14 16:45:00,2111.4092
2024-06-14 17:00:00,2418.4943000000003
2024-06-14 17:15:00,2591.8943
2024-06-14 17:30:00,2277.4943
2024-06-14 17:45:00,1982.2943
2024-06-14 18:00:00,2052.1985999999997
2024-06-14 18:15:00,1859.5985999999998
2024-06-14 18:30:00,1720.9986000000001
2024-06-14 18:45:00,1758.1986
2024-06-14 19:00:00,1714.8
2024-06-14 19:15:00,1731.0
2024-06-14 19:30:00,1498.6000000000001
2024-06-14 19:45:00,1491.0
2024-06-14 20:00:00,1445.0
2024-06-14 20:15:00,1390.2
2024-06-14 20:30:00,1348.4
2024-06-14 20:45:00,1455.6000000000001
2024-06-14 21:00:00,1309.4
2024-06-14 21:15:00,1277.4
2024-06-14 21:30:00,1255.4
2024-06-14 21:45:00,1211.0
2024-06-14 22:00:00,1172.4
2024-06-14 22:15:00,1157.0
2024-06-14 22:30:00,1054.3999999999999
2024-06-14 22:45:00,1009.4
2024-06-14 23:00:00,1023.6
2024-06-14 23:15:00,1574.3999999999999
2024-06-14 23:30:00,1543.2
2024-06-14 23:45:00,1334.6
2024-06-15 00:00:00,1085.0
2024-06-15 00:15:00,986.4000000000001
2024-06-15 00:30:00,887.4000000000001
2024-06-15 00:45:00,816.4
2024-06-15 01:00:00,761.4000000000001
2024-06-15 01:15:00,1014.8
2024-06-15 01:30:00,948.4
2024-06-15 01:45:00,936.6
2024-06-15 02:00:00,947.8
2024-06-15 02:15:00,880.8
2024-06-15 02:30:00,918.1999999999999
2024-06-15 02:45:00,982.8
2024-06-15 03:00:00,909.2
2024-06-15 03:15:00,888.0000000000001
2024-06-15 03:30:00,825.4000000000001
2024-06-15 03:45:00,939.8
2024-06-15 04:00:00,946.1999999999999
2024-06-15 04:15:00,1015.4
2024-06-15 04:30:00,875.8
2024-06-15 04:45:00,827.2
2024-06-15 05:00:00,845.0
2024-06-15 05:15:00,907.1999999999999
2024-06-15 05:30:00,871.6
2024-06-15 05:45:00,1156.0
2024-06-15 06:00:00,900.0505999999999
2024-06-15 06:15:00,732.0506
2024-06-15 06:30:00,665.8506
2024-06-15 06:45:00,809.8506
2024-06-15 07:00:00,383.4064
2024-06-15 07:15:00,371.6064
2024-06-15 07:30:00,394.6064
2024-06-15 07:45:00,528.0064
2024-06-15 08:00:00,215.09680000000003
2024-06-15 08:15:00,351.2968
2024-06-15 08:30:00,469.0968
2024-06-15 08:45:00,514.2968000000001
2024-06-15 09:00:00,462.77250000000004
2024-06-15 09:15:00,568.3725000000001
2024-06-15 09:30:00,688.9725000000001
2024-06-15 09:45:00,683.5725000000001
2024-06-15 10:00:00,663.47
2024-06-15 10:15:00,722.47
2024-06-15 10:30:00,724.8699999999999
2024-06-15 10:45:00,728.8699999999999
2024-06-15 11:00:00,638.0899
2024-06-15 11:15:00,598.6899
2024-06-15 11:30:00,626.6899000000001
2024-06-15 11:45:00,603.2899
2024-06-15 12:00:00,800.6331
2024-06-15 12:15:00,718.6331000000002
2024-06-15 12:30:00,694.2331000000001
2024-06-15 12:45:00,735.8331000000002
2024-06-15 13:00:00,930.9065000000002
2024-06-15 13:15:00,932.9065000000002
2024-06-15 13:30:00,859.1065000000002
2024-06-15 13:45:00,945.9065
2024-06-15 14:00:00,1139.7748000000001
2024-06-15 14:15:00,1302.5747999999999
2024-06-15 14:30:00,1277.9748
2024-06-15 14:45:00,1207.3747999999998
2024-06-15 15:00:00,1439.7092000000002
2024-06-15 15:15:00,1431.9092
2024-06-15 15:30:00,1445.3092
2024-06-15 15:45:00,1595.7092
2024-06-15 16:00:00,1781.5962
2024-06-15 16:15:00,1701.1961999999999
2024-06-15 16:30:00,1775.3962000000001
2024-06-15 16:45:00,1997.9962
2024-06-15 17:00:00,2063.8388
2024-06-15 17:15:00,2096.8387999999995
2024-06-15 17:30:00,1983.6388
2024-06-15 17:45:00,1608.2387999999999
2024-06-15 18:00:00,1715.8696999999997
2024-06-15 18:15:00,1524.4697
2024-06-15 18:30:00,1455.0697
2024-06-15 18:45:00,1401.6697
2024-06-15 19:00:00,1356.2
2024-06-15 19:15:00,1367.8
2024-06-15 19:30:00,1259.6
2024-06-15 19:45:00,1190.2
2024-06-15 20:00:00,1142.6
2024-06-15 20:15:00,1105.6
2024-06-15 20:30:00,1156.2
2024-06-15 20:45:00,1036.1999999999998
2024-06-15 21:00:00,1139.6
2024-06-15 21:15:00,1079.3999999999999
2024-06-15 21:30:00,1087.4
2024-06-15 21:45:00,1064.3999999999999
2024-06-15 22:00:00,1029.4
2024-06-15 22:15:00,1018.2
2024-06-15 22:30:00,893.6
2024-06-15 22:45:00,897.0
2024-06-15 23:00:00,883.0
2024-06-15 23:15:00,1264.4
2024-06-15 23:30:00,1231.9999999999998
2024-06-15 23:45:00,1047.8
2024-06-16 00:00:00,912.3999999999999
2024-06-16 00:15:00,1051.0
2024-06-16 00:30:00,937.0
2024-06-16 00:45:00,775.6
2024-06-16 01:00:00,799.8
2024-06-16 01:15:00,710.2
2024-06-16 01:30:00,810.0
2024-06-16 01:45:00,845.4
2024-06-16 02:00:00,835.4
2024-06-16 02:15:00,786.0000000000001
2024-06-16 02:30:00,701.6
2024-06-16 02:45:00,668.0
2024-06-16 03:00:00,645.0
2024-06-16 03:15:00,633.2
2024-06-16 03:30:00,701.0
2024-06-16 03:45:00,763.6
2024-06-16 04:00:00,810.1999999999999
2024-06-16 04:15:00,801.2
2024-06-16 04:30:00,808.8000000000001
2024-06-16 04:45:00,803.3999999999999
2024-06-16 05:00:00,699.4
2024-06-16 05:15:00,707.3999999999999
2024-06-16 05:30:00,616.0
2024-06-16 05:45:00,622.6
2024-06-16 06:00:00,611.9739
2024-06-16 06:15:00,760.7738999999999
2024-06-16 06:30:00,781.5739
2024-06-16 06:45:00,566.3739
2024-06-16 07:00:00,384.6132
2024-06-16 07:15:00,374.21320000000003
2024-06-16 07:30:00,421.2132
2024-06-16 07:45:00,455.21320000000003
2024-06-16 08:00:00,306.4022
2024-06-16 08:15:00,314.0022
2024-06-16 08:30:00,615.6021999999999
2024-06-16 08:45:00,656.2022
2024-06-16 09:00:00,394.51200000000006
2024-06-16 09:15:00,414.51199999999994
2024-06-16 09:30:00,618.312
2024-06-16 09:45:00,632.912
2024-06-16 10:00:00,431.51919999999996
2024-06-16 10:15:00,453.1192
2024-06-16 10:30:00,506.3191999999999
2024-06-16 10:45:00,523.1192
2024-06-16 11:00:00,458.2494
2024-06-16 11:15:00,420.2494
2024-06-16 11:30:00,419.2494
2024-06-16 11:45:00,372.0494
2024-06-16 12:00:00,391.3257
2024-06-16 12:15:00,495.9257
2024-06-16 12:30:00,475.72569999999996
2024-06-16 12:45:00,530.9257
2024-06-16 13:00:00,638.8525999999999
2024-06-16 13:15:00,575.0526
2024-06-16 13:30:00,535.2526
2024-06-16 13:45:00,575.4526000000001
2024-06-16 14:00:00,909.8639000000001
2024-06-16 14:15:00,891.4639
2024-06-16 14:30:00,957.2638999999999
2024-06-16 14:45:00,1022.4639
2024-06-16 15:00:00,1162.9611
2024-06-16 15:15:00,1137.9611
2024-06-16 15:30:00,1129.9611
2024-06-16 15:45:00,1119.1611
2024-06-16 16:00:00,1294.2947
2024-06-16 16:15:00,1255.6947
2024-06-16 16:30:00,1514.2947
2024-06-16 16:45:00,1529.6946999999998
2024-06-16 17:00:00,1443.9849
2024-06-16 17:15:00,1474.7849
2024-06-16 17:30:00,1417.3849
2024-06-16 17:45:00,1273.7849
2024-06-16 18:00:00,1365.9572999999998
2024-06-16 18:15:00,1301.3573000000001
2024-06-16 18:30:00,1239.7573
2024-06-16 18:45:00,1202.3573000000001
2024-06-16 19:00:00,1239.8000000000002
2024-06-16 19:15:00,1218.4
2024-06-16 19:30:00,1427.6
2024-06-16 19:45:00,1416.3999999999999
2024-06-16 20:00:00,1230.8
2024-06-16 20:15:00,1217.4
2024-06-16 20:30:00,1110.0
2024-06-16 20:45:00,1194.8000000000002
2024-06-16 21:00:00,1111.8
2024-06-16 21:15:00,1176.8
2024-06-16 21:30:00,1151.0
2024-06-16 21:45:00,1082.2
2024-06-16 22:00:00,1037.8
2024-06-16 22:15:00,1021.4000000000001
2024-06-16 22:30:00,954.4
2024-06-16 22:45:00,915.8
2024-06-16 23:00:00,879.8
2024-06-16 23:15:00,1459.4
2024-06-16 23:30:00,1368.2
2024-06-16 23:45:00,1138.0
2024-06-17 00:00:00,939.6
2024-06-17 00:15:00,906.3999999999999
2024-06-17 00:30:00,932.5999999999999
2024-06-17 00:45:00,1104.1999999999998
2024-06-17 01:00:00,831.2
2024-06-17 01:15:00,695.8
2024-06-17 01:30:00,639.4000000000001
2024-06-17 01:45:00,614.0
2024-06-17 02:00:00,679.8
2024-06-17 02:15:00,727.6
2024-06-17 02:30:00,862.2
2024-06-17 02:45:00,897.0
2024-06-17 03:00:00,791.5999999999999
2024-06-17 03:15:00,718.2
2024-06-17 03:30:00,726.5999999999999
2024-06-17 03:45:00,725.5999999999999
2024-06-17 04:00:00,669.5999999999999
2024-06-17 04:15:00,630.2
2024-06-17 04:30:00,632.8
2024-06-17 04:45:00,616.2
2024-06-17 05:00:00,658.2
2024-06-17 05:15:00,701.5999999999999
2024-06-17 05:30:00,700.8000000000001
2024-06-17 05:45:00,699.6
2024-06-17 06:00:00,801.0818999999999
2024-06-17 06:15:00,904.0819
2024-06-17 06:30:00,941.6819
2024-06-17 06:45:00,943.8818999999999
2024-06-17 07:00:00,656.0813
2024-06-17 07:15:00,666.0813
2024-06-17 07:30:00,611.6813
2024-06-17 07:45:00,673.6813000000001
2024-06-17 08:00:00,607.9345000000001
2024-06-17 08:15:00,775.7344999999999
2024-06-17 08:30:00,1102.5345
2024-06-17 08:45:00,1315.7345
2024-06-17 09:00:00,1487.7547
2024-06-17 09:15:00,1689.9547
2024-06-17 09:30:00,1847.3546999999999
2024-06-17 09:45:00,1950.1547
2024-06-17 10:00:00,1705.8243000000004
2024-06-17 10:15:00,1695.0243
2024-06-17 10:30:00,1691.2243
2024-06-17 10:45:00,1648.2243
2024-06-17 11:00:00,1390.042
2024-06-17 11:15:00,1381.2420000000002
2024-06-17 11:30:00,1403.442
2024-06-17 11:45:00,1313.642
2024-06-17 12:00:00,1242.7087999999999
2024-06-17 12:15:00,1218.5087999999998
2024-06-17 12:30:00,1148.3088
2024-06-17 12:45:00,1135.3087999999998
2024-06-17 13:00:00,1062.8905
2024-06-17 13:15:00,1012.6904999999999
2024-06-17 13:30:00,1140.2905
2024-06-17 13:45:00,1043.0905
2024-06-17 14:00:00,1186.0708
2024-06-17 14:15:00,1294.2708
2024-06-17 14:30:00,1369.6707999999999
2024-06-17 14:45:00,1384.0708
2024-06-17 15:00:00,1543.6938
2024-06-17 15:15:00,1481.6938
2024-06-17 15:30:00,1601.6938
2024-06-17 15:45:00,1534.4937999999997
2024-06-17 16:00:00,1822.8971000000001
2024-06-17 16:15:00,1734.0971000000002
2024-06-17 16:30:00,1744.4971
2024-06-17 16:45:00,1744.2971000000002
2024-06-17 17:00:00,1830.2385
2024-06-17 17:15:00,1713.4385
2024-06-17 17:30:00,1813.2385000000002
2024-06-17 17:45:00,1706.6385
2024-06-17 18:00:00,1723.9647
2024-06-17 18:15:00,1630.1646999999998
2024-06-17 18:30:00,1518.5647000000001
2024-06-17 18:45:00,1411.5647
2024-06-17 19:00:00,1464.0
2024-06-17 19:15:00,1386.2
2024-06-17 19:30:00,1278.6
2024-06-17 19:45:00,1263.0
2024-06-17 20:00:00,1264.3999999999999
2024-06-17 20:15:00,1242.4
2024-06-17 20:30:00,1205.4
2024-06-17 20:45:00,1272.6
2024-06-17 21:00:00,1162.6
2024-06-17 21:15:00,1116.0
2024-06-17 21:30:00,1129.6000000000001
2024-06-17 21:45:00,1085.8
2024-06-17 22:00:00,1049.8
2024-06-17 22:15:00,988.2
2024-06-17 22:30:00,933.5999999999999
2024-06-17 22:45:00,902.0
2024-06-17 23:00:00,867.0
2024-06-17 23:15:00,1209.3999999999999
2024-06-17 23:30:00,1163.0
2024-06-17 23:45:00,1088.6
2024-06-18 00:00:00,1094.8
2024-06-18 00:15:00,927.2
2024-06-18 00:30:00,823.4
2024-06-18 00:45:00,741.0
2024-06-18 01:00:00,787.2
2024-06-18 01:15:00,916.8
2024-06-18 01:30:00,864.8
2024-06-18 01:45:00,740.8
2024-06-18 02:00:00,798.4000000000001
2024-06-18 02:15:00,739.8
2024-06-18 02:30:00,777.8
2024-06-18 02:45:00,680.6
2024-06-18 03:00:00,748.4000000000001
2024-06-18 03:15:00,708.5999999999999
2024-06-18 03:30:00,646.5999999999999
2024-06-18 03:45:00,709.6000000000001
2024-06-18 04:00:00,691.1999999999999
2024-06-18 04:15:00,727.8
2024-06-18 04:30:00,685.0
2024-06-18 04:45:00,729.4
2024-06-18 05:00:00,726.4
2024-06-18 05:15:00,859.2
2024-06-18 05:30:00,812.1999999999999
2024-06-18 05:45:00,744.8
2024-06-18 06:00:00,760.8824999999999
2024-06-18 06:15:00,806.0825
2024-06-18 06:30:00,890.8825
2024-06-18 06:45:00,835.6825
2024-06-18 07:00:00,716.3190000000001
2024-06-18 07:15:00,676.719
2024-06-18 07:30:00,692.719
2024-06-18 07:45:00,693.1189999999999
2024-06-18 08:00:00,591.9646
2024-06-18 08:15:00,945.1646000000001
2024-06-18 08:30:00,1105.1646
2024-06-18 08:45:00,1180.9646000000002
2024-06-18 09:00:00,1030.5847
2024-06-18 09:15:00,1058.1847
2024-06-18 09:30:00,1083.9847
2024-06-18 09:45:00,1203.7847000000002
2024-06-18 10:00:00,1143.7028
2024-06-18 10:15:00,1196.1028000000001
2024-06-18 10:30:00,1305.1028000000001
2024-06-18 10:45:00,1355.3028
2024-06-18 11:00:00,1243.4879
2024-06-18 11:15:00,1188.8879000000002
2024-06-18 11:30:00,1129.0879
2024-06-18 11:45:00,1128.6879
2024-06-18 12:00:00,973.3485999999999
2024-06-18 12:15:00,933.1485999999999
2024-06-18 12:30:00,976.9486
2024-06-18 12:45:00,998.9485999999999
2024-06-18 13:00:00,1017.5829000000001
2024-06-18 13:15:00,1039.9829
2024-06-18 13:30:00,980.5829000000001
2024-06-18 13:45:00,1018.3829000000001
2024-06-18 14:00:00,1210.0418000000002
2024-06-18 14:15:00,1390.0418
2024-06-18 14:30:00,1438.4418
2024-06-18 14:45:00,1565.0418
2024-06-18 15:00:00,1694.4694
2024-06-18 15:15:00,1760.4694
2024-06-18 15:30:00,1692.0693999999999
2024-06-18 15:45:00,1659.2694000000001
2024-06-18 16:00:00,1789.5569
2024-06-18 16:15:00,1871.1569
2024-06-18 16:30:00,1904.7568999999999
2024-06-18 16:45:00,1920.5569
2024-06-18 17:00:00,1945.4197
2024-06-18 17:15:00,1963.4197
2024-06-18 17:30:00,1814.0197000000003
2024-06-18 17:45:00,1633.4197
2024-06-18 18:00:00,1689.1124
2024-06-18 18:15:00,1603.7124
2024-06-18 18:30:00,1557.1124
2024-06-18 18:45:00,1436.7124
2024-06-18 19:00:00,1506.3999999999999
2024-06-18 19:15:00,1425.6000000000001
2024-06-18 19:30:00,1373.8
2024-06-18 19:45:00,1297.6000000000001
2024-06-18 20:00:00,1317.2000000000003
2024-06-18 20:15:00,1238.6
2024-06-18 20:30:00,1182.3999999999999
2024-06-18 20:45:00,1179.1999999999998
2024-06-18 21:00:00,1150.4
2024-06-18 21:15:00,1157.6000000000001
2024-06-18 21:30:00,1096.6
2024-06-18 21:45:00,1100.2
2024-06-18 22:00:00,1054.2
2024-06-18 22:15:00,1031.2
2024-06-18 22:30:00,983.5999999999999
2024-06-18 22:45:00,948.8
2024-06-18 23:00:00,1000.0
2024-06-18 23:15:00,1266.3999999999999
2024-06-18 23:30:00,1105.6
2024-06-18 23:45:00,1001.4000000000001
2024-06-19 00:00:00,618.4
2024-06-19 00:15:00,577.6
2024-06-19 00:30:00,678.2
2024-06-19 00:45:00,632.2
2024-06-19 01:00:00,564.5999999999999
2024-06-19 01:15:00,689.5999999999999
2024-06-19 01:30:00,766.4000000000001
2024-06-19 01:45:00,680.8
2024-06-19 02:00:00,683.4
2024-06-19 02:15:00,586.0
2024-06-19 02:30:00,557.8
2024-06-19 02:45:00,558.2
2024-06-19 03:00:00,632.0
2024-06-19 03:15:00,638.8
2024-06-19 03:30:00,619.6
2024-06-19 03:45:00,643.2
2024-06-19 04:00:00,583.8
2024-06-19 04:15:00,537.0
2024-06-19 04:30:00,518.8
2024-06-19 04:45:00,609.0
2024-06-19 05:00:00,661.6
2024-06-19 05:15:00,638.2
2024-06-19 05:30:00,693.8
2024-06-19 05:45:00,703.6
2024-06-19 06:00:00,504.00389999999993
2024-06-19 06:15:00,517.8039
2024-06-19 06:30:00,632.2039
2024-06-19 06:45:00,477.2039
2024-06-19 07:00:00,40.51099999999998
2024-06-19 07:15:00,64.51099999999997
2024-06-19 07:30:00,52.31099999999999
2024-06-19 07:45:00,122.71099999999998
2024-06-19 08:00:00,-213.0363
2024-06-19 08:15:00,-105.23629999999997
2024-06-19 08:30:00,101.96369999999996
2024-06-19 08:45:00,251.96370000000002
2024-06-19 09:00:00,-3.5817999999999017
2024-06-19 09:15:00,14.418200000000184
2024-06-19 09:30:00,221.41820000000007
2024-06-19 09:45:00,287.2182000000001
2024-06-19 10:00:00,-28.638100000000122
2024-06-19 10:15:00,-165.2381000000001
2024-06-19 10:30:00,-253.0381000000001
2024-06-19 10:45:00,-255.43810000000002
2024-06-19 11:00:00,449.08349999999996
2024-06-19 11:15:00,405.2835
2024-06-19 11:30:00,418.0835
2024-06-19 11:45:00,435.88349999999997
2024-06-19 12:00:00,392.28870000000006
2024-06-19 12:15:00,278.88870000000003
2024-06-19 12:30:00,233.48870000000005
2024-06-19 12:45:00,163.6887
2024-06-19 13:00:00,157.25650000000002
2024-06-19 13:15:00,96.4565
2024-06-19 13:30:00,86.85650000000001
2024-06-19 13:45:00,162.25649999999996
2024-06-19 14:00:00,475.7794
2024-06-19 14:15:00,517.3794
2024-06-19 14:30:00,483.97940000000006
2024-06-19 14:45:00,506.97939999999994
2024-06-19 15:00:00,736.5521
2024-06-19 15:15:00,805.3521000000001
2024-06-19 15:30:00,820.3521000000001
2024-06-19 15:45:00,771.9521
2024-06-19 16:00:00,953.8873
2024-06-19 16:15:00,945.4872999999999
2024-06-19 16:30:00,972.2873000000001
2024-06-19 16:45:00,916.2873
2024-06-19 17:00:00,1113.7853
2024-06-19 17:15:00,1070.7853
2024-06-19 17:30:00,1025.3853
2024-06-19 17:45:00,1007.3852999999999
2024-06-19 18:00:00,1098.1299999999999
2024-06-19 18:15:00,995.1300000000001
2024-06-19 18:30:00,984.13
2024-06-19 18:45:00,910.53
2024-06-19 19:00:00,950.2
2024-06-19 19:15:00,956.0
2024-06-19 19:30:00,939.6
2024-06-19 19:45:00,875.2
2024-06-19 20:00:00,887.4
2024-06-19 20:15:00,885.8000000000001
2024-06-19 20:30:00,875.8
2024-06-19 20:45:00,825.8
2024-06-19 21:00:00,799.5999999999999
2024-06-19 21:15:00,760.8
2024-06-19 21:30:00,759.0
2024-06-19 21:45:00,809.1999999999999
2024-06-19 22:00:00,683.2
2024-06-19 22:15:00,675.2
2024-06-19 22:30:00,661.2
2024-06-19 22:45:00,636.4
2024-06-19 23:00:00,627.0
2024-06-19 23:15:00,681.0
2024-06-19 23:30:00,755.6000000000001
2024-06-19 23:45:00,834.0
2024-06-20 00:00:00,618.4
2024-06-20 00:15:00,577.6
2024-06-20 00:30:00,678.2
2024-06-20 00:45:00,632.2
2024-06-20 01:00:00,564.5999999999999
2024-06-20 01:15:00,689.5999999999999
2024-06-20 01:30:00,766.4000000000001
2024-06-20 01:45:00,680.8
2024-06-20 02:00:00,683.4
2024-06-20 02:15:00,586.0
2024-06-20 02:30:00,557.8
2024-06-20 02:45:00,558.2
2024-06-20 03:00:00,632.0
2024-06-20 03:15:00,638.8
2024-06-20 03:30:00,619.6
2024-06-20 03:45:00,643.2
2024-06-20 04:00:00,583.8
2024-06-20 04:15:00,537.0
2024-06-20 04:30:00,518.8
2024-06-20 04:45:00,609.0
2024-06-20 05:00:00,661.6
2024-06-20 05:15:00,638.2
2024-06-20 05:30:00,693.8
2024-06-20 05:45:00,703.6
2024-06-20 06:00:00,548.3634999999999
2024-06-20 06:15:00,562.1635
2024-06-20 06:30:00,676.5635
2024-06-20 06:45:00,521.5635
2024-06-20 07:00:00,125.32929999999998
2024-06-20 07:15:00,149.32929999999996
2024-06-20 07:30:00,137.1293
2024-06-20 07:45:00,207.52929999999998
2024-06-20 08:00:00,-98.82900000000002
2024-06-20 08:15:00,8.971000000000032
2024-06-20 08:30:00,216.171
2024-06-20 08:45:00,366.171
2024-06-20 09:00:00,119.14969999999998
2024-06-20 09:15:00,137.14970000000005
2024-06-20 09:30:00,344.14969999999994
2024-06-20 09:45:00,409.9497
2024-06-20 10:00:00,133.85640000000015
2024-06-20 10:15:00,-2.7435999999998764
2024-06-20 10:30:00,-90.54359999999983
2024-06-20 10:45:00,-92.9435999999998
2024-06-20 11:00:00,-56.57420000000013
2024-06-20 11:15:00,-100.37420000000014
2024-06-20 11:30:00,-87.57420000000013
2024-06-20 11:45:00,-69.77420000000012
2024-06-20 12:00:00,-141.31369999999998
2024-06-20 12:15:00,-254.71370000000002
2024-06-20 12:30:00,-300.1137
2024-06-20 12:45:00,-369.9137
2024-06-20 13:00:00,-445.51209999999986
2024-06-20 13:15:00,-506.3120999999999
2024-06-20 13:30:00,-515.9120999999998
2024-06-20 13:45:00,-440.5120999999999
2024-06-20 14:00:00,-91.97770000000014
2024-06-20 14:15:00,-50.37770000000006
2024-06-20 14:30:00,-83.7777000000001
2024-06-20 14:45:00,-60.777700000000124
2024-06-20 15:00:00,265.10710000000006
2024-06-20 15:15:00,333.9071
2024-06-20 15:30:00,348.90710000000007
2024-06-20 15:45:00,300.5071000000001
2024-06-20 16:00:00,623.0912000000001
2024-06-20 16:15:00,614.6912
2024-06-20 16:30:00,641.4912
2024-06-20 16:45:00,585.4912
2024-06-20 17:00:00,932.3878
2024-06-20 17:15:00,889.3878
2024-06-20 17:30:00,843.9878000000001
2024-06-20 17:45:00,825.9878
2024-06-20 18:00:00,1043.2269999999999
2024-06-20 18:15:00,940.2270000000001
2024-06-20 18:30:00,929.227
2024-06-20 18:45:00,855.627
2024-06-20 19:00:00,950.2
2024-06-20 19:15:00,956.0
2024-06-20 19:30:00,939.6
2024-06-20 19:45:00,875.2
2024-06-20 20:00:00,887.4
2024-06-20 20:15:00,885.8000000000001
2024-06-20 20:30:00,875.8
2024-06-20 20:45:00,825.8
2024-06-20 21:00:00,799.5999999999999
2024-06-20 21:15:00,760.8
2024-06-20 21:30:00,759.0
2024-06-20 21:45:00,809.1999999999999
2024-06-20 22:00:00,683.2
2024-06-20 22:15:00,675.2
2024-06-20 22:30:00,661.2
2024-06-20 22:45:00,636.4
2024-06-20 23:00:00,627.0
2024-06-20 23:15:00,681.0
2024-06-20 23:30:00,755.6000000000001
2024-06-20 23:45:00,834.0
2024-06-21 00:00:00,618.4
2024-06-21 00:15:00,577.6
2024-06-21 00:30:00,678.2
2024-06-21 00:45:00,632.2
2024-06-21 01:00:00,564.5999999999999
2024-06-21 01:15:00,689.5999999999999
2024-06-21 01:30:00,766.4000000000001
2024-06-21 01:45:00,680.8
2024-06-21 02:00:00,683.4
2024-06-21 02:15:00,586.0
2024-06-21 02:30:00,557.8
2024-06-21 02:45:00,558.2
2024-06-21 03:00:00,632.0
2024-06-21 03:15:00,638.8
2024-06-21 03:30:00,619.6
2024-06-21 03:45:00,643.2
2024-06-21 04:00:00,583.8
2024-06-21 04:15:00,537.0
2024-06-21 04:30:00,518.8
2024-06-21 04:45:00,609.0
2024-06-21 05:00:00,661.6
2024-06-21 05:15:00,638.2
2024-06-21 05:30:00,693.8
2024-06-21 05:45:00,703.6
2024-06-21 06:00:00,640.4642
2024-06-21 06:15:00,654.2642
2024-06-21 06:30:00,768.6641999999999
2024-06-21 06:45:00,613.6642
2024-06-21 07:00:00,348.1167
2024-06-21 07:15:00,372.1167
2024-06-21 07:30:00,359.9167
2024-06-21 07:45:00,430.3167
2024-06-21 08:00:00,207.62249999999995
2024-06-21 08:15:00,315.4225
2024-06-21 08:30:00,522.6225000000001
2024-06-21 08:45:00,672.6225
2024-06-21 09:00:00,497.0276
2024-06-21 09:15:00,515.0276000000001
2024-06-21 09:30:00,722.0275999999999
2024-06-21 09:45:00,787.8276000000001
2024-06-21 10:00:00,546.3897
2024-06-21 10:15:00,409.78970000000004
2024-06-21 10:30:00,321.9897000000001
2024-06-21 10:45:00,319.5897000000001
2024-06-21 11:00:00,395.727
2024-06-21 11:15:00,351.92699999999996
2024-06-21 11:30:00,364.727
2024-06-21 11:45:00,382.52700000000004
2024-06-21 12:00:00,323.199
2024-06-21 12:15:00,209.79899999999995
2024-06-21 12:30:00,164.399
2024-06-21 12:45:00,94.59899999999999
2024-06-21 13:00:00,168.21610000000004
2024-06-21 13:15:00,107.41610000000003
2024-06-21 13:30:00,97.81610000000003
2024-06-21 13:45:00,173.21609999999998
2024-06-21 14:00:00,495.35949999999997
2024-06-21 14:15:00,536.9595
2024-06-21 14:30:00,503.55950000000007
2024-06-21 14:45:00,526.5595000000001
2024-06-21 15:00:00,763.8686
2024-06-21 15:15:00,832.6686
2024-06-21 15:30:00,847.6686000000001
2024-06-21 15:45:00,799.2686000000001
2024-06-21 16:00:00,972.5138000000001
2024-06-21 16:15:00,964.1138000000001
2024-06-21 16:30:00,990.9138
2024-06-21 16:45:00,934.9138
2024-06-21 17:00:00,1159.0281
2024-06-21 17:15:00,1116.0281
2024-06-21 17:30:00,1070.6281
2024-06-21 17:45:00,1052.6281000000001
2024-06-21 18:00:00,1100.725
2024-06-21 18:15:00,997.725
2024-06-21 18:30:00,986.7249999999999
2024-06-21 18:45:00,913.125
2024-06-21 19:00:00,950.2
2024-06-21 19:15:00,956.0
2024-06-21 19:30:00,939.6
2024-06-21 19:45:00,875.2
2024-06-21 20:00:00,887.4
2024-06-21 20:15:00,885.8000000000001
2024-06-21 20:30:00,875.8
2024-06-21 20:45:00,825.8
2024-06-21 21:00:00,799.5999999999999
2024-06-21 21:15:00,760.8
2024-06-21 21:30:00,759.0
2024-06-21 21:45:00,809.1999999999999
2024-06-21 22:00:00,683.2
2024-06-21 22:15:00,675.2
2024-06-21 22:30:00,661.2
2024-06-21 22:45:00,636.4
2024-06-21 23:00:00,627.0
2024-06-21 23:15:00,681.0
2024-06-21 23:30:00,755.6000000000001
2024-06-21 23:45:00,834.0
2024-06-22 00:00:00,618.4
2024-06-22 00:15:00,577.6
2024-06-22 00:30:00,678.2
2024-06-22 00:45:00,632.2
2024-06-22 01:00:00,564.5999999999999
2024-06-22 01:15:00,689.5999999999999
2024-06-22 01:30:00,766.4000000000001
2024-06-22 01:45:00,680.8
2024-06-22 02:00:00,683.4
2024-06-22 02:15:00,586.0
2024-06-22 02:30:00,557.8
2024-06-22 02:45:00,558.2
2024-06-22 03:00:00,632.0
2024-06-22 03:15:00,638.8
2024-06-22 03:30:00,619.6
2024-06-22 03:45:00,643.2
2024-06-22 04:00:00,583.8
2024-06-22 04:15:00,537.0
2024-06-22 04:30:00,518.8
2024-06-22 04:45:00,609.0
2024-06-22 05:00:00,661.6
2024-06-22 05:15:00,638.2
2024-06-22 05:30:00,693.8
2024-06-22 05:45:00,703.6
2024-06-22 06:00:00,679.0678
2024-06-22 06:15:00,692.8678
2024-06-22 06:30:00,807.2678
2024-06-22 06:45:00,652.2678000000001
2024-06-22 07:00:00,466.1145
2024-06-22 07:15:00,490.1145
2024-06-22 07:30:00,477.9145
2024-06-22 07:45:00,548.3145
2024-06-22 08:00:00,463.31129999999996
2024-06-22 08:15:00,571.1113
2024-06-22 08:30:00,778.3113
2024-06-22 08:45:00,928.3113000000001
2024-06-22 09:00:00,892.0979000000001
2024-06-22 09:15:00,910.0979
2024-06-22 09:30:00,1117.0979
2024-06-22 09:45:00,1182.8979
2024-06-22 10:00:00,1068.6778
2024-06-22 10:15:00,932.0778
2024-06-22 10:30:00,844.2778000000001
2024-06-22 10:45:00,841.8778
2024-06-22 11:00:00,834.1641
2024-06-22 11:15:00,790.3641
2024-06-22 11:30:00,803.1641
2024-06-22 11:45:00,820.9641
2024-06-22 12:00:00,835.2787000000001
2024-06-22 12:15:00,721.8787
2024-06-22 12:30:00,676.4787
2024-06-22 12:45:00,606.6787
2024-06-22 13:00:00,534.1197
2024-06-22 13:15:00,473.3197
2024-06-22 13:30:00,463.7197
2024-06-22 13:45:00,539.1197
2024-06-22 14:00:00,695.9350000000001
2024-06-22 14:15:00,737.535
2024-06-22 14:30:00,704.135
2024-06-22 14:45:00,727.135
2024-06-22 15:00:00,865.5878000000001
2024-06-22 15:15:00,934.3878000000001
2024-06-22 15:30:00,949.3878
2024-06-22 15:45:00,900.9878
2024-06-22 16:00:00,1079.488
2024-06-22 16:15:00,1071.088
2024-06-22 16:30:00,1097.888
2024-06-22 16:45:00,1041.888
2024-06-22 17:00:00,1177.9224
2024-06-22 17:15:00,1134.9224
2024-06-22 17:30:00,1089.5224
2024-06-22 17:45:00,1071.5223999999998
2024-06-22 18:00:00,1121.6702
2024-06-22 18:15:00,1018.6702
2024-06-22 18:30:00,1007.6701999999999
2024-06-22 18:45:00,934.0702
2024-06-22 19:00:00,950.2
2024-06-22 19:15:00,956.0
2024-06-22 19:30:00,939.6
2024-06-22 19:45:00,875.2
2024-06-22 20:00:00,887.4
2024-06-22 20:15:00,885.8000000000001
2024-06-22 20:30:00,875.8
2024-06-22 20:45:00,825.8
2024-06-22 21:00:00,799.5999999999999
2024-06-22 21:15:00,760.8
2024-06-22 21:30:00,759.0
2024-06-22 21:45:00,809.1999999999999
2024-06-22 22:00:00,683.2
2024-06-22 22:15:00,675.2
2024-06-22 22:30:00,661.2
2024-06-22 22:45:00,636.4
2024-06-22 23:00:00,627.0
2024-06-22 23:15:00,681.0
2024-06-22 23:30:00,755.6000000000001
2024-06-22 23:45:00,834.0
2024-06-23 00:00:00,962.8
2024-06-23 00:15:00,958.5999999999999
2024-06-23 00:30:00,828.1999999999999
2024-06-23 00:45:00,791.4
2024-06-23 01:00:00,732.0
2024-06-23 01:15:00,732.4000000000001
2024-06-23 01:30:00,655.8
2024-06-23 01:45:00,648.8
2024-06-23 02:00:00,795.6
2024-06-23 02:15:00,805.2
2024-06-23 02:30:00,773.4000000000001
2024-06-23 02:45:00,742.4
2024-06-23 03:00:00,696.8
2024-06-23 03:15:00,693.1999999999999
2024-06-23 03:30:00,755.5999999999999
2024-06-23 03:45:00,727.4
2024-06-23 04:00:00,698.1999999999999
2024-06-23 04:15:00,645.2
2024-06-23 04:30:00,602.0
2024-06-23 04:45:00,592.6
2024-06-23 05:00:00,714.1999999999999
2024-06-23 05:15:00,607.4
2024-06-23 05:30:00,593.2
2024-06-23 05:45:00,764.6
2024-06-23 06:00:00,819.9200000000001
2024-06-23 06:15:00,723.52
2024-06-23 06:30:00,621.12
2024-06-23 06:45:00,518.32
2024-06-23 07:00:00,257.5167
2024-06-23 07:15:00,267.7167
2024-06-23 07:30:00,296.9167
2024-06-23 07:45:00,367.5167
2024-06-23 08:00:00,143.6529
2024-06-23 08:15:00,341.4529
2024-06-23 08:30:00,308.0529
2024-06-23 08:45:00,501.25290000000007
2024-06-23 09:00:00,277.70610000000005
2024-06-23 09:15:00,221.90610000000004
2024-06-23 09:30:00,232.1061
2024-06-23 09:45:00,381.3061
2024-06-23 10:00:00,231.11060000000003
2024-06-23 10:15:00,234.91059999999996
2024-06-23 10:30:00,116.71059999999997
2024-06-23 10:45:00,137.71060000000003
2024-06-23 11:00:00,-58.405100000000004
2024-06-23 11:15:00,24.394900000000007
2024-06-23 11:30:00,68.39489999999995
2024-06-23 11:45:00,13.394899999999978
2024-06-23 12:00:00,-52.02650000000004
2024-06-23 12:15:00,-70.42650000000009
2024-06-23 12:30:00,33.77349999999993
2024-06-23 12:45:00,-51.62650000000011
2024-06-23 13:00:00,-89.81020000000021
2024-06-23 13:15:00,-252.41020000000015
2024-06-23 13:30:00,-220.01020000000017
2024-06-23 13:45:00,-233.4102000000002
2024-06-23 14:00:00,80.14249999999998
2024-06-23 14:15:00,59.34250000000003
2024-06-23 14:30:00,87.54250000000008
2024-06-23 14:45:00,225.5425
2024-06-23 15:00:00,506.756
2024-06-23 15:15:00,629.356
2024-06-23 15:30:00,660.156
2024-06-23 15:45:00,540.556
2024-06-23 16:00:00,687.5397
2024-06-23 16:15:00,631.5397
2024-06-23 16:30:00,771.7397000000001
2024-06-23 16:45:00,690.9397000000001
2024-06-23 17:00:00,929.7357
2024-06-23 17:15:00,927.9357
2024-06-23 17:30:00,910.7357
2024-06-23 17:45:00,928.3357
2024-06-23 18:00:00,1040.539
2024-06-23 18:15:00,963.1389999999999
2024-06-23 18:30:00,973.3389999999999
2024-06-23 18:45:00,947.739
2024-06-23 19:00:00,1103.6
2024-06-23 19:15:00,1056.2
2024-06-23 19:30:00,1030.6
2024-06-23 19:45:00,1037.0
2024-06-23 20:00:00,1036.8
2024-06-23 20:15:00,994.8
2024-06-23 20:30:00,935.4000000000001
2024-06-23 20:45:00,930.6
2024-06-23 21:00:00,854.8
2024-06-23 21:15:00,816.0
2024-06-23 21:30:00,949.8
2024-06-23 21:45:00,932.5999999999999
2024-06-23 22:00:00,883.2
2024-06-23 22:15:00,860.6000000000001
2024-06-23 22:30:00,807.2
2024-06-23 22:45:00,779.8
2024-06-23 23:00:00,829.4000000000001
2024-06-23 23:15:00,1184.8
2024-06-23 23:30:00,1123.6000000000001
2024-06-23 23:45:00,1045.3999999999999
2024-06-24 00:00:00,1059.8
2024-06-24 00:15:00,837.3999999999999
2024-06-24 00:30:00,942.2
2024-06-24 00:45:00,827.1999999999999
2024-06-24 01:00:00,761.0
2024-06-24 01:15:00,842.4
2024-06-24 01:30:00,774.8
2024-06-24 01:45:00,758.4
2024-06-24 02:00:00,723.0
2024-06-24 02:15:00,683.8
2024-06-24 02:30:00,696.4000000000001
2024-06-24 02:45:00,722.0000000000001
2024-06-24 03:00:00,705.0
2024-06-24 03:15:00,672.0
2024-06-24 03:30:00,752.8000000000001
2024-06-24 03:45:00,729.2
2024-06-24 04:00:00,779.6
2024-06-24 04:15:00,768.8
2024-06-24 04:30:00,759.2
2024-06-24 04:45:00,734.1999999999999
2024-06-24 05:00:00,772.8000000000001
2024-06-24 05:15:00,811.0
2024-06-24 05:30:00,858.2
2024-06-24 05:45:00,771.6
2024-06-24 06:00:00,735.1369
2024-06-24 06:15:00,772.7369
2024-06-24 06:30:00,751.1369
2024-06-24 06:45:00,704.3368999999999
2024-06-24 07:00:00,421.07939999999996
2024-06-24 07:15:00,469.6794
2024-06-24 07:30:00,465.67940000000004
2024-06-24 07:45:00,559.2793999999999
2024-06-24 08:00:00,294.84929999999997
2024-06-24 08:15:00,381.0493
2024-06-24 08:30:00,571.0493
2024-06-24 08:45:00,719.6493
2024-06-24 09:00:00,372.7137
2024-06-24 09:15:00,510.9137
2024-06-24 09:30:00,551.1137000000001
2024-06-24 09:45:00,648.1137000000001
2024-06-24 10:00:00,844.2126000000001
2024-06-24 10:15:00,834.8126
2024-06-24 10:30:00,898.2126000000001
2024-06-24 10:45:00,831.0126
2024-06-24 11:00:00,865.1022
2024-06-24 11:15:00,716.9022000000002
2024-06-24 11:30:00,735.7022000000002
2024-06-24 11:45:00,778.9022000000001
2024-06-24 12:00:00,969.2587999999998
2024-06-24 12:15:00,873.4587999999998
2024-06-24 12:30:00,871.4587999999999
2024-06-24 12:45:00,809.8588
2024-06-24 13:00:00,854.8807999999999
2024-06-24 13:15:00,817.2808
2024-06-24 13:30:00,835.8808
2024-06-24 13:45:00,905.4807999999999
2024-06-24 14:00:00,968.4801
2024-06-24 14:15:00,1047.2801
2024-06-24 14:30:00,1042.6801
2024-06-24 14:45:00,1071.8801
2024-06-24 15:00:00,907.2203
2024-06-24 15:15:00,967.0202999999999
2024-06-24 15:30:00,910.6203
2024-06-24 15:45:00,921.4203
2024-06-24 16:00:00,1171.8253
2024-06-24 16:15:00,1270.0253
2024-06-24 16:30:00,1322.6253
2024-06-24 16:45:00,1275.4252999999999
2024-06-24 17:00:00,1483.4363
2024-06-24 17:15:00,1439.0363
2024-06-24 17:30:00,1374.8363
2024-06-24 17:45:00,1227.0362999999998
2024-06-24 18:00:00,1353.3041
2024-06-24 18:15:00,1255.5040999999999
2024-06-24 18:30:00,1298.1041
2024-06-24 18:45:00,1188.1041
2024-06-24 19:00:00,1227.5835
2024-06-24 19:15:00,1161.1835
2024-06-24 19:30:00,1153.9835
2024-06-24 19:45:00,1104.3835
2024-06-24 20:00:00,1127.0
2024-06-24 20:15:00,1088.8
2024-06-24 20:30:00,1048.6
2024-06-24 20:45:00,1039.3999999999999
2024-06-24 21:00:00,1008.0
2024-06-24 21:15:00,999.6
2024-06-24 21:30:00,957.5999999999999
2024-06-24 21:45:00,961.1999999999999
2024-06-24 22:00:00,940.5999999999999
2024-06-24 22:15:00,908.0
2024-06-24 22:30:00,866.0000000000001
2024-06-24 22:45:00,836.4
2024-06-24 23:00:00,811.8
2024-06-24 23:15:00,1015.0
2024-06-24 23:30:00,985.4000000000001
2024-06-24 23:45:00,1056.8
2024-06-25 00:00:00,941.4
2024-06-25 00:15:00,804.5999999999999
2024-06-25 00:30:00,683.3999999999999
2024-06-25 00:45:00,805.0000000000001
2024-06-25 01:00:00,706.6
2024-06-25 01:15:00,625.8
2024-06-25 01:30:00,587.8
2024-06-25 01:45:00,653.5999999999999
2024-06-25 02:00:00,607.0
2024-06-25 02:15:00,558.6
2024-06-25 02:30:00,658.6
2024-06-25 02:45:00,666.8
2024-06-25 03:00:00,652.2
2024-06-25 03:15:00,723.8000000000001
2024-06-25 03:30:00,654.8
2024-06-25 03:45:00,682.0
2024-06-25 04:00:00,717.6
2024-06-25 04:15:00,730.4
2024-06-25 04:30:00,650.6000000000001
2024-06-25 04:45:00,674.2
2024-06-25 05:00:00,624.4
2024-06-25 05:15:00,588.8
2024-06-25 05:30:00,657.2
2024-06-25 05:45:00,762.0
2024-06-25 06:00:00,650.7744
2024-06-25 06:15:00,629.3743999999999
2024-06-25 06:30:00,645.9744000000001
2024-06-25 06:45:00,605.1744
2024-06-25 07:00:00,398.39029999999997
2024-06-25 07:15:00,447.7903
2024-06-25 07:30:00,485.59029999999996
2024-06-25 07:45:00,540.3903
2024-06-25 08:00:00,336.2038
2024-06-25 08:15:00,377.40380000000005
2024-06-25 08:30:00,552.0038
2024-06-25 08:45:00,580.8038000000001
2024-06-25 09:00:00,575.8802000000001
2024-06-25 09:15:00,738.8802
2024-06-25 09:30:00,896.0802
2024-06-25 09:45:00,943.2802
2024-06-25 10:00:00,812.4906
2024-06-25 10:15:00,1050.6906
2024-06-25 10:30:00,1033.0906
2024-06-25 10:45:00,1029.0906
2024-06-25 11:00:00,818.0503
2024-06-25 11:15:00,757.8503000000001
2024-06-25 11:30:00,741.0503000000001
2024-06-25 11:45:00,737.0503
2024-06-25 12:00:00,674.4074
2024-06-25 12:15:00,686.8074
2024-06-25 12:30:00,654.6074
2024-06-25 12:45:00,720.6074
2024-06-25 13:00:00,594.5817
2024-06-25 13:15:00,609.7817
2024-06-25 13:30:00,512.1817
2024-06-25 13:45:00,582.1817
2024-06-25 14:00:00,681.4997
2024-06-25 14:15:00,788.6997
2024-06-25 14:30:00,911.4997
2024-06-25 14:45:00,981.2997
2024-06-25 15:00:00,1070.9629
2024-06-25 15:15:00,1070.1629
2024-06-25 15:30:00,1120.7629000000002
2024-06-25 15:45:00,1022.9629
2024-06-25 16:00:00,1211.8369
2024-06-25 16:15:00,1355.4369000000002
2024-06-25 16:30:00,1242.4369
2024-06-25 16:45:00,1238.8369
2024-06-25 17:00:00,1322.5412000000001
2024-06-25 17:15:00,1311.1412
2024-06-25 17:30:00,1272.3412
2024-06-25 17:45:00,1218.9412
2024-06-25 18:00:00,1333.7168
2024-06-25 18:15:00,1227.7168
2024-06-25 18:30:00,1188.7168
2024-06-25 18:45:00,1134.3168
2024-06-25 19:00:00,1174.6
2024-06-25 19:15:00,1182.2
2024-06-25 19:30:00,1111.0
2024-06-25 19:45:00,1106.0
2024-06-25 20:00:00,1091.4
2024-06-25 20:15:00,1051.6
2024-06-25 20:30:00,1044.3999999999999
2024-06-25 20:45:00,1003.0
2024-06-25 21:00:00,1044.4
2024-06-25 21:15:00,959.8
2024-06-25 21:30:00,925.8
2024-06-25 21:45:00,928.0
2024-06-25 22:00:00,905.8
2024-06-25 22:15:00,868.4000000000001
2024-06-25 22:30:00,873.4000000000001
2024-06-25 22:45:00,851.1999999999999
2024-06-25 23:00:00,818.2
2024-06-25 23:15:00,1099.0
2024-06-25 23:30:00,1179.8000000000002
2024-06-25 23:45:00,1150.6000000000001
2024-06-26 00:00:00,1118.6
2024-06-26 00:15:00,1000.5999999999999
2024-06-26 00:30:00,848.8
2024-06-26 00:45:00,789.0
2024-06-26 01:00:00,813.5999999999999
2024-06-26 01:15:00,822.6
2024-06-26 01:30:00,687.4
2024-06-26 01:45:00,674.8
2024-06-26 02:00:00,724.6
2024-06-26 02:15:00,695.4000000000001
2024-06-26 02:30:00,657.0000000000001
2024-06-26 02:45:00,635.2
2024-06-26 03:00:00,607.8
2024-06-26 03:15:00,650.0
2024-06-26 03:30:00,667.8
2024-06-26 03:45:00,652.1999999999999
2024-06-26 04:00:00,602.6
2024-06-26 04:15:00,654.0
2024-06-26 04:30:00,626.8000000000001
2024-06-26 04:45:00,690.8
2024-06-26 05:00:00,721.1999999999999
2024-06-26 05:15:00,655.0
2024-06-26 05:30:00,698.4000000000001
2024-06-26 05:45:00,889.2
2024-06-26 06:00:00,669.3749
2024-06-26 06:15:00,690.5749000000001
2024-06-26 06:30:00,677.1748999999999
2024-06-26 06:45:00,525.7749
2024-06-26 07:00:00,261.89680000000004
2024-06-26 07:15:00,265.09680000000003
2024-06-26 07:30:00,277.2968
2024-06-26 07:45:00,269.6968
2024-06-26 08:00:00,-63.256600000000006
2024-06-26 08:15:00,6.543400000000005
2024-06-26 08:30:00,93.74340000000002
2024-06-26 08:45:00,182.5434
2024-06-26 09:00:00,74.80159999999998
2024-06-26 09:15:00,173.6016
2024-06-26 09:30:00,254.00159999999997
2024-06-26 09:45:00,327.4016
2024-06-26 10:00:00,45.3309
2024-06-26 10:15:00,54.530899999999974
2024-06-26 10:30:00,72.1309
2024-06-26 10:45:00,87.53090000000003
2024-06-26 11:00:00,-6.059700000000021
2024-06-26 11:15:00,-19.059699999999992
2024-06-26 11:30:00,-12.459700000000055
2024-06-26 11:45:00,-40.25969999999994
2024-06-26 12:00:00,-271.7782
2024-06-26 12:15:00,-284.37819999999994
2024-06-26 12:30:00,-331.7782
2024-06-26 12:45:00,-318.5782
2024-06-26 13:00:00,-275.9678
2024-06-26 13:15:00,-363.3678
2024-06-26 13:30:00,-364.9678
2024-06-26 13:45:00,-296.1678
2024-06-26 14:00:00,-136.67110000000002
2024-06-26 14:15:00,111.92890000000003
2024-06-26 14:30:00,119.12889999999999
2024-06-26 14:45:00,217.92890000000006
2024-06-26 15:00:00,451.13959999999986
2024-06-26 15:15:00,538.5395999999998
2024-06-26 15:30:00,363.33959999999985
2024-06-26 15:45:00,516.1395999999999
2024-06-26 16:00:00,894.017
2024-06-26 16:15:00,858.4169999999999
2024-06-26 16:30:00,838.017
2024-06-26 16:45:00,861.817
2024-06-26 17:00:00,1131.1792
2024-06-26 17:15:00,1149.7792
2024-06-26 17:30:00,1069.1792
2024-06-26 17:45:00,965.1791999999999
2024-06-26 18:00:00,1206.6835
2024-06-26 18:15:00,1089.8835
2024-06-26 18:30:00,1025.0835
2024-06-26 18:45:00,958.6835
2024-06-26 19:00:00,1121.0
2024-06-26 19:15:00,1085.0
2024-06-26 19:30:00,1086.4
2024-06-26 19:45:00,1070.8000000000002
2024-06-26 20:00:00,1016.4000000000001
2024-06-26 20:15:00,1034.6
2024-06-26 20:30:00,1020.8000000000001
2024-06-26 20:45:00,1003.4
2024-06-26 21:00:00,1002.4000000000001
2024-06-26 21:15:00,983.8
2024-06-26 21:30:00,886.4
2024-06-26 21:45:00,972.6
2024-06-26 22:00:00,919.0
2024-06-26 22:15:00,873.6
2024-06-26 22:30:00,836.8
2024-06-26 22:45:00,773.5999999999999
2024-06-26 23:00:00,907.4000000000001
2024-06-26 23:15:00,918.8000000000001
2024-06-26 23:30:00,851.5999999999999
2024-06-26 23:45:00,914.8000000000001
2024-06-27 00:00:00,761.2
2024-06-27 00:15:00,705.0
2024-06-27 00:30:00,578.2
2024-06-27 00:45:00,566.1999999999999
2024-06-27 01:00:00,666.3999999999999
2024-06-27 01:15:00,649.1999999999999
2024-06-27 01:30:00,628.8
2024-06-27 01:45:00,623.6
2024-06-27 02:00:00,619.0
2024-06-27 02:15:00,692.8000000000001
2024-06-27 02:30:00,794.4
2024-06-27 02:45:00,696.8000000000001
2024-06-27 03:00:00,604.0
2024-06-27 03:15:00,642.4
2024-06-27 03:30:00,642.5999999999999
2024-06-27 03:45:00,593.2
2024-06-27 04:00:00,630.1999999999999
2024-06-27 04:15:00,608.2
2024-06-27 04:30:00,557.0
2024-06-27 04:45:00,536.2
2024-06-27 05:00:00,594.6
2024-06-27 05:15:00,659.8
2024-06-27 05:30:00,641.8000000000001
2024-06-27 05:45:00,668.8
2024-06-27 06:00:00,480.24769999999995
2024-06-27 06:15:00,558.6477
2024-06-27 06:30:00,551.6477
2024-06-27 06:45:00,514.8477
2024-06-27 07:00:00,196.9703
2024-06-27 07:15:00,148.9703
2024-06-27 07:30:00,168.77030000000002
2024-06-27 07:45:00,166.97030000000004
2024-06-27 08:00:00,-223.47390000000001
2024-06-27 08:15:00,-114.67390000000002
2024-06-27 08:30:00,48.526099999999985
2024-06-27 08:45:00,139.92610000000002
2024-06-27 09:00:00,-147.5860999999999
2024-06-27 09:15:00,-123.38609999999989
2024-06-27 09:30:00,-35.18609999999987
2024-06-27 09:45:00,-15.186099999999897
2024-06-27 10:00:00,125.06160000000004
2024-06-27 10:15:00,181.86160000000004
2024-06-27 10:30:00,38.261599999999966
2024-06-27 10:45:00,22.261599999999923
2024-06-27 11:00:00,-174.2580999999999
2024-06-27 11:15:00,-218.65809999999993
2024-06-27 11:30:00,-219.05809999999988
2024-06-27 11:45:00,-174.0580999999999
2024-06-27 12:00:00,-187.7685
2024-06-27 12:15:00,-231.3685
2024-06-27 12:30:00,-239.76850000000005
2024-06-27 12:45:00,-243.9685
2024-06-27 13:00:00,-323.5841999999998
2024-06-27 13:15:00,-384.98419999999976
2024-06-27 13:30:00,-372.38419999999985
2024-06-27 13:45:00,-318.3841999999998
2024-06-27 14:00:00,-33.9537000000001
2024-06-27 14:15:00,279.2462999999999
2024-06-27 14:30:00,419.84630000000004
2024-06-27 14:45:00,413.0463
2024-06-27 15:00:00,636.1817
2024-06-27 15:15:00,544.9817
2024-06-27 15:30:00,576.3816999999999
2024-06-27 15:45:00,620.1816999999999
2024-06-27 16:00:00,874.9498000000002
2024-06-27 16:15:00,894.7498
2024-06-27 16:30:00,941.5498000000001
2024-06-27 16:45:00,903.3498
2024-06-27 17:00:00,1208.6926
2024-06-27 17:15:00,1144.6926
2024-06-27 17:30:00,1205.2926000000002
2024-06-27 17:45:00,1150.2926
2024-06-27 18:00:00,1336.2184
2024-06-27 18:15:00,1288.0184
2024-06-27 18:30:00,1224.4184
2024-06-27 18:45:00,1189.2184
2024-06-27 19:00:00,1319.8000000000002
2024-06-27 19:15:00,1225.8
2024-06-27 19:30:00,1341.3999999999999
2024-06-27 19:45:00,1199.3999999999999
2024-06-27 20:00:00,1173.6
2024-06-27 20:15:00,1114.2
2024-06-27 20:30:00,1123.2
2024-06-27 20:45:00,1081.4
2024-06-27 21:00:00,1086.8
2024-06-27 21:15:00,1048.0
2024-06-27 21:30:00,1043.2
2024-06-27 21:45:00,1070.4
2024-06-27 22:00:00,1021.0
2024-06-27 22:15:00,999.8
2024-06-27 22:30:00,897.2
2024-06-27 22:45:00,866.5999999999999
2024-06-27 23:00:00,927.5999999999999
2024-06-27 23:15:00,1411.0
2024-06-27 23:30:00,1343.8000000000002
2024-06-27 23:45:00,1160.4
2024-06-28 00:00:00,936.5999999999999
2024-06-28 00:15:00,822.8000000000001
2024-06-28 00:30:00,934.2
2024-06-28 00:45:00,990.4
2024-06-28 01:00:00,865.2
2024-06-28 01:15:00,781.4
2024-06-28 01:30:00,797.6
2024-06-28 01:45:00,916.2
2024-06-28 02:00:00,851.8
2024-06-28 02:15:00,748.8
2024-06-28 02:30:00,702.4
2024-06-28 02:45:00,671.0
2024-06-28 03:00:00,752.4000000000001
2024-06-28 03:15:00,644.1999999999999
2024-06-28 03:30:00,710.6
2024-06-28 03:45:00,731.8
2024-06-28 04:00:00,827.4
2024-06-28 04:15:00,785.4
2024-06-28 04:30:00,720.0
2024-06-28 04:45:00,740.4
2024-06-28 05:00:00,775.0000000000001
2024-06-28 05:15:00,743.5999999999999
2024-06-28 05:30:00,847.0
2024-06-28 05:45:00,803.4
2024-06-28 06:00:00,823.8137
2024-06-28 06:15:00,747.8136999999999
2024-06-28 06:30:00,861.6137
2024-06-28 06:45:00,839.6137
2024-06-28 07:00:00,737.0774999999999
2024-06-28 07:15:00,676.6775
2024-06-28 07:30:00,721.0775
2024-06-28 07:45:00,794.6775000000001
2024-06-28 08:00:00,670.6863000000001
2024-06-28 08:15:00,787.0862999999999
2024-06-28 08:30:00,973.6863
2024-06-28 08:45:00,1225.4863
2024-06-28 09:00:00,1161.4558000000002
2024-06-28 09:15:00,1165.0558
2024-06-28 09:30:00,1213.2558000000001
2024-06-28 09:45:00,1367.8558
2024-06-28 10:00:00,1523.4679999999998
2024-06-28 10:15:00,1546.268
2024-06-28 10:30:00,1369.068
2024-06-28 10:45:00,1385.4679999999998
2024-06-28 11:00:00,1374.1269
2024-06-28 11:15:00,1430.7269000000001
2024-06-28 11:30:00,1381.1269
2024-06-28 11:45:00,1454.5269
2024-06-28 12:00:00,1344.6008000000002
2024-06-28 12:15:00,1244.6008000000002
2024-06-28 12:30:00,1329.2008
2024-06-28 12:45:00,1320.4008000000001
2024-06-28 13:00:00,1334.0491000000002
2024-06-28 13:15:00,1310.6491
2024-06-28 13:30:00,1366.2491
2024-06-28 13:45:00,1474.2491
2024-06-28 14:00:00,1534.3333
2024-06-28 14:15:00,1892.7332999999999
2024-06-28 14:30:00,1911.9333
2024-06-28 14:45:00,1915.5333
2024-06-28 15:00:00,1947.5502
2024-06-28 15:15:00,2229.7502
2024-06-28 15:30:00,2089.7502000000004
2024-06-28 15:45:00,1956.9502
2024-06-28 16:00:00,2047.94
2024-06-28 16:15:00,2005.94
2024-06-28 16:30:00,2149.1400000000003
2024-06-28 16:45:00,2181.14
2024-06-28 17:00:00,2353.4927
2024-06-28 17:15:00,2117.4927
2024-06-28 17:30:00,2115.2927
2024-06-28 17:45:00,1817.6927
2024-06-28 18:00:00,1832.6245000000001
2024-06-28 18:15:00,1732.6245
2024-06-28 18:30:00,1611.8245
2024-06-28 18:45:00,1535.0245
2024-06-28 19:00:00,1492.1999999999998
2024-06-28 19:15:00,1403.1999999999998
2024-06-28 19:30:00,1399.8
2024-06-28 19:45:00,1405.8000000000002
2024-06-28 20:00:00,1420.0
2024-06-28 20:15:00,1365.8
2024-06-28 20:30:00,1324.9999999999998
2024-06-28 20:45:00,1220.6
2024-06-28 21:00:00,1243.8000000000002
2024-06-28 21:15:00,1192.2
2024-06-28 21:30:00,1243.6
2024-06-28 21:45:00,1223.6000000000001
2024-06-28 22:00:00,1137.8
2024-06-28 22:15:00,1119.3999999999999
2024-06-28 22:30:00,1086.8
2024-06-28 22:45:00,1055.8
2024-06-28 23:00:00,1069.8
2024-06-28 23:15:00,1480.4
2024-06-28 23:30:00,1435.8
2024-06-28 23:45:00,1351.2
2024-06-29 00:00:00,1134.3999999999999
2024-06-29 00:15:00,946.0
2024-06-29 00:30:00,683.5999999999999
2024-06-29 00:45:00,699.4000000000001
2024-06-29 01:00:00,680.2
2024-06-29 01:15:00,691.8
2024-06-29 01:30:00,714.0
2024-06-29 01:45:00,854.6
2024-06-29 02:00:00,801.8
2024-06-29 02:15:00,701.2
2024-06-29 02:30:00,640.0
2024-06-29 02:45:00,742.3999999999999
2024-06-29 03:00:00,670.0
2024-06-29 03:15:00,663.8000000000001
2024-06-29 03:30:00,739.2
2024-06-29 03:45:00,717.4000000000001
2024-06-29 04:00:00,754.5999999999999
2024-06-29 04:15:00,877.6000000000001
2024-06-29 04:30:00,863.8
2024-06-29 04:45:00,749.8
2024-06-29 05:00:00,686.4
2024-06-29 05:15:00,715.8
2024-06-29 05:30:00,740.2
2024-06-29 05:45:00,691.5999999999999
2024-06-29 06:00:00,635.4709
2024-06-29 06:15:00,615.2709
2024-06-29 06:30:00,698.6709
2024-06-29 06:45:00,624.8708999999999
2024-06-29 07:00:00,464.7229
2024-06-29 07:15:00,444.32290000000006
2024-06-29 07:30:00,448.52290000000005
2024-06-29 07:45:00,458.3229
2024-06-29 08:00:00,392.5942
2024-06-29 08:15:00,415.79420000000005
2024-06-29 08:30:00,460.79419999999993
2024-06-29 08:45:00,689.7942
2024-06-29 09:00:00,746.2706
2024-06-29 09:15:00,598.8706
2024-06-29 09:30:00,790.0706
2024-06-29 09:45:00,840.4705999999999
2024-06-29 10:00:00,808.2025
2024-06-29 10:15:00,822.0025
2024-06-29 10:30:00,835.6025
2024-06-29 10:45:00,784.6025
2024-06-29 11:00:00,690.125
2024-06-29 11:15:00,675.1250000000001
2024-06-29 11:30:00,751.725
2024-06-29 11:45:00,714.125
2024-06-29 12:00:00,747.8353
2024-06-29 12:15:00,710.2353
2024-06-29 12:30:00,741.4353000000001
2024-06-29 12:45:00,743.6353
2024-06-29 13:00:00,765.3433
2024-06-29 13:15:00,754.5432999999999
2024-06-29 13:30:00,749.7433
2024-06-29 13:45:00,819.1433
2024-06-29 14:00:00,819.3595
2024-06-29 14:15:00,916.5595000000001
2024-06-29 14:30:00,905.7595
2024-06-29 14:45:00,923.3595
2024-06-29 15:00:00,1105.5489
2024-06-29 15:15:00,1140.5489
2024-06-29 15:30:00,1116.1489
2024-06-29 15:45:00,1052.7489
2024-06-29 16:00:00,1224.7376
2024-06-29 16:15:00,1286.7376
2024-06-29 16:30:00,1154.7376
2024-06-29 16:45:00,1193.7376
2024-06-29 17:00:00,1344.4056999999998
2024-06-29 17:15:00,1354.0057000000002
2024-06-29 17:30:00,1245.6057
2024-06-29 17:45:00,1213.6057
2024-06-29 18:00:00,1293.0674000000001
2024-06-29 18:15:00,1168.4674
2024-06-29 18:30:00,1152.2674
2024-06-29 18:45:00,1094.0674000000001
2024-06-29 19:00:00,1154.0
2024-06-29 19:15:00,1146.2
2024-06-29 19:30:00,1130.1999999999998
2024-06-29 19:45:00,1082.0
2024-06-29 20:00:00,1028.6
2024-06-29 20:15:00,1048.0
2024-06-29 20:30:00,992.6
2024-06-29 20:45:00,969.6
2024-06-29 21:00:00,945.0
2024-06-29 21:15:00,937.4000000000001
2024-06-29 21:30:00,933.2
2024-06-29 21:45:00,889.4000000000001
2024-06-29 22:00:00,910.2
2024-06-29 22:15:00,875.0
2024-06-29 22:30:00,818.8
2024-06-29 22:45:00,824.6
2024-06-29 23:00:00,833.4
2024-06-29 23:15:00,851.6
2024-06-29 23:30:00,833.8
2024-06-29 23:45:00,1071.0
2024-06-30 00:00:00,857.0
2024-06-30 00:15:00,969.8
2024-06-30 00:30:00,790.8
2024-06-30 00:45:00,700.0
2024-06-30 01:00:00,651.4000000000001
2024-06-30 01:15:00,813.0
2024-06-30 01:30:00,757.4000000000001
2024-06-30 01:45:00,814.2
2024-06-30 02:00:00,745.8
2024-06-30 02:15:00,679.2
2024-06-30 02:30:00,653.6000000000001
2024-06-30 02:45:00,745.4000000000001
2024-06-30 03:00:00,773.4
2024-06-30 03:15:00,763.3999999999999
2024-06-30 03:30:00,672.9999999999999
2024-06-30 03:45:00,713.6000000000001
2024-06-30 04:00:00,825.4
2024-06-30 04:15:00,754.5999999999999
2024-06-30 04:30:00,685.4000000000001
2024-06-30 04:45:00,605.6
2024-06-30 05:00:00,660.6
2024-06-30 05:15:00,727.2
2024-06-30 05:30:00,885.0
2024-06-30 05:45:00,773.2
2024-06-30 06:00:00,724.1639
2024-06-30 06:15:00,674.7638999999999
2024-06-30 06:30:00,821.9639
2024-06-30 06:45:00,968.9639
2024-06-30 07:00:00,557.0552
2024-06-30 07:15:00,524.6552
2024-06-30 07:30:00,437.65520000000004
2024-06-30 07:45:00,523.4552
2024-06-30 08:00:00,366.81550000000004
2024-06-30 08:15:00,370.2154999999999
2024-06-30 08:30:00,414.4155
2024-06-30 08:45:00,437.2155
2024-06-30 09:00:00,308.3246
2024-06-30 09:15:00,375.92459999999994
2024-06-30 09:30:00,492.7245999999999
2024-06-30 09:45:00,484.52459999999996
2024-06-30 10:00:00,360.99750000000006
2024-06-30 10:15:00,398.19750000000005
2024-06-30 10:30:00,462.59749999999997
2024-06-30 10:45:00,486.9975
2024-06-30 11:00:00,292.21549999999996
2024-06-30 11:15:00,281.8155
2024-06-30 11:30:00,242.6155
2024-06-30 11:45:00,252.6155
2024-06-30 12:00:00,231.80630000000002
2024-06-30 12:15:00,260.80629999999996
2024-06-30 12:30:00,249.2063
2024-06-30 12:45:00,241.80630000000002
2024-06-30 13:00:00,248.79360000000003
2024-06-30 13:15:00,262.79359999999997
2024-06-30 13:30:00,276.79359999999997
2024-06-30 13:45:00,249.99359999999996
2024-06-30 14:00:00,340.4677
2024-06-30 14:15:00,392.66769999999997
2024-06-30 14:30:00,469.66769999999997
2024-06-30 14:45:00,469.2677
2024-06-30 15:00:00,628.7616
2024-06-30 15:15:00,798.1616
2024-06-30 15:30:00,822.3616
2024-06-30 15:45:00,923.3616000000001
2024-06-30 16:00:00,1065.9834
2024-06-30 16:15:00,988.7834
2024-06-30 16:30:00,929.1833999999999
2024-06-30 16:45:00,1025.5834
2024-06-30 17:00:00,1173.4569
2024-06-30 17:15:00,1070.4569000000001
2024-06-30 17:30:00,1073.4569
2024-06-30 17:45:00,1045.6569
2024-06-30 18:00:00,1128.7599
2024-06-30 18:15:00,1077.3599000000002
2024-06-30 18:30:00,1026.1599
2024-06-30 18:45:00,995.5599000000001
2024-06-30 19:00:00,1059.2
2024-06-30 19:15:00,1063.8
2024-06-30 19:30:00,1034.8
2024-06-30 19:45:00,1000.0
2024-06-30 20:00:00,1006.1999999999999
2024-06-30 20:15:00,1005.0
2024-06-30 20:30:00,987.6000000000001
2024-06-30 20:45:00,953.1999999999999
2024-06-30 21:00:00,919.2
2024-06-30 21:15:00,902.8000000000001
2024-06-30 21:30:00,882.0
2024-06-30 21:45:00,873.8
2024-06-30 22:00:00,854.8000000000001
2024-06-30 22:15:00,851.1999999999999
2024-06-30 22:30:00,804.2
2024-06-30 22:45:00,767.2
2024-06-30 23:00:00,865.8000000000001
2024-06-30 23:15:00,1163.1999999999998
2024-06-30 23:30:00,1281.6000000000001
2024-06-30 23:45:00,1011.0
2024-07-01 00:00:00,898.4000000000001
2024-07-01 00:15:00,860.8
2024-07-01 00:30:00,809.2
2024-07-01 00:45:00,856.5999999999999
2024-07-01 01:00:00,843.0
2024-07-01 01:15:00,864.0
2024-07-01 01:30:00,775.6
2024-07-01 01:45:00,686.4
2024-07-01 02:00:00,648.4
2024-07-01 02:15:00,666.4
2024-07-01 02:30:00,674.4000000000001
2024-07-01 02:45:00,753.4
2024-07-01 03:00:00,955.2
2024-07-01 03:15:00,870.5999999999999
2024-07-01 03:30:00,793.0
2024-07-01 03:45:00,741.2
2024-07-01 04:00:00,704.4
2024-07-01 04:15:00,867.4000000000001
2024-07-01 04:30:00,809.4
2024-07-01 04:45:00,694.2
2024-07-01 05:00:00,628.5999999999999
2024-07-01 05:15:00,699.6
2024-07-01 05:30:00,746.8
2024-07-01 05:45:00,705.2
2024-07-01 06:00:00,523.9191000000001
2024-07-01 06:15:00,769.3190999999999
2024-07-01 06:30:00,869.7191
2024-07-01 06:45:00,759.1191
2024-07-01 07:00:00,407.93340000000006
2024-07-01 07:15:00,402.73339999999996
2024-07-01 07:30:00,419.5333999999999
2024-07-01 07:45:00,467.5334
2024-07-01 08:00:00,229.39999999999998
2024-07-01 08:15:00,381.20000000000005
2024-07-01 08:30:00,708.6000000000001
2024-07-01 08:45:00,884.8
2024-07-01 09:00:00,833.0626000000002
2024-07-01 09:15:00,811.4626000000001
2024-07-01 09:30:00,781.8626
2024-07-01 09:45:00,759.6626
2024-07-01 10:00:00,738.1504
2024-07-01 10:15:00,695.5504
2024-07-01 10:30:00,651.7504
2024-07-01 10:45:00,688.9504
2024-07-01 11:00:00,558.8571999999999
2024-07-01 11:15:00,504.8572
2024-07-01 11:30:00,494.45720000000006
2024-07-01 11:45:00,541.4572000000001
2024-07-01 12:00:00,417.9638
2024-07-01 12:15:00,428.96380000000005
2024-07-01 12:30:00,541.3638000000001
2024-07-01 12:45:00,525.5638000000001
2024-07-01 13:00:00,403.50930000000005
2024-07-01 13:15:00,405.90930000000003
2024-07-01 13:30:00,360.10929999999996
2024-07-01 13:45:00,387.30929999999995
2024-07-01 14:00:00,695.8445
2024-07-01 14:15:00,842.4445000000003
2024-07-01 14:30:00,1001.2445000000002
2024-07-01 14:45:00,1077.2445
2024-07-01 15:00:00,1236.9566
2024-07-01 15:15:00,1256.9566
2024-07-01 15:30:00,1244.9566
2024-07-01 15:45:00,1372.3566
2024-07-01 16:00:00,1690.6065000000003
2024-07-01 16:15:00,1739.4064999999998
2024-07-01 16:30:00,1847.8065
2024-07-01 16:45:00,1825.6064999999999
2024-07-01 17:00:00,2192.6638
2024-07-01 17:15:00,1936.0638
2024-07-01 17:30:00,1834.0638000000001
2024-07-01 17:45:00,1680.2638000000002
2024-07-01 18:00:00,1811.9671999999998
2024-07-01 18:15:00,1688.1672
2024-07-01 18:30:00,1567.1672
2024-07-01 18:45:00,1473.1672
2024-07-01 19:00:00,1579.0
2024-07-01 19:15:00,1512.8000000000002
2024-07-01 19:30:00,1511.6
2024-07-01 19:45:00,1520.6000000000001
2024-07-01 20:00:00,1434.1999999999998
2024-07-01 20:15:00,1426.2
2024-07-01 20:30:00,1353.2
2024-07-01 20:45:00,1323.0
2024-07-01 21:00:00,1268.4
2024-07-01 21:15:00,1241.0
2024-07-01 21:30:00,1196.8000000000002
2024-07-01 21:45:00,1146.6
2024-07-01 22:00:00,1069.2
2024-07-01 22:15:00,1121.8
2024-07-01 22:30:00,1010.0
2024-07-01 22:45:00,946.0
2024-07-01 23:00:00,969.1999999999999
2024-07-01 23:15:00,1340.2
2024-07-01 23:30:00,1205.8
2024-07-01 23:45:00,1019.1999999999999
2024-07-02 00:00:00,1030.0
2024-07-02 00:15:00,1009.2
2024-07-02 00:30:00,876.2
2024-07-02 00:45:00,828.8
2024-07-02 01:00:00,781.5999999999999
2024-07-02 01:15:00,856.2
2024-07-02 01:30:00,853.4
2024-07-02 01:45:00,789.2
2024-07-02 02:00:00,974.6
2024-07-02 02:15:00,865.6
2024-07-02 02:30:00,902.6000000000001
2024-07-02 02:45:00,754.4
2024-07-02 03:00:00,688.2
2024-07-02 03:15:00,655.0
2024-07-02 03:30:00,689.6
2024-07-02 03:45:00,717.9999999999999
2024-07-02 04:00:00,748.4
2024-07-02 04:15:00,757.4
2024-07-02 04:30:00,731.0
2024-07-02 04:45:00,691.0
2024-07-02 05:00:00,736.6000000000001
2024-07-02 05:15:00,860.8
2024-07-02 05:30:00,906.6
2024-07-02 05:45:00,863.2
2024-07-02 06:00:00,520.2879
2024-07-02 06:15:00,768.4879
2024-07-02 06:30:00,686.6878999999999
2024-07-02 06:45:00,633.6879
2024-07-02 07:00:00,324.81460000000004
2024-07-02 07:15:00,335.41459999999995
2024-07-02 07:30:00,302.2146
2024-07-02 07:45:00,360.6146
2024-07-02 08:00:00,113.96809999999999
2024-07-02 08:15:00,234.96809999999996
2024-07-02 08:30:00,479.1681
2024-07-02 08:45:00,589.9680999999999
2024-07-02 09:00:00,334.83310000000006
2024-07-02 09:15:00,425.83309999999994
2024-07-02 09:30:00,442.03310000000005
2024-07-02 09:45:00,527.8331000000001
2024-07-02 10:00:00,434.3386
2024-07-02 10:15:00,526.5386
2024-07-02 10:30:00,527.9386
2024-07-02 10:45:00,497.5385999999999
2024-07-02 11:00:00,377.6126
2024-07-02 11:15:00,375.0125999999999
2024-07-02 11:30:00,424.01259999999996
2024-07-02 11:45:00,490.0126
2024-07-02 12:00:00,358.3795
2024-07-02 12:15:00,394.7795
2024-07-02 12:30:00,415.1794999999999
2024-07-02 12:45:00,351.97950000000003
2024-07-02 13:00:00,500.50570000000005
2024-07-02 13:15:00,450.5057
2024-07-02 13:30:00,471.90569999999997
2024-07-02 13:45:00,497.7057
2024-07-02 14:00:00,760.8040000000001
2024-07-02 14:15:00,937.8040000000002
2024-07-02 14:30:00,815.2040000000001
2024-07-02 14:45:00,943.2040000000002
2024-07-02 15:00:00,1197.637
2024-07-02 15:15:00,1218.437
2024-07-02 15:30:00,1274.837
2024-07-02 15:45:00,1228.037
2024-07-02 16:00:00,1596.6571000000001
2024-07-02 16:15:00,1751.0570999999998
2024-07-02 16:30:00,1603.6571
2024-07-02 16:45:00,1694.8571000000002
2024-07-02 17:00:00,1848.6879
2024-07-02 17:15:00,1728.8879000000002
2024-07-02 17:30:00,1603.2879
2024-07-02 17:45:00,1500.0879000000002
2024-07-02 18:00:00,1637.8895999999997
2024-07-02 18:15:00,1550.4895999999999
2024-07-02 18:30:00,1505.0895999999998
2024-07-02 18:45:00,1457.4895999999999
2024-07-02 19:00:00,1502.4
2024-07-02 19:15:00,1444.0
2024-07-02 19:30:00,1406.3999999999999
2024-07-02 19:45:00,1364.4
2024-07-02 20:00:00,1293.6
2024-07-02 20:15:00,1306.0
2024-07-02 20:30:00,1281.4
2024-07-02 20:45:00,1244.4
2024-07-02 21:00:00,1213.2
2024-07-02 21:15:00,1202.0
2024-07-02 21:30:00,1157.8
2024-07-02 21:45:00,1136.4
2024-07-02 22:00:00,1053.8
2024-07-02 22:15:00,1047.0
2024-07-02 22:30:00,956.0
2024-07-02 22:45:00,871.2
2024-07-02 23:00:00,887.6
2024-07-02 23:15:00,1290.9999999999998
2024-07-02 23:30:00,1326.0
2024-07-02 23:45:00,1380.2
2024-07-03 00:00:00,1134.6
2024-07-03 00:15:00,920.4
2024-07-03 00:30:00,823.0
2024-07-03 00:45:00,952.0
2024-07-03 01:00:00,955.0000000000001
2024-07-03 01:15:00,926.0
2024-07-03 01:30:00,829.8
2024-07-03 01:45:00,761.0
2024-07-03 02:00:00,754.2
2024-07-03 02:15:00,700.6
2024-07-03 02:30:00,674.4
2024-07-03 02:45:00,703.0
2024-07-03 03:00:00,714.4
2024-07-03 03:15:00,715.5999999999999
2024-07-03 03:30:00,670.8000000000001
2024-07-03 03:45:00,755.0
2024-07-03 04:00:00,695.6
2024-07-03 04:15:00,687.1999999999999
2024-07-03 04:30:00,768.8
2024-07-03 04:45:00,736.8
2024-07-03 05:00:00,752.1999999999999
2024-07-03 05:15:00,861.0
2024-07-03 05:30:00,849.8000000000001
2024-07-03 05:45:00,844.6
2024-07-03 06:00:00,716.6741
2024-07-03 06:15:00,681.0740999999999
2024-07-03 06:30:00,718.4740999999999
2024-07-03 06:45:00,681.4740999999999
2024-07-03 07:00:00,249.8155
2024-07-03 07:15:00,249.01550000000003
2024-07-03 07:30:00,302.0155
2024-07-03 07:45:00,337.8155
2024-07-03 08:00:00,0.5386999999999773
2024-07-03 08:15:00,332.53869999999995
2024-07-03 08:30:00,596.7387000000001
2024-07-03 08:45:00,777.5387000000001
2024-07-03 09:00:00,757.3447000000001
2024-07-03 09:15:00,863.9447000000002
2024-07-03 09:30:00,903.7447000000001
2024-07-03 09:45:00,1002.3447000000001
2024-07-03 10:00:00,884.1311000000001
2024-07-03 10:15:00,956.9311
2024-07-03 10:30:00,1023.9311
2024-07-03 10:45:00,1115.3310999999999
2024-07-03 11:00:00,879.6936000000001
2024-07-03 11:15:00,867.4936
2024-07-03 11:30:00,937.4936000000001
2024-07-03 11:45:00,982.4936
2024-07-03 12:00:00,1042.9965
2024-07-03 12:15:00,1034.9965000000002
2024-07-03 12:30:00,1070.3965
2024-07-03 12:45:00,1013.5965
2024-07-03 13:00:00,1064.96
2024-07-03 13:15:00,1044.56
2024-07-03 13:30:00,1020.5600000000002
2024-07-03 13:45:00,1055.1599999999999
2024-07-03 14:00:00,1277.6432
2024-07-03 14:15:00,1548.8432
2024-07-03 14:30:00,1572.8432
2024-07-03 14:45:00,1256.0432
2024-07-03 15:00:00,1494.0326
2024-07-03 15:15:00,1478.0326000000002
2024-07-03 15:30:00,1689.0326
2024-07-03 15:45:00,1712.2326
2024-07-03 16:00:00,1854.6842000000001
2024-07-03 16:15:00,1900.8842
2024-07-03 16:30:00,1969.4841999999999
2024-07-03 16:45:00,1736.0842000000002
2024-07-03 17:00:00,2192.9334
2024-07-03 17:15:00,2151.9334
2024-07-03 17:30:00,1941.5334
2024-07-03 17:45:00,1855.5334
2024-07-03 18:00:00,2002.0957999999998
2024-07-03 18:15:00,1890.6958
2024-07-03 18:30:00,1797.0957999999998
2024-07-03 18:45:00,1643.2957999999999
2024-07-03 19:00:00,1741.8000000000002
2024-07-03 19:15:00,1665.6000000000001
2024-07-03 19:30:00,1574.0
2024-07-03 19:45:00,1540.8
2024-07-03 20:00:00,1505.8000000000002
2024-07-03 20:15:00,1431.1999999999998
2024-07-03 20:30:00,1394.8
2024-07-03 20:45:00,1320.0
2024-07-03 21:00:00,1276.0
2024-07-03 21:15:00,1234.8
2024-07-03 21:30:00,1202.2
2024-07-03 21:45:00,1246.4
2024-07-03 22:00:00,1207.2
2024-07-03 22:15:00,1132.8
2024-07-03 22:30:00,1070.6
2024-07-03 22:45:00,1042.8
2024-07-03 23:00:00,939.1999999999999
2024-07-03 23:15:00,1366.0
2024-07-03 23:30:00,1503.0
2024-07-03 23:45:00,1351.3999999999999
2024-07-04 00:00:00,1161.6000000000001
2024-07-04 00:15:00,947.2
2024-07-04 00:30:00,775.4
2024-07-04 00:45:00,789.0
2024-07-04 01:00:00,906.8000000000001
2024-07-04 01:15:00,1028.0
2024-07-04 01:30:00,1032.2
2024-07-04 01:45:00,994.2
2024-07-04 02:00:00,989.0
2024-07-04 02:15:00,934.4
2024-07-04 02:30:00,939.6
2024-07-04 02:45:00,897.0
2024-07-04 03:00:00,770.4000000000001
2024-07-04 03:15:00,751.1999999999999
2024-07-04 03:30:00,791.4000000000001
2024-07-04 03:45:00,806.4000000000001
2024-07-04 04:00:00,791.0
2024-07-04 04:15:00,928.6000000000001
2024-07-04 04:30:00,906.4000000000001
2024-07-04 04:45:00,905.2
2024-07-04 05:00:00,807.2
2024-07-04 05:15:00,924.4000000000001
2024-07-04 05:30:00,969.0
2024-07-04 05:45:00,955.4
2024-07-04 06:00:00,800.0449
2024-07-04 06:15:00,828.2449
2024-07-04 06:30:00,726.2448999999999
2024-07-04 06:45:00,689.4449000000001
2024-07-04 07:00:00,521.4402
2024-07-04 07:15:00,570.6402
2024-07-04 07:30:00,580.0401999999999
2024-07-04 07:45:00,665.2402
2024-07-04 08:00:00,388.77049999999997
2024-07-04 08:15:00,548.1705
2024-07-04 08:30:00,891.3705
2024-07-04 08:45:00,1308.5704999999998
2024-07-04 09:00:00,1608.98
2024-07-04 09:15:00,1779.38
2024-07-04 09:30:00,1851.98
2024-07-04 09:45:00,1827.78
2024-07-04 10:00:00,1860.4682
2024-07-04 10:15:00,1853.8682000000001
2024-07-04 10:30:00,1894.0682000000002
2024-07-04 10:45:00,1993.6682
2024-07-04 11:00:00,1736.402
2024-07-04 11:15:00,1711.202
2024-07-04 11:30:00,1736.402
2024-07-04 11:45:00,1699.4020000000003
2024-07-04 12:00:00,1493.8184
2024-07-04 12:15:00,1429.2184000000002
2024-07-04 12:30:00,1485.8184
2024-07-04 12:45:00,1360.8184
2024-07-04 13:00:00,1340.6455999999998
2024-07-04 13:15:00,1336.6456
2024-07-04 13:30:00,1234.8455999999999
2024-07-04 13:45:00,1387.4456
2024-07-04 14:00:00,1806.6877000000002
2024-07-04 14:15:00,2108.4877
2024-07-04 14:30:00,2215.0877
2024-07-04 14:45:00,2384.4877
2024-07-04 15:00:00,2531.8018
2024-07-04 15:15:00,2400.2018
2024-07-04 15:30:00,2358.4017999999996
2024-07-04 15:45:00,2368.4018
2024-07-04 16:00:00,2466.3677
2024-07-04 16:15:00,2742.1677
2024-07-04 16:30:00,2577.9677
2024-07-04 16:45:00,2377.7677
2024-07-04 17:00:00,2651.1951
2024-07-04 17:15:00,2712.3951
2024-07-04 17:30:00,2682.7951
2024-07-04 17:45:00,2262.7951000000003
2024-07-04 18:00:00,2411.1902
2024-07-04 18:15:00,2243.7902
2024-07-04 18:30:00,2161.5901999999996
2024-07-04 18:45:00,2139.5902
2024-07-04 19:00:00,2092.0
2024-07-04 19:15:00,2010.4
2024-07-04 19:30:00,1944.6
2024-07-04 19:45:00,1882.2
2024-07-04 20:00:00,1775.9999999999998
2024-07-04 20:15:00,1711.0
2024-07-04 20:30:00,1684.1999999999998
2024-07-04 20:45:00,1586.8
2024-07-04 21:00:00,1518.2
2024-07-04 21:15:00,1495.1999999999998
2024-07-04 21:30:00,1443.8
2024-07-04 21:45:00,1393.6000000000001
2024-07-04 22:00:00,1307.0
2024-07-04 22:15:00,1227.2
2024-07-04 22:30:00,1169.3999999999999
2024-07-04 22:45:00,1147.6000000000001
2024-07-04 23:00:00,1181.2
2024-07-04 23:15:00,1636.3999999999999
2024-07-04 23:30:00,1514.0
2024-07-04 23:45:00,1487.3999999999999
2024-07-05 00:00:00,1485.0000000000002
2024-07-05 00:15:00,1427.2
2024-07-05 00:30:00,1216.2
2024-07-05 00:45:00,1039.6000000000001
2024-07-05 01:00:00,1249.4
2024-07-05 01:15:00,1325.7999999999997
2024-07-05 01:30:00,1093.8
2024-07-05 01:45:00,1129.6
2024-07-05 02:00:00,1108.3999999999999
2024-07-05 02:15:00,975.4
2024-07-05 02:30:00,951.8
2024-07-05 02:45:00,1154.6
2024-07-05 03:00:00,1041.8
2024-07-05 03:15:00,982.4000000000001
2024-07-05 03:30:00,910.6000000000001
2024-07-05 03:45:00,946.0
2024-07-05 04:00:00,967.2
2024-07-05 04:15:00,930.0
2024-07-05 04:30:00,907.6
2024-07-05 04:45:00,878.0
2024-07-05 05:00:00,827.4
2024-07-05 05:15:00,812.8
2024-07-05 05:30:00,986.4000000000001
2024-07-05 05:45:00,1115.2
2024-07-05 06:00:00,1017.6895000000001
2024-07-05 06:15:00,1018.0895
2024-07-05 06:30:00,1029.2895
2024-07-05 06:45:00,1055.8894999999998
2024-07-05 07:00:00,798.1891
2024-07-05 07:15:00,667.1891
2024-07-05 07:30:00,713.1891
2024-07-05 07:45:00,838.3891
2024-07-05 08:00:00,723.9717
2024-07-05 08:15:00,975.9717
2024-07-05 08:30:00,1319.9717
2024-07-05 08:45:00,1758.9717
2024-07-05 09:00:00,1771.8236
2024-07-05 09:15:00,1919.4236
2024-07-05 09:30:00,2092.2236000000003
2024-07-05 09:45:00,2326.0236
2024-07-05 10:00:00,2118.9358
2024-07-05 10:15:00,2252.5358
2024-07-05 10:30:00,2290.7358
2024-07-05 10:45:00,2304.7358
2024-07-05 11:00:00,1940.5906
2024-07-05 11:15:00,1879.3906
2024-07-05 11:30:00,1900.3906000000002
2024-07-05 11:45:00,1852.3906
2024-07-05 12:00:00,1618.6812000000002
2024-07-05 12:15:00,1570.4812
2024-07-05 12:30:00,1579.4812
2024-07-05 12:45:00,1466.4812000000002
2024-07-05 13:00:00,1500.9186
2024-07-05 13:15:00,1439.7186000000002
2024-07-05 13:30:00,1471.9186
2024-07-05 13:45:00,1450.9186
2024-07-05 14:00:00,1621.9988999999998
2024-07-05 14:15:00,1870.3989
2024-07-05 14:30:00,2053.5989
2024-07-05 14:45:00,2014.9988999999996
2024-07-05 15:00:00,2106.4795000000004
2024-07-05 15:15:00,2258.2795
2024-07-05 15:30:00,2374.2795
2024-07-05 15:45:00,2286.2794999999996
2024-07-05 16:00:00,2749.8052
2024-07-05 16:15:00,2852.8052
2024-07-05 16:30:00,2779.2052
2024-07-05 16:45:00,2653.0052
2024-07-05 17:00:00,2902.9347
2024-07-05 17:15:00,2940.7347
2024-07-05 17:30:00,2775.7347
2024-07-05 17:45:00,2624.7347
2024-07-05 18:00:00,2558.8393
2024-07-05 18:15:00,2417.0393000000004
2024-07-05 18:30:00,2329.6393000000003
2024-07-05 18:45:00,2041.2392999999997
2024-07-05 19:00:00,2105.8602
2024-07-05 19:15:00,2013.8601999999998
2024-07-05 19:30:00,1921.0602
2024-07-05 19:45:00,1842.6601999999998
2024-07-05 20:00:00,1824.0000000000002
2024-07-05 20:15:00,1795.2000000000003
2024-07-05 20:30:00,1707.6
2024-07-05 20:45:00,1712.0
2024-07-05 21:00:00,1593.8000000000002
2024-07-05 21:15:00,1542.6000000000001
2024-07-05 21:30:00,1474.4
2024-07-05 21:45:00,1530.2
2024-07-05 22:00:00,1480.2
2024-07-05 22:15:00,1350.2
2024-07-05 22:30:00,1216.8
2024-07-05 22:45:00,1176.8
2024-07-05 23:00:00,1337.0
2024-07-05 23:15:00,1616.6
2024-07-05 23:30:00,1636.6000000000001
2024-07-05 23:45:00,1506.6
2024-07-06 00:00:00,1436.2
2024-07-06 00:15:00,1434.6
2024-07-06 00:30:00,1262.2
2024-07-06 00:45:00,1377.4
2024-07-06 01:00:00,1262.2
2024-07-06 01:15:00,1112.0
2024-07-06 01:30:00,1069.0
2024-07-06 01:45:00,1099.2
2024-07-06 02:00:00,975.6
2024-07-06 02:15:00,1134.2
2024-07-06 02:30:00,1198.6
2024-07-06 02:45:00,1287.4
2024-07-06 03:00:00,1114.4
2024-07-06 03:15:00,1099.8
2024-07-06 03:30:00,1016.2
2024-07-06 03:45:00,927.5999999999999
2024-07-06 04:00:00,876.0
2024-07-06 04:15:00,953.0
2024-07-06 04:30:00,1099.2
2024-07-06 04:45:00,902.6
2024-07-06 05:00:00,1071.4
2024-07-06 05:15:00,1137.2
2024-07-06 05:30:00,1056.8000000000002
2024-07-06 05:45:00,1048.4
2024-07-06 06:00:00,996.8295
2024-07-06 06:15:00,973.8295
2024-07-06 06:30:00,884.8294999999999
2024-07-06 06:45:00,699.8295
2024-07-06 07:00:00,434.19190000000003
2024-07-06 07:15:00,363.1918999999999
2024-07-06 07:30:00,434.7919
2024-07-06 07:45:00,406.5919
2024-07-06 08:00:00,183.21989999999997
2024-07-06 08:15:00,232.41989999999998
2024-07-06 08:30:00,341.41990000000004
2024-07-06 08:45:00,505.8199
2024-07-06 09:00:00,500.46049999999985
2024-07-06 09:15:00,667.6605
2024-07-06 09:30:00,959.4604999999999
2024-07-06 09:45:00,989.4604999999999
2024-07-06 10:00:00,655.3426
2024-07-06 10:15:00,453.9426000000001
2024-07-06 10:30:00,675.9426
2024-07-06 10:45:00,576.7426000000002
2024-07-06 11:00:00,552.6313
2024-07-06 11:15:00,500.43129999999996
2024-07-06 11:30:00,556.6313
2024-07-06 11:45:00,658.8312999999999
2024-07-06 12:00:00,660.4963
2024-07-06 12:15:00,595.4963000000001
2024-07-06 12:30:00,659.0963
2024-07-06 12:45:00,595.6963000000001
2024-07-06 13:00:00,635.8892
2024-07-06 13:15:00,745.2891999999999
2024-07-06 13:30:00,787.6892
2024-07-06 13:45:00,771.8891999999998
2024-07-06 14:00:00,961.5445
2024-07-06 14:15:00,1070.3445
2024-07-06 14:30:00,1125.1445
2024-07-06 14:45:00,1164.7445
2024-07-06 15:00:00,1282.5486
2024-07-06 15:15:00,1377.1486
2024-07-06 15:30:00,1554.3486000000003
2024-07-06 15:45:00,1616.5486
2024-07-06 16:00:00,1881.6774
2024-07-06 16:15:00,1908.4774000000002
2024-07-06 16:30:00,1844.6774
2024-07-06 16:45:00,1824.0774000000001
2024-07-06 17:00:00,1983.1343
2024-07-06 17:15:00,2011.7343
2024-07-06 17:30:00,1859.3342999999998
2024-07-06 17:45:00,1839.1343
2024-07-06 18:00:00,1885.5860999999998
2024-07-06 18:15:00,1891.1861
2024-07-06 18:30:00,1790.5861
2024-07-06 18:45:00,1708.7861
2024-07-06 19:00:00,1724.4
2024-07-06 19:15:00,1620.0
2024-07-06 19:30:00,1592.0
2024-07-06 19:45:00,1542.6
2024-07-06 20:00:00,1538.6
2024-07-06 20:15:00,1463.2
2024-07-06 20:30:00,1455.0
2024-07-06 20:45:00,1374.2
2024-07-06 21:00:00,1332.1999999999998
2024-07-06 21:15:00,1313.2000000000003
2024-07-06 21:30:00,1256.4
2024-07-06 21:45:00,1234.8
2024-07-06 22:00:00,1300.2
2024-07-06 22:15:00,1235.6
2024-07-06 22:30:00,1108.2
2024-07-06 22:45:00,1103.2
2024-07-06 23:00:00,1285.4
2024-07-06 23:15:00,1709.1999999999998
2024-07-06 23:30:00,1565.1999999999998
2024-07-06 23:45:00,1248.4
2024-07-07 00:00:00,1315.6
2024-07-07 00:15:00,1111.4
2024-07-07 00:30:00,1078.4
2024-07-07 00:45:00,1106.2
2024-07-07 01:00:00,1046.8
2024-07-07 01:15:00,989.6
2024-07-07 01:30:00,1069.6
2024-07-07 01:45:00,991.8
2024-07-07 02:00:00,868.6000000000001
2024-07-07 02:15:00,915.0
2024-07-07 02:30:00,942.6
2024-07-07 02:45:00,981.4
2024-07-07 03:00:00,953.2
2024-07-07 03:15:00,869.0
2024-07-07 03:30:00,965.2
2024-07-07 03:45:00,1059.0
2024-07-07 04:00:00,913.6
2024-07-07 04:15:00,1025.4
2024-07-07 04:30:00,975.5999999999999
2024-07-07 04:45:00,945.8
2024-07-07 05:00:00,872.2
2024-07-07 05:15:00,1021.4
2024-07-07 05:30:00,983.8000000000001
2024-07-07 05:45:00,886.4
2024-07-07 06:00:00,718.8210000000001
2024-07-07 06:15:00,685.6210000000001
2024-07-07 06:30:00,671.8210000000001
2024-07-07 06:45:00,873.021
2024-07-07 07:00:00,469.41490000000005
2024-07-07 07:15:00,336.4149
2024-07-07 07:30:00,315.61490000000003
2024-07-07 07:45:00,470.4149
2024-07-07 08:00:00,216.86330000000004
2024-07-07 08:15:00,86.66330000000002
2024-07-07 08:30:00,177.06330000000003
2024-07-07 08:45:00,295.26329999999996
2024-07-07 09:00:00,45.76520000000002
2024-07-07 09:15:00,106.96520000000004
2024-07-07 09:30:00,185.9652
2024-07-07 09:45:00,375.56519999999995
2024-07-07 10:00:00,120.02500000000003
2024-07-07 10:15:00,274.02500000000003
2024-07-07 10:30:00,89.42499999999998
2024-07-07 10:45:00,187.22500000000002
2024-07-07 11:00:00,-14.541999999999803
2024-07-07 11:15:00,-11.941999999999865
2024-07-07 11:30:00,20.45800000000014
2024-07-07 11:45:00,-28.54199999999983
2024-07-07 12:00:00,-17.532499999999885
2024-07-07 12:15:00,-57.132499999999894
2024-07-07 12:30:00,13.867500000000035
2024-07-07 12:45:00,-85.33249999999987
2024-07-07 13:00:00,-1.7381999999999493
2024-07-07 13:15:00,148.86180000000007
2024-07-07 13:30:00,251.86180000000002
2024-07-07 13:45:00,272.26180000000016
2024-07-07 14:00:00,469.61779999999993
2024-07-07 14:15:00,829.0178000000001
2024-07-07 14:30:00,871.8178
2024-07-07 14:45:00,910.0178
2024-07-07 15:00:00,978.5912000000001
2024-07-07 15:15:00,1097.7912000000001
2024-07-07 15:30:00,1092.9912
2024-07-07 15:45:00,1120.9912
2024-07-07 16:00:00,1457.6696
2024-07-07 16:15:00,1356.8696000000002
2024-07-07 16:30:00,1357.6696
2024-07-07 16:45:00,1411.8696
2024-07-07 17:00:00,1732.6507
2024-07-07 17:15:00,1631.0507
2024-07-07 17:30:00,1507.2507
2024-07-07 17:45:00,1667.0507
2024-07-07 18:00:00,2002.7403000000002
2024-07-07 18:15:00,1703.1403
2024-07-07 18:30:00,1650.7403000000002
2024-07-07 18:45:00,1563.3403
2024-07-07 19:00:00,1791.4
2024-07-07 19:15:00,1599.4
2024-07-07 19:30:00,1533.2
2024-07-07 19:45:00,1430.6
2024-07-07 20:00:00,1402.6000000000001
2024-07-07 20:15:00,1409.2
2024-07-07 20:30:00,1420.0
2024-07-07 20:45:00,1352.8000000000002
2024-07-07 21:00:00,1319.4
2024-07-07 21:15:00,1282.0
2024-07-07 21:30:00,1251.2
2024-07-07 21:45:00,1231.6
2024-07-07 22:00:00,1333.1999999999998
2024-07-07 22:15:00,1206.2
2024-07-07 22:30:00,1104.8
2024-07-07 22:45:00,1147.0
2024-07-07 23:00:00,1292.0000000000002
2024-07-07 23:15:00,1886.1999999999998
2024-07-07 23:30:00,1672.0
2024-07-07 23:45:00,1375.1999999999998
2024-07-08 00:00:00,1290.0
2024-07-08 00:15:00,1173.6000000000001
2024-07-08 00:30:00,1159.6
2024-07-08 00:45:00,1336.0
2024-07-08 01:00:00,1370.6
2024-07-08 01:15:00,1308.0
2024-07-08 01:30:00,1098.0
2024-07-08 01:45:00,1070.2
2024-07-08 02:00:00,1140.2
2024-07-08 02:15:00,1223.2
2024-07-08 02:30:00,1243.0
2024-07-08 02:45:00,1125.4
2024-07-08 03:00:00,1167.6000000000001
2024-07-08 03:15:00,1085.3999999999999
2024-07-08 03:30:00,1058.3999999999999
2024-07-08 03:45:00,970.8
2024-07-08 04:00:00,1098.6000000000001
2024-07-08 04:15:00,1174.6
2024-07-08 04:30:00,1141.3999999999999
2024-07-08 04:45:00,1026.8
2024-07-08 05:00:00,1000.5999999999999
2024-07-08 05:15:00,1028.8000000000002
2024-07-08 05:30:00,1187.8
2024-07-08 05:45:00,1072.8000000000002
2024-07-08 06:00:00,934.1587999999999
2024-07-08 06:15:00,1036.5588
2024-07-08 06:30:00,939.9587999999999
2024-07-08 06:45:00,1002.5588
2024-07-08 07:00:00,675.1297000000001
2024-07-08 07:15:00,613.5297
2024-07-08 07:30:00,706.1297
2024-07-08 07:45:00,871.3297
2024-07-08 08:00:00,927.2144999999999
2024-07-08 08:15:00,1195.0145
2024-07-08 08:30:00,1987.8145
2024-07-08 08:45:00,2495.0145
2024-07-08 09:00:00,2393.6764000000003
2024-07-08 09:15:00,2517.2763999999997
2024-07-08 09:30:00,2746.8764
2024-07-08 09:45:00,2837.8764
2024-07-08 10:00:00,2850.6661000000004
2024-07-08 10:15:00,2913.6661000000004
2024-07-08 10:30:00,2806.8661
2024-07-08 10:45:00,2839.8661
2024-07-08 11:00:00,2560.5752
2024-07-08 11:15:00,2561.3752
2024-07-08 11:30:00,2658.1752
2024-07-08 11:45:00,2622.5752
2024-07-08 12:00:00,2611.1346
2024-07-08 12:15:00,2304.1346
2024-07-08 12:30:00,2306.1346000000003
2024-07-08 12:45:00,2219.7346000000002
2024-07-08 13:00:00,2490.3468
2024-07-08 13:15:00,2490.3468000000003
2024-07-08 13:30:00,2516.1468
2024-07-08 13:45:00,2610.1468
2024-07-08 14:00:00,2749.4426
2024-07-08 14:15:00,2828.2426
2024-07-08 14:30:00,3052.2426
2024-07-08 14:45:00,2098.2426
2024-07-08 15:00:00,3175.1549999999997
2024-07-08 15:15:00,3005.755
2024-07-08 15:30:00,3135.155
2024-07-08 15:45:00,3381.3550000000005
2024-07-08 16:00:00,3576.9700000000003
2024-07-08 16:15:00,2568.57
2024-07-08 16:30:00,2866.7700000000004
2024-07-08 16:45:00,2884.37
2024-07-08 17:00:00,3429.1985999999997
2024-07-08 17:15:00,3408.7986
2024-07-08 17:30:00,3287.1985999999997
2024-07-08 17:45:00,2973.9986000000004
2024-07-08 18:00:00,3070.4039
2024-07-08 18:15:00,2889.4039
2024-07-08 18:30:00,2707.2039
2024-07-08 18:45:00,2509.0039
2024-07-08 19:00:00,2519.2
2024-07-08 19:15:00,2505.4
2024-07-08 19:30:00,2406.2
2024-07-08 19:45:00,2234.3999999999996
2024-07-08 20:00:00,2153.8
2024-07-08 20:15:00,2082.0
2024-07-08 20:30:00,1977.6
2024-07-08 20:45:00,1920.0
2024-07-08 21:00:00,1529.2
2024-07-08 21:15:00,1502.6000000000001
2024-07-08 21:30:00,1560.1999999999998
2024-07-08 21:45:00,1527.6000000000001
2024-07-08 22:00:00,1449.2
2024-07-08 22:15:00,1380.1999999999998
2024-07-08 22:30:00,1237.4
2024-07-08 22:45:00,1150.0
2024-07-08 23:00:00,1233.3999999999999
2024-07-08 23:15:00,1378.8
2024-07-08 23:30:00,1077.6
2024-07-08 23:45:00,982.5999999999999
2024-07-09 00:00:00,940.6000000000001
2024-07-09 00:15:00,867.5999999999999
2024-07-09 00:30:00,753.2
2024-07-09 00:45:00,734.8000000000001
2024-07-09 01:00:00,914.8
2024-07-09 01:15:00,893.0
2024-07-09 01:30:00,969.4
2024-07-09 01:45:00,843.2
2024-07-09 02:00:00,841.4000000000001
2024-07-09 02:15:00,718.8000000000001
2024-07-09 02:30:00,829.0
2024-07-09 02:45:00,924.0
2024-07-09 03:00:00,959.0000000000001
2024-07-09 03:15:00,984.8
2024-07-09 03:30:00,1052.2
2024-07-09 03:45:00,978.8000000000001
2024-07-09 04:00:00,942.0
2024-07-09 04:15:00,968.2
2024-07-09 04:30:00,870.8
2024-07-09 04:45:00,905.8
2024-07-09 05:00:00,903.8000000000001
2024-07-09 05:15:00,881.1999999999999
2024-07-09 05:30:00,1032.6000000000001
2024-07-09 05:45:00,1137.6000000000001
2024-07-09 06:00:00,925.1386
2024-07-09 06:15:00,857.1386
2024-07-09 06:30:00,813.5386000000001
2024-07-09 06:45:00,807.3386
2024-07-09 07:00:00,368.04740000000004
2024-07-09 07:15:00,430.0474
2024-07-09 07:30:00,485.64740000000006
2024-07-09 07:45:00,607.2474
2024-07-09 08:00:00,456.3177
2024-07-09 08:15:00,685.7177
2024-07-09 08:30:00,1256.1177
2024-07-09 08:45:00,1903.7177000000001
2024-07-09 09:00:00,2079.8749
2024-07-09 09:15:00,2387.8749
2024-07-09 09:30:00,2412.4749
2024-07-09 09:45:00,2608.6749
2024-07-09 10:00:00,2442.7902
2024-07-09 10:15:00,2521.1902
2024-07-09 10:30:00,1626.9902
2024-07-09 10:45:00,2001.3901999999998
2024-07-09 11:00:00,3070.8865000000005
2024-07-09 11:15:00,3152.6865
2024-07-09 11:30:00,3149.6865
2024-07-09 11:45:00,3106.8865
2024-07-09 12:00:00,3159.5589
2024-07-09 12:15:00,2994.5589
2024-07-09 12:30:00,3029.7589000000003
2024-07-09 12:45:00,2930.7589
2024-07-09 13:00:00,2919.5416
2024-07-09 13:15:00,2663.3415999999997
2024-07-09 13:30:00,2666.1416
2024-07-09 13:45:00,2823.5416
2024-07-09 14:00:00,2928.4991
2024-07-09 14:15:00,3222.8991
2024-07-09 14:30:00,3190.4991
2024-07-09 14:45:00,3133.4991
2024-07-09 15:00:00,3494.6467000000002
2024-07-09 15:15:00,3386.8467
2024-07-09 15:30:00,3454.6467000000002
2024-07-09 15:45:00,3596.2467
2024-07-09 16:00:00,3743.3077000000003
2024-07-09 16:15:00,3848.5077
2024-07-09 16:30:00,3765.9077000000007
2024-07-09 16:45:00,3685.1077000000005
2024-07-09 17:00:00,3900.0612
2024-07-09 17:15:00,3708.0612
2024-07-09 17:30:00,3331.8612000000003
2024-07-09 17:45:00,3189.8612
2024-07-09 18:00:00,3237.0192
2024-07-09 18:15:00,3004.6191999999996
2024-07-09 18:30:00,2914.4192
2024-07-09 18:45:00,2670.0192
2024-07-09 19:00:00,2576.4
2024-07-09 19:15:00,2648.3999999999996
2024-07-09 19:30:00,2461.8
2024-07-09 19:45:00,2369.4
2024-07-09 20:00:00,2301.2
2024-07-09 20:15:00,2229.3999999999996
2024-07-09 20:30:00,2240.0
2024-07-09 20:45:00,2098.4
2024-07-09 21:00:00,1948.2
2024-07-09 21:15:00,1859.6
2024-07-09 21:30:00,1825.8
2024-07-09 21:45:00,1600.6000000000001
2024-07-09 22:00:00,1460.4
2024-07-09 22:15:00,1413.4
2024-07-09 22:30:00,1197.6
2024-07-09 22:45:00,1187.2
2024-07-09 23:00:00,1349.3999999999999
2024-07-09 23:15:00,1827.0
2024-07-09 23:30:00,1770.8000000000002
2024-07-09 23:45:00,1540.8
2024-07-10 00:00:00,1450.8
2024-07-10 00:15:00,1556.3999999999999
2024-07-10 00:30:00,1255.8
2024-07-10 00:45:00,1178.6000000000001
2024-07-10 01:00:00,1099.8
2024-07-10 01:15:00,1038.8
2024-07-10 01:30:00,1057.8
2024-07-10 01:45:00,992.0
2024-07-10 02:00:00,918.4
2024-07-10 02:15:00,800.4
2024-07-10 02:30:00,949.6
2024-07-10 02:45:00,874.0
2024-07-10 03:00:00,820.2
2024-07-10 03:15:00,918.6
2024-07-10 03:30:00,857.2
2024-07-10 03:45:00,832.2
2024-07-10 04:00:00,738.6
2024-07-10 04:15:00,779.4000000000001
2024-07-10 04:30:00,1041.8
2024-07-10 04:45:00,1178.0
2024-07-10 05:00:00,1081.8
2024-07-10 05:15:00,911.6
2024-07-10 05:30:00,1047.8
2024-07-10 05:45:00,1109.0
2024-07-10 06:00:00,964.6300999999999
2024-07-10 06:15:00,875.6300999999999
2024-07-10 06:30:00,911.0301000000001
2024-07-10 06:45:00,920.2301
2024-07-10 07:00:00,643.7854
2024-07-10 07:15:00,657.1854
2024-07-10 07:30:00,838.3854000000001
2024-07-10 07:45:00,879.7854
2024-07-10 08:00:00,994.3794
2024-07-10 08:15:00,1365.7794
2024-07-10 08:30:00,1838.3794
2024-07-10 08:45:00,2245.9794
2024-07-10 09:00:00,2301.3334
2024-07-10 09:15:00,2697.7334
2024-07-10 09:30:00,2973.3334000000004
2024-07-10 09:45:00,2991.1333999999997
2024-07-10 10:00:00,2873.2844999999998
2024-07-10 10:15:00,2779.8844999999997
2024-07-10 10:30:00,2839.0844999999995
2024-07-10 10:45:00,2923.0845
2024-07-10 11:00:00,2974.0239
2024-07-10 11:15:00,2738.4239
2024-07-10 11:30:00,2666.4239
2024-07-10 11:45:00,2740.2239
2024-07-10 12:00:00,2791.9981
2024-07-10 12:15:00,2774.3981000000003
2024-07-10 12:30:00,2791.3981000000003
2024-07-10 12:45:00,2562.3981
2024-07-10 13:00:00,2556.4191
2024-07-10 13:15:00,2477.8191
2024-07-10 13:30:00,2475.0191000000004
2024-07-10 13:45:00,2544.8191
2024-07-10 14:00:00,2958.6443
2024-07-10 14:15:00,3054.6443000000004
2024-07-10 14:30:00,3157.2442999999994
2024-07-10 14:45:00,3235.0443
2024-07-10 15:00:00,3519.2054
2024-07-10 15:15:00,3505.6054
2024-07-10 15:30:00,3751.6054
2024-07-10 15:45:00,3579.6053999999995
2024-07-10 16:00:00,3478.9602999999997
2024-07-10 16:15:00,3803.3603
2024-07-10 16:30:00,3655.9602999999997
2024-07-10 16:45:00,3558.3603000000003
2024-07-10 17:00:00,3658.1894
2024-07-10 17:15:00,3477.9894000000004
2024-07-10 17:30:00,3266.9894000000004
2024-07-10 17:45:00,3089.3894
2024-07-10 18:00:00,3175.5714999999996
2024-07-10 18:15:00,2908.7715
2024-07-10 18:30:00,2835.5714999999996
2024-07-10 18:45:00,2604.3715
2024-07-10 19:00:00,2663.8
2024-07-10 19:15:00,2572.6
2024-07-10 19:30:00,2398.2
2024-07-10 19:45:00,2339.8
2024-07-10 20:00:00,2215.6
2024-07-10 20:15:00,2104.0
2024-07-10 20:30:00,2033.2
2024-07-10 20:45:00,1880.4
2024-07-10 21:00:00,1744.6
2024-07-10 21:15:00,1730.0
2024-07-10 21:30:00,1623.0
2024-07-10 21:45:00,1529.0
2024-07-10 22:00:00,1457.6
2024-07-10 22:15:00,1365.6
2024-07-10 22:30:00,1253.4
2024-07-10 22:45:00,1299.9999999999998
2024-07-10 23:00:00,1213.2
2024-07-10 23:15:00,1501.6
2024-07-10 23:30:00,1454.8
2024-07-10 23:45:00,1199.6
2024-07-11 00:00:00,1104.8
2024-07-11 00:15:00,1067.8
2024-07-11 00:30:00,1168.6000000000001
2024-07-11 00:45:00,1298.0
2024-07-11 01:00:00,1361.1999999999998
2024-07-11 01:15:00,1389.8000000000002
2024-07-11 01:30:00,1270.8
2024-07-11 01:45:00,998.5999999999999
2024-07-11 02:00:00,1053.0
2024-07-11 02:15:00,950.6
2024-07-11 02:30:00,945.4
2024-07-11 02:45:00,1036.0
2024-07-11 03:00:00,918.6
2024-07-11 03:15:00,1172.6
2024-07-11 03:30:00,1103.4
2024-07-11 03:45:00,985.5999999999999
2024-07-11 04:00:00,911.4
2024-07-11 04:15:00,874.8
2024-07-11 04:30:00,837.2
2024-07-11 04:45:00,869.0
2024-07-11 05:00:00,862.9999999999999
2024-07-11 05:15:00,841.6
2024-07-11 05:30:00,898.8
2024-07-11 05:45:00,1160.0
2024-07-11 06:00:00,1006.7349
2024-07-11 06:15:00,1055.9349
2024-07-11 06:30:00,857.1349
2024-07-11 06:45:00,837.7349000000002
2024-07-11 07:00:00,615.199
2024-07-11 07:15:00,735.999
2024-07-11 07:30:00,731.1990000000001
2024-07-11 07:45:00,684.5989999999999
2024-07-11 08:00:00,535.1285000000001
2024-07-11 08:15:00,1103.9285000000002
2024-07-11 08:30:00,1625.9285000000002
2024-07-11 08:45:00,1834.7285000000002
2024-07-11 09:00:00,1830.412
2024-07-11 09:15:00,2030.412
2024-07-11 09:30:00,2211.012
2024-07-11 09:45:00,2304.4120000000003
2024-07-11 10:00:00,2267.6742
2024-07-11 10:15:00,2436.4741999999997
2024-07-11 10:30:00,2359.0742
2024-07-11 10:45:00,2362.0742
2024-07-11 11:00:00,2737.8194000000003
2024-07-11 11:15:00,2808.2194
2024-07-11 11:30:00,2709.6193999999996
2024-07-11 11:45:00,2615.0194
2024-07-11 12:00:00,2554.4467
2024-07-11 12:15:00,2609.2467
2024-07-11 12:30:00,2559.6467
2024-07-11 12:45:00,2539.2466999999997
2024-07-11 13:00:00,2429.3949000000002
2024-07-11 13:15:00,2457.9949
2024-07-11 13:30:00,2381.7949
2024-07-11 13:45:00,2511.7949
2024-07-11 14:00:00,2654.4071
2024-07-11 14:15:00,2937.0071
2024-07-11 14:30:00,3014.8071
2024-07-11 14:45:00,3037.4071
2024-07-11 15:00:00,3188.5441
2024-07-11 15:15:00,3283.5441
2024-07-11 15:30:00,3200.7441
2024-07-11 15:45:00,3101.5441
2024-07-11 16:00:00,3283.8013999999994
2024-07-11 16:15:00,3244.4013999999997
2024-07-11 16:30:00,3513.0014
2024-07-11 16:45:00,3568.8014000000003
2024-07-11 17:00:00,3642.6826999999994
2024-07-11 17:15:00,3684.0827
2024-07-11 17:30:00,3484.0827
2024-07-11 17:45:00,3251.8827
2024-07-11 18:00:00,3168.3631
2024-07-11 18:15:00,2855.9631
2024-07-11 18:30:00,2645.5631000000003
2024-07-11 18:45:00,2466.3631
2024-07-11 19:00:00,2470.8
2024-07-11 19:15:00,2322.6
2024-07-11 19:30:00,2252.8
2024-07-11 19:45:00,2141.0
2024-07-11 20:00:00,2107.2
2024-07-11 20:15:00,2034.6000000000001
2024-07-11 20:30:00,1934.7999999999997
2024-07-11 20:45:00,1817.6
2024-07-11 21:00:00,1725.2
2024-07-11 21:15:00,1614.2
2024-07-11 21:30:00,1576.3999999999999
2024-07-11 21:45:00,1525.0
2024-07-11 22:00:00,1507.4
2024-07-11 22:15:00,1443.8
2024-07-11 22:30:00,1285.7999999999997
2024-07-11 22:45:00,1128.0
2024-07-11 23:00:00,1186.6
2024-07-11 23:15:00,1686.4
2024-07-11 23:30:00,1587.2
2024-07-11 23:45:00,1282.4
2024-07-12 00:00:00,1042.0
2024-07-12 00:15:00,997.4
2024-07-12 00:30:00,1001.0
2024-07-12 00:45:00,950.4
2024-07-12 01:00:00,1075.2
2024-07-12 01:15:00,1054.4
2024-07-12 01:30:00,1013.5999999999999
2024-07-12 01:45:00,1049.8
2024-07-12 02:00:00,994.0
2024-07-12 02:15:00,877.4000000000001
2024-07-12 02:30:00,955.0
2024-07-12 02:45:00,971.6000000000001
2024-07-12 03:00:00,979.0
2024-07-12 03:15:00,1021.0
2024-07-12 03:30:00,1024.2
2024-07-12 03:45:00,881.8
2024-07-12 04:00:00,759.8
2024-07-12 04:15:00,729.6
2024-07-12 04:30:00,775.6
2024-07-12 04:45:00,767.8
2024-07-12 05:00:00,898.5999999999999
2024-07-12 05:15:00,877.6
2024-07-12 05:30:00,1046.8
2024-07-12 05:45:00,954.4000000000001
2024-07-12 06:00:00,916.824
2024-07-12 06:15:00,1129.224
2024-07-12 06:30:00,1046.624
2024-07-12 06:45:00,1009.8240000000001
2024-07-12 07:00:00,964.7647999999999
2024-07-12 07:15:00,1066.3647999999998
2024-07-12 07:30:00,1001.5648000000001
2024-07-12 07:45:00,980.9648
2024-07-12 08:00:00,1125.6127999999999
2024-07-12 08:15:00,1441.4128
2024-07-12 08:30:00,1880.8128000000002
2024-07-12 08:45:00,2354.2128
2024-07-12 09:00:00,2651.9429
2024-07-12 09:15:00,2960.5428999999995
2024-07-12 09:30:00,3195.7429
2024-07-12 09:45:00,3187.1429
2024-07-12 10:00:00,3055.7383
2024-07-12 10:15:00,3042.3383
2024-07-12 10:30:00,3019.1383
2024-07-12 10:45:00,3175.7383
2024-07-12 11:00:00,2897.2708000000002
2024-07-12 11:15:00,2961.0707999999995
2024-07-12 11:30:00,2783.8707999999997
2024-07-12 11:45:00,2870.0707999999995
2024-07-12 12:00:00,2784.7861000000003
2024-07-12 12:15:00,2819.9861
2024-07-12 12:30:00,2805.1861
2024-07-12 12:45:00,2668.1861
2024-07-12 13:00:00,2582.1338
2024-07-12 13:15:00,2538.3338
2024-07-12 13:30:00,2525.1337999999996
2024-07-12 13:45:00,2650.9338
2024-07-12 14:00:00,2763.0631000000003
2024-07-12 14:15:00,3009.8631
2024-07-12 14:30:00,3089.0631
2024-07-12 14:45:00,3184.4631
2024-07-12 15:00:00,3178.8563
2024-07-12 15:15:00,3243.2563
2024-07-12 15:30:00,3096.8562999999995
2024-07-12 15:45:00,3047.6563
2024-07-12 16:00:00,3441.4868
2024-07-12 16:15:00,3390.8868
2024-07-12 16:30:00,3580.0868
2024-07-12 16:45:00,3693.2868
2024-07-12 17:00:00,3753.3387
2024-07-12 17:15:00,3434.5387
2024-07-12 17:30:00,3310.3387000000002
2024-07-12 17:45:00,3193.1387000000004
2024-07-12 18:00:00,2971.3801
2024-07-12 18:15:00,2747.3801000000003
2024-07-12 18:30:00,2566.5801
2024-07-12 18:45:00,2395.3801
2024-07-12 19:00:00,2361.7999999999997
2024-07-12 19:15:00,2278.2000000000003
2024-07-12 19:30:00,2141.6
2024-07-12 19:45:00,2058.0
2024-07-12 20:00:00,1964.8
2024-07-12 20:15:00,1850.0
2024-07-12 20:30:00,1789.1999999999998
2024-07-12 20:45:00,1765.0
2024-07-12 21:00:00,1672.2
2024-07-12 21:15:00,1647.2
2024-07-12 21:30:00,1605.8
2024-07-12 21:45:00,1551.8
2024-07-12 22:00:00,1442.0
2024-07-12 22:15:00,1343.6
2024-07-12 22:30:00,1241.2
2024-07-12 22:45:00,1192.2
2024-07-12 23:00:00,1418.2
2024-07-12 23:15:00,1795.2
2024-07-12 23:30:00,1567.0000000000002
2024-07-12 23:45:00,1423.3999999999999
2024-07-13 00:00:00,1220.8
2024-07-13 00:15:00,1393.8
2024-07-13 00:30:00,1270.0
2024-07-13 00:45:00,1116.0
2024-07-13 01:00:00,1091.8
2024-07-13 01:15:00,1057.6
2024-07-13 01:30:00,1126.0
2024-07-13 01:45:00,1043.2
2024-07-13 02:00:00,1048.6000000000001
2024-07-13 02:15:00,1031.8000000000002
2024-07-13 02:30:00,1159.6
2024-07-13 02:45:00,1105.2
2024-07-13 03:00:00,1034.4
2024-07-13 03:15:00,1135.6
2024-07-13 03:30:00,1106.2
2024-07-13 03:45:00,1043.8
2024-07-13 04:00:00,1100.6000000000001
2024-07-13 04:15:00,975.0
2024-07-13 04:30:00,1024.6000000000001
2024-07-13 04:45:00,1172.0
2024-07-13 05:00:00,1056.6
2024-07-13 05:15:00,1075.2
2024-07-13 05:30:00,1014.6
2024-07-13 05:45:00,1158.2
2024-07-13 06:00:00,1038.2356
2024-07-13 06:15:00,1182.6356
2024-07-13 06:30:00,1069.6355999999998
2024-07-13 06:45:00,894.8356
2024-07-13 07:00:00,389.9081
2024-07-13 07:15:00,269.9081
2024-07-13 07:30:00,277.30809999999997
2024-07-13 07:45:00,369.5081
2024-07-13 08:00:00,-16.775200000000012
2024-07-13 08:15:00,127.22479999999999
2024-07-13 08:30:00,389.0248
2024-07-13 08:45:00,647.0247999999999
2024-07-13 09:00:00,312.4837
2024-07-13 09:15:00,646.6837
2024-07-13 09:30:00,886.0836999999999
2024-07-13 09:45:00,1027.6837
2024-07-13 10:00:00,819.7265
2024-07-13 10:15:00,822.1265
2024-07-13 10:30:00,740.1265
2024-07-13 10:45:00,740.5265
2024-07-13 11:00:00,1307.6963
2024-07-13 11:15:00,1283.2963
2024-07-13 11:30:00,1275.0963
2024-07-13 11:45:00,1257.6963
2024-07-13 12:00:00,1084.796
2024-07-13 12:15:00,1150.996
2024-07-13 12:30:00,1088.3960000000002
2024-07-13 12:45:00,1095.396
2024-07-13 13:00:00,1309.3259
2024-07-13 13:15:00,1402.7259000000001
2024-07-13 13:30:00,1394.7259000000001
2024-07-13 13:45:00,1325.9259
2024-07-13 14:00:00,1420.3345
2024-07-13 14:15:00,1591.9344999999998
2024-07-13 14:30:00,1768.9345
2024-07-13 14:45:00,1679.3345
2024-07-13 15:00:00,1538.6906999999999
2024-07-13 15:15:00,1586.6906999999999
2024-07-13 15:30:00,1684.0907
2024-07-13 15:45:00,1509.4907
2024-07-13 16:00:00,2005.6542
2024-07-13 16:15:00,2108.0542
2024-07-13 16:30:00,1930.4542
2024-07-13 16:45:00,1881.6542
2024-07-13 17:00:00,2083.5246
2024-07-13 17:15:00,2176.7246
2024-07-13 17:30:00,2091.1246
2024-07-13 17:45:00,1899.9246
2024-07-13 18:00:00,1872.4751
2024-07-13 18:15:00,1600.0751000000002
2024-07-13 18:30:00,1622.0751
2024-07-13 18:45:00,1614.4751
2024-07-13 19:00:00,1599.6
2024-07-13 19:15:00,1511.4
2024-07-13 19:30:00,1571.8000000000002
2024-07-13 19:45:00,1499.2000000000003
2024-07-13 20:00:00,1557.6
2024-07-13 20:15:00,1458.8
2024-07-13 20:30:00,1445.2
2024-07-13 20:45:00,1478.4
2024-07-13 21:00:00,1332.8
2024-07-13 21:15:00,1265.3999999999999
2024-07-13 21:30:00,1291.4
2024-07-13 21:45:00,1263.2
2024-07-13 22:00:00,1240.2
2024-07-13 22:15:00,1156.6
2024-07-13 22:30:00,1059.2
2024-07-13 22:45:00,980.8
2024-07-13 23:00:00,1015.5999999999999
2024-07-13 23:15:00,1437.3999999999999
2024-07-13 23:30:00,1378.1999999999998
2024-07-13 23:45:00,1264.8
2024-07-14 00:00:00,1241.4
2024-07-14 00:15:00,1102.0
2024-07-14 00:30:00,1008.8
2024-07-14 00:45:00,971.0
2024-07-14 01:00:00,1011.2
2024-07-14 01:15:00,1068.6
2024-07-14 01:30:00,1125.6
2024-07-14 01:45:00,1056.3999999999999
2024-07-14 02:00:00,982.8
2024-07-14 02:15:00,850.0
2024-07-14 02:30:00,852.4000000000001
2024-07-14 02:45:00,951.5999999999999
2024-07-14 03:00:00,980.5999999999999
2024-07-14 03:15:00,857.5999999999999
2024-07-14 03:30:00,889.8
2024-07-14 03:45:00,841.4
2024-07-14 04:00:00,878.2
2024-07-14 04:15:00,822.0
2024-07-14 04:30:00,1118.8000000000002
2024-07-14 04:45:00,1166.8000000000002
2024-07-14 05:00:00,1063.2
2024-07-14 05:15:00,1048.0
2024-07-14 05:30:00,1204.2
2024-07-14 05:45:00,1063.3999999999999
2024-07-14 06:00:00,1011.1622000000001
2024-07-14 06:15:00,834.5622
2024-07-14 06:30:00,715.3622
2024-07-14 06:45:00,689.5622000000001
2024-07-14 07:00:00,431.38109999999995
2024-07-14 07:15:00,451.5811
2024-07-14 07:30:00,586.7811
2024-07-14 07:45:00,603.9811000000001
2024-07-14 08:00:00,447.59349999999995
2024-07-14 08:15:00,670.3934999999999
2024-07-14 08:30:00,650.1935
2024-07-14 08:45:00,776.3935
2024-07-14 09:00:00,672.9541
2024-07-14 09:15:00,860.9540999999999
2024-07-14 09:30:00,811.1541000000001
2024-07-14 09:45:00,877.3541
2024-07-14 10:00:00,787.5254
2024-07-14 10:15:00,907.3254
2024-07-14 10:30:00,1017.1254
2024-07-14 10:45:00,917.9254
2024-07-14 11:00:00,736.4129
2024-07-14 11:15:00,699.2129
2024-07-14 11:30:00,670.0129
2024-07-14 11:45:00,633.8129
2024-07-14 12:00:00,584.2875
2024-07-14 12:15:00,564.0875000000001
2024-07-14 12:30:00,583.4875
2024-07-14 12:45:00,629.2874999999999
2024-07-14 13:00:00,535.1622
2024-07-14 13:15:00,589.9621999999999
2024-07-14 13:30:00,620.5622
2024-07-14 13:45:00,576.9621999999999
2024-07-14 14:00:00,666.7819
2024-07-14 14:15:00,824.5819000000001
2024-07-14 14:30:00,854.9819
2024-07-14 14:45:00,1091.3818999999999
2024-07-14 15:00:00,1244.9185
2024-07-14 15:15:00,1174.7185
2024-07-14 15:30:00,1221.9185
2024-07-14 15:45:00,1127.9185
2024-07-14 16:00:00,1311.8313000000003
2024-07-14 16:15:00,1416.2313
2024-07-14 16:30:00,1489.2313000000001
2024-07-14 16:45:00,1539.6313
2024-07-14 17:00:00,1669.3962000000001
2024-07-14 17:15:00,1663.5962
2024-07-14 17:30:00,1476.7962
2024-07-14 17:45:00,1347.1961999999999
2024-07-14 18:00:00,1537.7952
2024-07-14 18:15:00,1567.1952
2024-07-14 18:30:00,1490.7952
2024-07-14 18:45:00,1472.9952
2024-07-14 19:00:00,1538.0
2024-07-14 19:15:00,1531.8000000000002
2024-07-14 19:30:00,1465.0
2024-07-14 19:45:00,1428.4
2024-07-14 20:00:00,1475.8000000000002
2024-07-14 20:15:00,1381.0
2024-07-14 20:30:00,1356.2
2024-07-14 20:45:00,1251.8000000000002
2024-07-14 21:00:00,1012.1999999999999
2024-07-14 21:15:00,1023.4
2024-07-14 21:30:00,1154.0
2024-07-14 21:45:00,909.2
2024-07-14 22:00:00,1086.8
2024-07-14 22:15:00,1075.4
2024-07-14 22:30:00,959.8
2024-07-14 22:45:00,932.4000000000001
2024-07-14 23:00:00,942.2
2024-07-14 23:15:00,1485.8
2024-07-14 23:30:00,1261.8
2024-07-14 23:45:00,1141.2
2024-07-15 00:00:00,1150.6
2024-07-15 00:15:00,1148.0
2024-07-15 00:30:00,1077.4
2024-07-15 00:45:00,1258.9999999999998
2024-07-15 01:00:00,1188.4
2024-07-15 01:15:00,1016.8
2024-07-15 01:30:00,1103.8
2024-07-15 01:45:00,1061.6000000000001
2024-07-15 02:00:00,927.1999999999999
2024-07-15 02:15:00,1067.6000000000001
2024-07-15 02:30:00,1061.6000000000001
2024-07-15 02:45:00,930.2
2024-07-15 03:00:00,878.0
2024-07-15 03:15:00,800.2
2024-07-15 03:30:00,944.2
2024-07-15 03:45:00,981.4000000000001
2024-07-15 04:00:00,1039.0
2024-07-15 04:15:00,898.1999999999999
2024-07-15 04:30:00,896.6
2024-07-15 04:45:00,801.4
2024-07-15 05:00:00,797.0
2024-07-15 05:15:00,893.6000000000001
2024-07-15 05:30:00,1139.0
2024-07-15 05:45:00,1214.6
2024-07-15 06:00:00,944.7719999999999
2024-07-15 06:15:00,1033.772
2024-07-15 06:30:00,956.5720000000001
2024-07-15 06:45:00,939.572
2024-07-15 07:00:00,470.6161000000001
2024-07-15 07:15:00,516.4161
2024-07-15 07:30:00,544.6161
2024-07-15 07:45:00,753.4160999999999
2024-07-15 08:00:00,683.6866
2024-07-15 08:15:00,1028.6866
2024-07-15 08:30:00,1582.0866
2024-07-15 08:45:00,2045.4866000000002
2024-07-15 09:00:00,2049.2781999999997
2024-07-15 09:15:00,2143.8782
2024-07-15 09:30:00,2434.0782
2024-07-15 09:45:00,2631.8782
2024-07-15 10:00:00,2642.2044
2024-07-15 10:15:00,2646.8044
2024-07-15 10:30:00,2494.4044000000004
2024-07-15 10:45:00,2418.6044
2024-07-15 11:00:00,2333.0442
2024-07-15 11:15:00,2326.6441999999997
2024-07-15 11:30:00,2469.0442
2024-07-15 11:45:00,2535.6441999999997
2024-07-15 12:00:00,2294.9246000000003
2024-07-15 12:15:00,2265.7245999999996
2024-07-15 12:30:00,2196.3246
2024-07-15 12:45:00,2113.3246000000004
2024-07-15 13:00:00,2201.5253000000002
2024-07-15 13:15:00,2118.5253
2024-07-15 13:30:00,2043.7253
2024-07-15 13:45:00,2140.1253
2024-07-15 14:00:00,2424.0569000000005
2024-07-15 14:15:00,2788.2569
2024-07-15 14:30:00,2760.4569
2024-07-15 14:45:00,2816.0569
2024-07-15 15:00:00,3269.0359999999996
2024-07-15 15:15:00,3295.636
2024-07-15 15:30:00,3316.6359999999995
2024-07-15 15:45:00,3280.636
2024-07-15 16:00:00,3671.9187999999995
2024-07-15 16:15:00,3737.9188000000004
2024-07-15 16:30:00,3602.9188
2024-07-15 16:45:00,3517.7187999999996
2024-07-15 17:00:00,3800.6477
2024-07-15 17:15:00,3772.8477
2024-07-15 17:30:00,3469.2477
2024-07-15 17:45:00,3227.2477
2024-07-15 18:00:00,3268.2621
2024-07-15 18:15:00,2966.4621
2024-07-15 18:30:00,2646.2621
2024-07-15 18:45:00,2599.0621
2024-07-15 19:00:00,2795.6
2024-07-15 19:15:00,2673.0
2024-07-15 19:30:00,2416.8
2024-07-15 19:45:00,2337.3999999999996
2024-07-15 20:00:00,2245.0
2024-07-15 20:15:00,2133.7999999999997
2024-07-15 20:30:00,2074.6
2024-07-15 20:45:00,1975.6
2024-07-15 21:00:00,2020.8000000000002
2024-07-15 21:15:00,1886.8
2024-07-15 21:30:00,1790.4
2024-07-15 21:45:00,1839.2
2024-07-15 22:00:00,1737.4
2024-07-15 22:15:00,1647.2
2024-07-15 22:30:00,1488.6
2024-07-15 22:45:00,1430.3999999999999
2024-07-15 23:00:00,1614.8000000000002
2024-07-15 23:15:00,2102.0
2024-07-15 23:30:00,1881.8
2024-07-15 23:45:00,1728.6
2024-07-16 00:00:00,1561.0
2024-07-16 00:15:00,1438.0
2024-07-16 00:30:00,1331.4
2024-07-16 00:45:00,1292.6
2024-07-16 01:00:00,1274.8
2024-07-16 01:15:00,1132.2
2024-07-16 01:30:00,1171.4
2024-07-16 01:45:00,1003.8
2024-07-16 02:00:00,947.6000000000001
2024-07-16 02:15:00,1125.6
2024-07-16 02:30:00,1190.0
2024-07-16 02:45:00,1091.2
2024-07-16 03:00:00,1118.6
2024-07-16 03:15:00,1165.4
2024-07-16 03:30:00,1163.6000000000001
2024-07-16 03:45:00,1098.3999999999999
2024-07-16 04:00:00,1202.3999999999999
2024-07-16 04:15:00,1044.6
2024-07-16 04:30:00,1187.8
2024-07-16 04:45:00,1244.8
2024-07-16 05:00:00,1109.8
2024-07-16 05:15:00,905.4000000000001
2024-07-16 05:30:00,1268.3999999999999
2024-07-16 05:45:00,1216.0
2024-07-16 06:00:00,1178.5252
2024-07-16 06:15:00,1109.7252
2024-07-16 06:30:00,1261.7251999999999
2024-07-16 06:45:00,1156.5252
2024-07-16 07:00:00,951.9331
2024-07-16 07:15:00,1030.9331
2024-07-16 07:30:00,1066.1331
2024-07-16 07:45:00,1208.5331
2024-07-16 08:00:00,1267.3042
2024-07-16 08:15:00,1579.3042
2024-07-16 08:30:00,2316.3042
2024-07-16 08:45:00,2684.7042
2024-07-16 09:00:00,2545.7828
2024-07-16 09:15:00,2860.3828
2024-07-16 09:30:00,3052.3828000000003
2024-07-16 09:45:00,3145.5828
2024-07-16 10:00:00,3208.4528
2024-07-16 10:15:00,3287.4528
2024-07-16 10:30:00,3168.0528
2024-07-16 10:45:00,3203.4528
2024-07-16 11:00:00,3203.8502
2024-07-16 11:15:00,3136.2502
2024-07-16 11:30:00,3199.6502
2024-07-16 11:45:00,3208.4502
2024-07-16 12:00:00,3114.0576
2024-07-16 12:15:00,3002.4576
2024-07-16 12:30:00,3159.8576
2024-07-16 12:45:00,2972.2576
2024-07-16 13:00:00,2928.8832
2024-07-16 13:15:00,2923.6832
2024-07-16 13:30:00,2967.0832
2024-07-16 13:45:00,3010.8832
2024-07-16 14:00:00,3158.9584000000004
2024-07-16 14:15:00,3373.9584
2024-07-16 14:30:00,3518.1584000000003
2024-07-16 14:45:00,3526.3584
2024-07-16 15:00:00,3339.0184
2024-07-16 15:15:00,3549.6184
2024-07-16 15:30:00,3503.8184
2024-07-16 15:45:00,3468.8183999999997
2024-07-16 16:00:00,3592.4302
2024-07-16 16:15:00,3820.4302
2024-07-16 16:30:00,3800.2302
2024-07-16 16:45:00,3661.8302000000003
2024-07-16 17:00:00,3784.3918999999996
2024-07-16 17:15:00,3549.9918999999995
2024-07-16 17:30:00,3545.1919
2024-07-16 17:45:00,3359.3919
2024-07-16 18:00:00,3219.4085000000005
2024-07-16 18:15:00,2967.4085
2024-07-16 18:30:00,2811.4085
2024-07-16 18:45:00,2569.0085
2024-07-16 19:00:00,2607.6
2024-07-16 19:15:00,2554.4
2024-07-16 19:30:00,2403.6
2024-07-16 19:45:00,2394.4
2024-07-16 20:00:00,2322.4
2024-07-16 20:15:00,2204.6
2024-07-16 20:30:00,2037.0
2024-07-16 20:45:00,1956.3999999999999
2024-07-16 21:00:00,1853.6
2024-07-16 21:15:00,1852.8
2024-07-16 21:30:00,1783.0
2024-07-16 21:45:00,1739.6
2024-07-16 22:00:00,1636.8
2024-07-16 22:15:00,1527.6
2024-07-16 22:30:00,1404.2
2024-07-16 22:45:00,1342.3999999999999
2024-07-16 23:00:00,1309.8000000000002
2024-07-16 23:15:00,2059.8
2024-07-16 23:30:00,1919.1999999999998
2024-07-16 23:45:00,1695.8
2024-07-17 00:00:00,1764.0
2024-07-17 00:15:00,1544.8
2024-07-17 00:30:00,1433.2
2024-07-17 00:45:00,1183.8
2024-07-17 01:00:00,1179.4
2024-07-17 01:15:00,1242.1999999999998
2024-07-17 01:30:00,1403.0
2024-07-17 01:45:00,1511.3999999999999
2024-07-17 02:00:00,1458.6000000000001
2024-07-17 02:15:00,1290.8
2024-07-17 02:30:00,1115.2
2024-07-17 02:45:00,1147.3999999999999
2024-07-17 03:00:00,1060.2
2024-07-17 03:15:00,1097.0
2024-07-17 03:30:00,1104.4
2024-07-17 03:45:00,1213.8
2024-07-17 04:00:00,1225.8
2024-07-17 04:15:00,1278.9999999999998
2024-07-17 04:30:00,1285.8000000000002
2024-07-17 04:45:00,995.8
2024-07-17 05:00:00,969.4000000000001
2024-07-17 05:15:00,955.0
2024-07-17 05:30:00,1187.2
2024-07-17 05:45:00,1197.6000000000001
2024-07-17 06:00:00,1142.4069
2024-07-17 06:15:00,1274.6069
2024-07-17 06:30:00,1252.6069
2024-07-17 06:45:00,1045.2069000000001
2024-07-17 07:00:00,856.8926
2024-07-17 07:15:00,841.4926
2024-07-17 07:30:00,963.4926
2024-07-17 07:45:00,1030.8926
2024-07-17 08:00:00,1252.8076
2024-07-17 08:15:00,1616.4076
2024-07-17 08:30:00,2169.6076000000003
2024-07-17 08:45:00,2487.6076000000003
2024-07-17 09:00:00,2446.4359
2024-07-17 09:15:00,2725.6359
2024-07-17 09:30:00,3029.0359
2024-07-17 09:45:00,3046.4359000000004
2024-07-17 10:00:00,3170.6146
2024-07-17 10:15:00,3058.4146
2024-07-17 10:30:00,2980.2146000000002
2024-07-17 10:45:00,2948.8146
2024-07-17 11:00:00,2921.5177
2024-07-17 11:15:00,2860.7177
2024-07-17 11:30:00,2827.3177
2024-07-17 11:45:00,2799.3177
2024-07-17 12:00:00,2664.7163
2024-07-17 12:15:00,2593.1163
2024-07-17 12:30:00,2591.7163
2024-07-17 12:45:00,2532.3163
2024-07-17 13:00:00,2428.5494
2024-07-17 13:15:00,2423.7493999999997
2024-07-17 13:30:00,2409.1494
2024-07-17 13:45:00,2363.1494
2024-07-17 14:00:00,2624.9782999999998
2024-07-17 14:15:00,2778.7783
2024-07-17 14:30:00,2870.1783
2024-07-17 14:45:00,3028.9783
2024-07-17 15:00:00,3094.1141
2024-07-17 15:15:00,3098.1141
2024-07-17 15:30:00,3108.3140999999996
2024-07-17 15:45:00,3291.7141
2024-07-17 16:00:00,3539.0994999999994
2024-07-17 16:15:00,3753.4995
2024-07-17 16:30:00,3620.6994999999997
2024-07-17 16:45:00,3494.0995
2024-07-17 17:00:00,3768.9336999999996
2024-07-17 17:15:00,3727.1337
2024-07-17 17:30:00,3648.3337
2024-07-17 17:45:00,3208.5337
2024-07-17 18:00:00,3314.95
2024-07-17 18:15:00,2934.75
2024-07-17 18:30:00,2868.55
2024-07-17 18:45:00,2606.35
2024-07-17 19:00:00,2546.0
2024-07-17 19:15:00,2492.6
2024-07-17 19:30:00,2393.0
2024-07-17 19:45:00,2322.2
2024-07-17 20:00:00,2243.4
2024-07-17 20:15:00,2138.4
2024-07-17 20:30:00,2087.8
2024-07-17 20:45:00,1944.2
2024-07-17 21:00:00,1877.9999999999998
2024-07-17 21:15:00,1779.4
2024-07-17 21:30:00,1741.8000000000002
2024-07-17 21:45:00,1668.4
2024-07-17 22:00:00,1588.6000000000001
2024-07-17 22:15:00,1527.8000000000002
2024-07-17 22:30:00,1298.6
2024-07-17 22:45:00,1354.4
2024-07-17 23:00:00,1429.8
2024-07-17 23:15:00,1977.0
2024-07-17 23:30:00,1895.6000000000001
2024-07-17 23:45:00,1758.8
2024-07-18 00:00:00,1529.6
2024-07-18 00:15:00,1357.2
2024-07-18 00:30:00,1258.4
2024-07-18 00:45:00,1268.4
2024-07-18 01:00:00,1249.2
2024-07-18 01:15:00,1210.8000000000002
2024-07-18 01:30:00,1229.0
2024-07-18 01:45:00,1216.6000000000001
2024-07-18 02:00:00,1270.8
2024-07-18 02:15:00,1376.2
2024-07-18 02:30:00,1259.0
2024-07-18 02:45:00,1558.1999999999998
2024-07-18 03:00:00,1473.2
2024-07-18 03:15:00,1441.0
2024-07-18 03:30:00,1311.8
2024-07-18 03:45:00,1230.2
2024-07-18 04:00:00,1441.8
2024-07-18 04:15:00,1511.4
2024-07-18 04:30:00,1549.3999999999999
2024-07-18 04:45:00,1508.2
2024-07-18 05:00:00,1426.4
2024-07-18 05:15:00,1228.6
2024-07-18 05:30:00,1369.6000000000001
2024-07-18 05:45:00,1383.4
2024-07-18 06:00:00,1292.0017
2024-07-18 06:15:00,1375.8017
2024-07-18 06:30:00,1327.6017000000002
2024-07-18 06:45:00,1315.6017
2024-07-18 07:00:00,1314.1567
2024-07-18 07:15:00,1292.1567
2024-07-18 07:30:00,1169.9567000000002
2024-07-18 07:45:00,1276.5567
2024-07-18 08:00:00,1495.1227000000001
2024-07-18 08:15:00,1756.5227
2024-07-18 08:30:00,2286.7227000000003
2024-07-18 08:45:00,2837.3227
2024-07-18 09:00:00,3025.309
2024-07-18 09:15:00,3113.1090000000004
2024-07-18 09:30:00,3302.309
2024-07-18 09:45:00,3482.709
2024-07-18 10:00:00,3650.6675999999998
2024-07-18 10:15:00,3890.6676
2024-07-18 10:30:00,3846.6676
2024-07-18 10:45:00,3731.4676
2024-07-18 11:00:00,3369.8280999999997
2024-07-18 11:15:00,3298.4281
2024-07-18 11:30:00,3323.6281
2024-07-18 11:45:00,3296.0281000000004
2024-07-18 12:00:00,3216.4858999999997
2024-07-18 12:15:00,3201.2859
2024-07-18 12:30:00,3196.6858999999995
2024-07-18 12:45:00,2981.4859
2024-07-18 13:00:00,2961.5497
2024-07-18 13:15:00,2976.9497
2024-07-18 13:30:00,2973.1497
2024-07-18 13:45:00,3007.3497
2024-07-18 14:00:00,3159.7423
2024-07-18 14:15:00,3457.7423
2024-07-18 14:30:00,3468.742300000001
2024-07-18 14:45:00,3355.1423
2024-07-18 15:00:00,3370.7001
2024-07-18 15:15:00,3701.1000999999997
2024-07-18 15:30:00,3859.1001000000006
2024-07-18 15:45:00,3720.9001
2024-07-18 16:00:00,4004.4610000000002
2024-07-18 16:15:00,4153.061
2024-07-18 16:30:00,4017.661
2024-07-18 16:45:00,3987.461
2024-07-18 17:00:00,3852.9632999999994
2024-07-18 17:15:00,3957.5633
2024-07-18 17:30:00,3622.3633
2024-07-18 17:45:00,3275.7633
2024-07-18 18:00:00,3175.3603
2024-07-18 18:15:00,2875.5603
2024-07-18 18:30:00,2789.1603
2024-07-18 18:45:00,2589.7603
2024-07-18 19:00:00,2502.8
2024-07-18 19:15:00,2435.6
2024-07-18 19:30:00,2257.2
2024-07-18 19:45:00,2229.2
2024-07-18 20:00:00,2195.8
2024-07-18 20:15:00,2030.2
2024-07-18 20:30:00,2083.0
2024-07-18 20:45:00,1932.6
2024-07-18 21:00:00,1801.3999999999999
2024-07-18 21:15:00,1723.0
2024-07-18 21:30:00,1689.4
2024-07-18 21:45:00,1693.8
2024-07-18 22:00:00,1608.8
2024-07-18 22:15:00,1574.8000000000002
2024-07-18 22:30:00,1413.0
2024-07-18 22:45:00,1415.7999999999997
2024-07-18 23:00:00,1419.0000000000002
2024-07-18 23:15:00,1766.1999999999998
2024-07-18 23:30:00,1646.4
2024-07-18 23:45:00,1403.0
2024-07-19 00:00:00,1306.0
2024-07-19 00:15:00,1311.0
2024-07-19 00:30:00,1315.7999999999997
2024-07-19 00:45:00,1245.6000000000001
2024-07-19 01:00:00,1380.6
2024-07-19 01:15:00,1344.6
2024-07-19 01:30:00,1214.8
2024-07-19 01:45:00,1223.6000000000001
2024-07-19 02:00:00,1137.8
2024-07-19 02:15:00,1017.0
2024-07-19 02:30:00,1052.0
2024-07-19 02:45:00,1201.8
2024-07-19 03:00:00,1227.2
2024-07-19 03:15:00,1119.6
2024-07-19 03:30:00,1094.2
2024-07-19 03:45:00,1252.0
2024-07-19 04:00:00,1102.8
2024-07-19 04:15:00,1150.0
2024-07-19 04:30:00,1028.6
2024-07-19 04:45:00,1098.2
2024-07-19 05:00:00,945.4000000000001
2024-07-19 05:15:00,1082.0
2024-07-19 05:30:00,1355.6
2024-07-19 05:45:00,1407.6000000000001
2024-07-19 06:00:00,1181.4988999999998
2024-07-19 06:15:00,1150.6988999999999
2024-07-19 06:30:00,1099.4988999999998
2024-07-19 06:45:00,1058.0989
2024-07-19 07:00:00,656.422
2024-07-19 07:15:00,690.822
2024-07-19 07:30:00,733.0219999999999
2024-07-19 07:45:00,754.6220000000001
2024-07-19 08:00:00,652.2864
2024-07-19 08:15:00,889.6864
2024-07-19 08:30:00,1415.2864
2024-07-19 08:45:00,1791.0864000000001
2024-07-19 09:00:00,1655.4754
2024-07-19 09:15:00,2036.2753999999998
2024-07-19 09:30:00,2163.6754
2024-07-19 09:45:00,2179.0753999999997
2024-07-19 10:00:00,1950.7505999999998
2024-07-19 10:15:00,1990.5506
2024-07-19 10:30:00,2024.3505999999998
2024-07-19 10:45:00,2131.5506
2024-07-19 11:00:00,2537.2107
2024-07-19 11:15:00,2555.0107
2024-07-19 11:30:00,2534.4107000000004
2024-07-19 11:45:00,2550.2106999999996
2024-07-19 12:00:00,2421.4295
2024-07-19 12:15:00,2416.4294999999997
2024-07-19 12:30:00,2514.0295
2024-07-19 12:45:00,2328.0294999999996
2024-07-19 13:00:00,2335.8596
2024-07-19 13:15:00,2334.4596
2024-07-19 13:30:00,2227.4596
2024-07-19 13:45:00,2309.0596
2024-07-19 14:00:00,2533.5307
2024-07-19 14:15:00,2804.1307
2024-07-19 14:30:00,2977.1306999999997
2024-07-19 14:45:00,2799.1306999999997
2024-07-19 15:00:00,2861.1474
2024-07-19 15:15:00,3139.7474
2024-07-19 15:30:00,3193.9474
2024-07-19 15:45:00,3193.5474000000004
2024-07-19 16:00:00,3298.1798
2024-07-19 16:15:00,3384.5798
2024-07-19 16:30:00,3289.1798
2024-07-19 16:45:00,3341.5798
2024-07-19 17:00:00,3361.9373000000005
2024-07-19 17:15:00,3041.3373
2024-07-19 17:30:00,2896.7373
2024-07-19 17:45:00,2712.7373000000002
2024-07-19 18:00:00,2659.4918000000002
2024-07-19 18:15:00,2460.8918000000003
2024-07-19 18:30:00,2339.6918
2024-07-19 18:45:00,2098.4918000000002
2024-07-19 19:00:00,1996.0000000000002
2024-07-19 19:15:00,1980.2
2024-07-19 19:30:00,1873.4
2024-07-19 19:45:00,1821.6
2024-07-19 20:00:00,1837.4
2024-07-19 20:15:00,1790.1999999999998
2024-07-19 20:30:00,1794.1999999999998
2024-07-19 20:45:00,1738.3999999999999
2024-07-19 21:00:00,1614.2
2024-07-19 21:15:00,1488.1999999999998
2024-07-19 21:30:00,1421.4
2024-07-19 21:45:00,1456.4
2024-07-19 22:00:00,1386.9999999999998
2024-07-19 22:15:00,1281.4
2024-07-19 22:30:00,1145.6000000000001
2024-07-19 22:45:00,1128.0
2024-07-19 23:00:00,1139.0
2024-07-19 23:15:00,1772.6
2024-07-19 23:30:00,1668.0000000000002
2024-07-19 23:45:00,1470.7999999999997
2024-07-20 00:00:00,1434.4
2024-07-20 00:15:00,1330.2
2024-07-20 00:30:00,1412.2
2024-07-20 00:45:00,1247.6
2024-07-20 01:00:00,1306.2
2024-07-20 01:15:00,1130.6
2024-07-20 01:30:00,1203.4
2024-07-20 01:45:00,1169.2
2024-07-20 02:00:00,1036.6
2024-07-20 02:15:00,955.0
2024-07-20 02:30:00,1040.6000000000001
2024-07-20 02:45:00,1208.0
2024-07-20 03:00:00,1300.3999999999999
2024-07-20 03:15:00,1169.0
2024-07-20 03:30:00,1114.8
2024-07-20 03:45:00,979.2
2024-07-20 04:00:00,1049.2
2024-07-20 04:15:00,1087.6
2024-07-20 04:30:00,1070.3999999999999
2024-07-20 04:45:00,1146.8000000000002
2024-07-20 05:00:00,1020.1999999999999
2024-07-20 05:15:00,872.0
2024-07-20 05:30:00,1064.2
2024-07-20 05:45:00,1219.4
2024-07-20 06:00:00,1021.4907
2024-07-20 06:15:00,853.8906999999999
2024-07-20 06:30:00,853.8906999999999
2024-07-20 06:45:00,853.2907
2024-07-20 07:00:00,499.073
2024-07-20 07:15:00,470.073
2024-07-20 07:30:00,451.27299999999997
2024-07-20 07:45:00,511.873
2024-07-20 08:00:00,441.8802
2024-07-20 08:15:00,433.08020000000005
2024-07-20 08:30:00,601.6802
2024-07-20 08:45:00,744.8802
2024-07-20 09:00:00,529.5244
2024-07-20 09:15:00,500.12440000000004
2024-07-20 09:30:00,469.9244
2024-07-20 09:45:00,831.7244
2024-07-20 10:00:00,611.7747999999999
2024-07-20 10:15:00,623.3748
2024-07-20 10:30:00,677.7747999999999
2024-07-20 10:45:00,676.9748
2024-07-20 11:00:00,543.8442999999999
2024-07-20 11:15:00,436.04429999999985
2024-07-20 11:30:00,483.04429999999985
2024-07-20 11:45:00,466.4442999999998
2024-07-20 12:00:00,458.91260000000005
2024-07-20 12:15:00,471.7126
2024-07-20 12:30:00,520.9126
2024-07-20 12:45:00,487.5126000000001
2024-07-20 13:00:00,642.8829000000002
2024-07-20 13:15:00,615.2829000000002
2024-07-20 13:30:00,679.6829000000001
2024-07-20 13:45:00,692.0829000000001
2024-07-20 14:00:00,721.82
2024-07-20 14:15:00,925.42
2024-07-20 14:30:00,1000.8199999999999
2024-07-20 14:45:00,951.62
2024-07-20 15:00:00,1069.8423
2024-07-20 15:15:00,1280.2423
2024-07-20 15:30:00,1302.6423
2024-07-20 15:45:00,1371.6423
2024-07-20 16:00:00,1695.6986000000002
2024-07-20 16:15:00,1889.0986
2024-07-20 16:30:00,1778.0986000000003
2024-07-20 16:45:00,1642.6986
2024-07-20 17:00:00,1908.1981999999998
2024-07-20 17:15:00,1758.9982
2024-07-20 17:30:00,1523.5982
2024-07-20 17:45:00,1416.9982
2024-07-20 18:00:00,1595.5128
2024-07-20 18:15:00,1505.9128000000003
2024-07-20 18:30:00,1451.5128000000002
2024-07-20 18:45:00,1374.1128
2024-07-20 19:00:00,1501.4
2024-07-20 19:15:00,1515.8
2024-07-20 19:30:00,1512.0
2024-07-20 19:45:00,1473.2
2024-07-20 20:00:00,1408.6
2024-07-20 20:15:00,1374.8000000000002
2024-07-20 20:30:00,1382.6
2024-07-20 20:45:00,1260.1999999999998
2024-07-20 21:00:00,1181.6
2024-07-20 21:15:00,1128.8
2024-07-20 21:30:00,1089.4
2024-07-20 21:45:00,1071.4
2024-07-20 22:00:00,1044.6000000000001
2024-07-20 22:15:00,998.1999999999999
2024-07-20 22:30:00,905.1999999999999
2024-07-20 22:45:00,915.2
2024-07-20 23:00:00,925.4
2024-07-20 23:15:00,1424.2
2024-07-20 23:30:00,1259.6000000000001
2024-07-20 23:45:00,1233.8
2024-07-21 00:00:00,1220.6
2024-07-21 00:15:00,1216.2
2024-07-21 00:30:00,1165.0
2024-07-21 00:45:00,1002.0
2024-07-21 01:00:00,1124.2
2024-07-21 01:15:00,1072.6
2024-07-21 01:30:00,1032.0
2024-07-21 01:45:00,967.0
2024-07-21 02:00:00,901.6000000000001
2024-07-21 02:15:00,1017.0
2024-07-21 02:30:00,1024.8
2024-07-21 02:45:00,1059.2
2024-07-21 03:00:00,874.4
2024-07-21 03:15:00,862.8
2024-07-21 03:30:00,1045.8
2024-07-21 03:45:00,962.4000000000001
2024-07-21 04:00:00,1053.6
2024-07-21 04:15:00,945.6
2024-07-21 04:30:00,975.0
2024-07-21 04:45:00,898.5999999999999
2024-07-21 05:00:00,954.5999999999999
2024-07-21 05:15:00,972.8
2024-07-21 05:30:00,1103.6
2024-07-21 05:45:00,1103.2
2024-07-21 06:00:00,863.5041
2024-07-21 06:15:00,931.3040999999998
2024-07-21 06:30:00,997.1041
2024-07-21 06:45:00,842.9041
2024-07-21 07:00:00,350.4857
2024-07-21 07:15:00,260.4857
2024-07-21 07:30:00,308.0857000000001
2024-07-21 07:45:00,327.08570000000003
2024-07-21 08:00:00,-40.78560000000013
2024-07-21 08:15:00,137.41439999999992
2024-07-21 08:30:00,129.01439999999988
2024-07-21 08:45:00,282.4143999999999
2024-07-21 09:00:00,-14.042600000000164
2024-07-21 09:15:00,7.157399999999853
2024-07-21 09:30:00,182.5573999999998
2024-07-21 09:45:00,321.5573999999999
2024-07-21 10:00:00,115.45960000000002
2024-07-21 10:15:00,294.6596
2024-07-21 10:30:00,264.05959999999993
2024-07-21 10:45:00,294.65960000000007
2024-07-21 11:00:00,223.13579999999993
2024-07-21 11:15:00,177.73579999999995
2024-07-21 11:30:00,236.13579999999996
2024-07-21 11:45:00,146.53579999999994
2024-07-21 12:00:00,107.35030000000008
2024-07-21 12:15:00,116.35030000000006
2024-07-21 12:30:00,186.15030000000007
2024-07-21 12:45:00,113.95030000000003
2024-07-21 13:00:00,84.79210000000012
2024-07-21 13:15:00,179.39210000000006
2024-07-21 13:30:00,132.59210000000002
2024-07-21 13:45:00,203.59209999999996
2024-07-21 14:00:00,347.66260000000005
2024-07-21 14:15:00,734.8626000000002
2024-07-21 14:30:00,695.4626
2024-07-21 14:45:00,616.4626000000001
2024-07-21 15:00:00,928.3749
2024-07-21 15:15:00,1090.5749
2024-07-21 15:30:00,1215.3749
2024-07-21 15:45:00,1072.5749
2024-07-21 16:00:00,1291.3279
2024-07-21 16:15:00,1412.7279
2024-07-21 16:30:00,1498.7279
2024-07-21 16:45:00,1336.7279
2024-07-21 17:00:00,1784.3851
2024-07-21 17:15:00,1674.9851
2024-07-21 17:30:00,1783.5851
2024-07-21 17:45:00,1507.7851
2024-07-21 18:00:00,1809.1099000000002
2024-07-21 18:15:00,1647.1099
2024-07-21 18:30:00,1526.5099
2024-07-21 18:45:00,1451.7099
2024-07-21 19:00:00,1610.2
2024-07-21 19:15:00,1607.3999999999999
2024-07-21 19:30:00,1509.1999999999998
2024-07-21 19:45:00,1463.2
2024-07-21 20:00:00,1482.4
2024-07-21 20:15:00,1464.8000000000002
2024-07-21 20:30:00,1440.0
2024-07-21 20:45:00,1385.0
2024-07-21 21:00:00,1362.4
2024-07-21 21:15:00,1373.4
2024-07-21 21:30:00,1340.2
2024-07-21 21:45:00,1335.0
2024-07-21 22:00:00,1292.2
2024-07-21 22:15:00,1217.4
2024-07-21 22:30:00,1078.6
2024-07-21 22:45:00,1042.6
2024-07-21 23:00:00,1171.1999999999998
2024-07-21 23:15:00,1409.3999999999999
2024-07-21 23:30:00,1463.3999999999999
2024-07-21 23:45:00,1414.1999999999998
2024-07-22 00:00:00,1304.6
2024-07-22 00:15:00,1086.2
2024-07-22 00:30:00,1024.0
2024-07-22 00:45:00,1179.8
2024-07-22 01:00:00,1260.6000000000001
2024-07-22 01:15:00,1081.0
2024-07-22 01:30:00,990.2
2024-07-22 01:45:00,867.5999999999999
2024-07-22 02:00:00,771.5999999999999
2024-07-22 02:15:00,848.4000000000001
2024-07-22 02:30:00,908.8
2024-07-22 02:45:00,945.8
2024-07-22 03:00:00,1050.3999999999999
2024-07-22 03:15:00,886.4
2024-07-22 03:30:00,1054.4
2024-07-22 03:45:00,1003.8
2024-07-22 04:00:00,964.6
2024-07-22 04:15:00,1121.8000000000002
2024-07-22 04:30:00,1094.2
2024-07-22 04:45:00,1124.4
2024-07-22 05:00:00,1087.4
2024-07-22 05:15:00,1008.2
2024-07-22 05:30:00,1090.6
2024-07-22 05:45:00,1154.6000000000001
2024-07-22 06:00:00,847.6098999999999
2024-07-22 06:15:00,1134.4099
2024-07-22 06:30:00,1106.8099
2024-07-22 06:45:00,890.8099
2024-07-22 07:00:00,584.37
2024-07-22 07:15:00,639.97
2024-07-22 07:30:00,690.37
2024-07-22 07:45:00,798.97
2024-07-22 08:00:00,658.8727
2024-07-22 08:15:00,1089.0727000000002
2024-07-22 08:30:00,1663.4727000000003
2024-07-22 08:45:00,2198.8727
2024-07-22 09:00:00,2214.3301
2024-07-22 09:15:00,2450.1301000000003
2024-07-22 09:30:00,2486.7300999999998
2024-07-22 09:45:00,2638.5301
2024-07-22 10:00:00,2428.2145
2024-07-22 10:15:00,2543.8145
2024-07-22 10:30:00,2438.2145
2024-07-22 10:45:00,2586.4145
2024-07-22 11:00:00,2338.4582
2024-07-22 11:15:00,2420.2581999999998
2024-07-22 11:30:00,2362.4582
2024-07-22 11:45:00,2318.4581999999996
2024-07-22 12:00:00,2201.056
2024-07-22 12:15:00,2119.656
2024-07-22 12:30:00,1914.056
2024-07-22 12:45:00,1819.656
2024-07-22 13:00:00,1823.1351000000002
2024-07-22 13:15:00,1779.3351
2024-07-22 13:30:00,1880.7350999999999
2024-07-22 13:45:00,2021.9351000000001
2024-07-22 14:00:00,2208.0556
2024-07-22 14:15:00,2555.8556
2024-07-22 14:30:00,2834.8556
2024-07-22 14:45:00,2708.4556000000002
2024-07-22 15:00:00,2899.2796000000003
2024-07-22 15:15:00,2879.2796
2024-07-22 15:30:00,2999.2796000000003
2024-07-22 15:45:00,3077.4796000000006
2024-07-22 16:00:00,3518.6353999999997
2024-07-22 16:15:00,3684.2354
2024-07-22 16:30:00,3708.2353999999996
2024-07-22 16:45:00,3517.2354000000005
2024-07-22 17:00:00,3889.8734999999997
2024-07-22 17:15:00,3833.6735
2024-07-22 17:30:00,3487.6735000000003
2024-07-22 17:45:00,3191.8734999999997
2024-07-22 18:00:00,3343.6688
2024-07-22 18:15:00,3012.0688
2024-07-22 18:30:00,2822.8688
2024-07-22 18:45:00,2689.4688
2024-07-22 19:00:00,2699.0
2024-07-22 19:15:00,2719.8
2024-07-22 19:30:00,2544.6000000000004
2024-07-22 19:45:00,2378.0
2024-07-22 20:00:00,2305.6
2024-07-22 20:15:00,2100.8
2024-07-22 20:30:00,2011.6
2024-07-22 20:45:00,1879.0
2024-07-22 21:00:00,1829.6
2024-07-22 21:15:00,1800.0
2024-07-22 21:30:00,1645.8
2024-07-22 21:45:00,1568.1999999999998
2024-07-22 22:00:00,1547.4
2024-07-22 22:15:00,1454.7999999999997
2024-07-22 22:30:00,1322.0000000000002
2024-07-22 22:45:00,1371.4
2024-07-22 23:00:00,1506.0
2024-07-22 23:15:00,1916.0
2024-07-22 23:30:00,1623.4
2024-07-22 23:45:00,1436.1999999999998
2024-07-23 00:00:00,1346.8
2024-07-23 00:15:00,1194.2
2024-07-23 00:30:00,1216.4
2024-07-23 00:45:00,1169.6
2024-07-23 01:00:00,1068.4
2024-07-23 01:15:00,1092.3999999999999
2024-07-23 01:30:00,1048.4
2024-07-23 01:45:00,1228.6
2024-07-23 02:00:00,1309.1999999999998
2024-07-23 02:15:00,1063.8
2024-07-23 02:30:00,880.4
2024-07-23 02:45:00,845.6
2024-07-23 03:00:00,868.4000000000001
2024-07-23 03:15:00,820.8
2024-07-23 03:30:00,1081.4
2024-07-23 03:45:00,1049.6
2024-07-23 04:00:00,1021.2
2024-07-23 04:15:00,1081.2
2024-07-23 04:30:00,1126.1999999999998
2024-07-23 04:45:00,1089.0
2024-07-23 05:00:00,1014.4
2024-07-23 05:15:00,955.4000000000001
2024-07-23 05:30:00,907.0
2024-07-23 05:45:00,1166.2
2024-07-23 06:00:00,1176.5272
2024-07-23 06:15:00,1212.3272000000002
2024-07-23 06:30:00,1058.1272000000001
2024-07-23 06:45:00,1083.5272
2024-07-23 07:00:00,849.8903
2024-07-23 07:15:00,880.4903000000002
2024-07-23 07:30:00,874.0903000000001
2024-07-23 07:45:00,1112.0903
2024-07-23 08:00:00,1137.4654
2024-07-23 08:15:00,1489.4654
2024-07-23 08:30:00,2124.4654
2024-07-23 08:45:00,2482.4654
2024-07-23 09:00:00,2710.8023000000003
2024-07-23 09:15:00,2961.4022999999997
2024-07-23 09:30:00,3266.0023
2024-07-23 09:45:00,3359.8023000000003
2024-07-23 10:00:00,3547.4856
2024-07-23 10:15:00,3568.0856
2024-07-23 10:30:00,3560.8856
2024-07-23 10:45:00,3563.8855999999996
2024-07-23 11:00:00,3286.4393
2024-07-23 11:15:00,3275.2393
2024-07-23 11:30:00,3246.0393
2024-07-23 11:45:00,3319.4393
2024-07-23 12:00:00,3123.0778
2024-07-23 12:15:00,3084.8777999999998
2024-07-23 12:30:00,3106.2778
2024-07-23 12:45:00,2917.0778
2024-07-23 13:00:00,2949.6834
2024-07-23 13:15:00,2940.0833999999995
2024-07-23 13:30:00,2926.2834000000003
2024-07-23 13:45:00,3004.4834
2024-07-23 14:00:00,3171.587
2024-07-23 14:15:00,3400.5869999999995
2024-07-23 14:30:00,3508.1869999999994
2024-07-23 14:45:00,3601.5870000000004
2024-07-23 15:00:00,3700.5636000000004
2024-07-23 15:15:00,3627.9636
2024-07-23 15:30:00,3828.7636
2024-07-23 15:45:00,3785.1636
2024-07-23 16:00:00,3972.5278
2024-07-23 16:15:00,4054.7277999999997
2024-07-23 16:30:00,3965.9277999999995
2024-07-23 16:45:00,3958.7277999999997
2024-07-23 17:00:00,4209.6508
2024-07-23 17:15:00,4077.0508
2024-07-23 17:30:00,3809.6507999999994
2024-07-23 17:45:00,3409.0507999999995
2024-07-23 18:00:00,3282.7692
2024-07-23 18:15:00,2997.7691999999997
2024-07-23 18:30:00,2754.3692
2024-07-23 18:45:00,2646.9692000000005
2024-07-23 19:00:00,2575.8
2024-07-23 19:15:00,2516.4
2024-07-23 19:30:00,2444.8
2024-07-23 19:45:00,2333.6
2024-07-23 20:00:00,2304.0
2024-07-23 20:15:00,2147.6
2024-07-23 20:30:00,2099.2
2024-07-23 20:45:00,1990.9999999999998
2024-07-23 21:00:00,1887.8000000000002
2024-07-23 21:15:00,1914.3999999999999
2024-07-23 21:30:00,1761.6000000000001
2024-07-23 21:45:00,1776.8
2024-07-23 22:00:00,1708.8
2024-07-23 22:15:00,1517.2
2024-07-23 22:30:00,1343.8
2024-07-23 22:45:00,1325.8000000000002
2024-07-23 23:00:00,1388.8000000000002
2024-07-23 23:15:00,1958.0
2024-07-23 23:30:00,1882.4
2024-07-23 23:45:00,1587.3999999999999
2024-07-24 00:00:00,1499.2
2024-07-24 00:15:00,1248.0
2024-07-24 00:30:00,1183.0
2024-07-24 00:45:00,1206.6
2024-07-24 01:00:00,1197.8000000000002
2024-07-24 01:15:00,1086.2
2024-07-24 01:30:00,1290.1999999999998
2024-07-24 01:45:00,1346.6
2024-07-24 02:00:00,1274.6
2024-07-24 02:15:00,1136.6
2024-07-24 02:30:00,1011.0
2024-07-24 02:45:00,1067.2
2024-07-24 03:00:00,1012.2
2024-07-24 03:15:00,988.8000000000001
2024-07-24 03:30:00,884.4000000000001
2024-07-24 03:45:00,838.4
2024-07-24 04:00:00,1003.1999999999999
2024-07-24 04:15:00,1081.4
2024-07-24 04:30:00,1035.0
2024-07-24 04:45:00,944.4
2024-07-24 05:00:00,924.2
2024-07-24 05:15:00,1027.8
2024-07-24 05:30:00,1122.8000000000002
2024-07-24 05:45:00,1094.2
2024-07-24 06:00:00,1135.2039000000002
2024-07-24 06:15:00,1098.6039
2024-07-24 06:30:00,1057.8039
2024-07-24 06:45:00,1030.8038999999999
2024-07-24 07:00:00,905.1272000000001
2024-07-24 07:15:00,938.7272
2024-07-24 07:30:00,977.7272
2024-07-24 07:45:00,1129.3272
2024-07-24 08:00:00,1235.5835
2024-07-24 08:15:00,1612.5835
2024-07-24 08:30:00,2011.3835
2024-07-24 08:45:00,2402.1835
2024-07-24 09:00:00,2627.4887
2024-07-24 09:15:00,2869.6887
2024-07-24 09:30:00,3136.8887
2024-07-24 09:45:00,3299.2887
2024-07-24 10:00:00,3170.4682000000003
2024-07-24 10:15:00,3245.0682000000006
2024-07-24 10:30:00,3194.6682
2024-07-24 10:45:00,3184.4682000000003
2024-07-24 11:00:00,3092.7072
2024-07-24 11:15:00,3096.7072
2024-07-24 11:30:00,3069.1072
2024-07-24 11:45:00,3184.1071999999995
2024-07-24 12:00:00,2988.3451000000005
2024-07-24 12:15:00,2886.3451
2024-07-24 12:30:00,2912.1450999999997
2024-07-24 12:45:00,2835.9451
2024-07-24 13:00:00,2940.9592000000002
2024-07-24 13:15:00,2872.5591999999997
2024-07-24 13:30:00,2886.1592
2024-07-24 13:45:00,2940.1592
2024-07-24 14:00:00,3088.165
2024-07-24 14:15:00,3094.365
2024-07-24 14:30:00,3390.365
2024-07-24 14:45:00,3302.365
2024-07-24 15:00:00,3536.5785000000005
2024-07-24 15:15:00,3579.5785
2024-07-24 15:30:00,3816.3785000000003
2024-07-24 15:45:00,3685.5785
2024-07-24 16:00:00,3874.9329
2024-07-24 16:15:00,3934.7329
2024-07-24 16:30:00,3797.3329000000003
2024-07-24 16:45:00,3789.1329
2024-07-24 17:00:00,3978.4214
2024-07-24 17:15:00,3905.0213999999996
2024-07-24 17:30:00,3538.8214
2024-07-24 17:45:00,3303.6214
2024-07-24 18:00:00,3219.3990999999996
2024-07-24 18:15:00,3015.5991
2024-07-24 18:30:00,2949.9991000000005
2024-07-24 18:45:00,2643.9991
2024-07-24 19:00:00,2612.8
2024-07-24 19:15:00,2620.7999999999997
2024-07-24 19:30:00,2563.0
2024-07-24 19:45:00,2418.4
2024-07-24 20:00:00,2348.6
2024-07-24 20:15:00,2236.4
2024-07-24 20:30:00,2139.2000000000003
2024-07-24 20:45:00,2049.0
2024-07-24 21:00:00,1942.3999999999999
2024-07-24 21:15:00,1923.1999999999998
2024-07-24 21:30:00,1810.4
2024-07-24 21:45:00,1717.6
2024-07-24 22:00:00,1604.8000000000002
2024-07-24 22:15:00,1547.0
2024-07-24 22:30:00,1367.1999999999998
2024-07-24 22:45:00,1387.4
2024-07-24 23:00:00,1283.8
2024-07-24 23:15:00,1885.0
2024-07-24 23:30:00,1749.1999999999998
2024-07-24 23:45:00,1646.4
2024-07-25 00:00:00,1473.8
2024-07-25 00:15:00,1260.0
2024-07-25 00:30:00,1379.0000000000002
2024-07-25 00:45:00,1398.4
2024-07-25 01:00:00,1317.4
2024-07-25 01:15:00,1273.6000000000001
2024-07-25 01:30:00,1234.9999999999998
2024-07-25 01:45:00,1143.6
2024-07-25 02:00:00,1109.0
2024-07-25 02:15:00,1108.2
2024-07-25 02:30:00,950.2
2024-07-25 02:45:00,889.8
2024-07-25 03:00:00,935.6
2024-07-25 03:15:00,1025.4
2024-07-25 03:30:00,1022.8
2024-07-25 03:45:00,1034.3999999999999
2024-07-25 04:00:00,970.1999999999999
2024-07-25 04:15:00,925.8
2024-07-25 04:30:00,903.6
2024-07-25 04:45:00,939.0
2024-07-25 05:00:00,1007.5999999999999
2024-07-25 05:15:00,1044.0
2024-07-25 05:30:00,1292.1999999999998
2024-07-25 05:45:00,1231.8000000000002
2024-07-25 06:00:00,1199.1468
2024-07-25 06:15:00,1236.9468
2024-07-25 06:30:00,1110.1468
2024-07-25 06:45:00,1233.9468000000002
2024-07-25 07:00:00,953.8960999999999
2024-07-25 07:15:00,933.6961
2024-07-25 07:30:00,1043.8961
2024-07-25 07:45:00,1126.6961000000001
2024-07-25 08:00:00,1144.4607
2024-07-25 08:15:00,1568.8607000000002
2024-07-25 08:30:00,2099.0607
2024-07-25 08:45:00,2795.6606999999995
2024-07-25 09:00:00,2990.2449
2024-07-25 09:15:00,3389.2449
2024-07-25 09:30:00,3620.0449
2024-07-25 09:45:00,3699.6449
2024-07-25 10:00:00,3558.7839000000004
2024-07-25 10:15:00,3700.9839
2024-07-25 10:30:00,3663.1838999999995
2024-07-25 10:45:00,3591.3839
2024-07-25 11:00:00,3469.6810000000005
2024-07-25 11:15:00,3507.081
2024-07-25 11:30:00,3467.081
2024-07-25 11:45:00,3369.481
2024-07-25 12:00:00,3135.6682
2024-07-25 12:15:00,3105.0682
2024-07-25 12:30:00,3141.4682000000003
2024-07-25 12:45:00,3073.2682000000004
2024-07-25 13:00:00,2814.1766
2024-07-25 13:15:00,2834.1766
2024-07-25 13:30:00,2848.3765999999996
2024-07-25 13:45:00,3053.1766
2024-07-25 14:00:00,3109.4575
2024-07-25 14:15:00,3648.6575000000003
2024-07-25 14:30:00,3655.2575
2024-07-25 14:45:00,3516.0575000000003
2024-07-25 15:00:00,3782.2951
2024-07-25 15:15:00,3890.4950999999996
2024-07-25 15:30:00,3773.4951
2024-07-25 15:45:00,3833.6951000000004
2024-07-25 16:00:00,4285.2780999999995
2024-07-25 16:15:00,4360.8781
2024-07-25 16:30:00,4144.6781
2024-07-25 16:45:00,4263.2781
2024-07-25 17:00:00,4283.290800000001
2024-07-25 17:15:00,3993.6908000000003
2024-07-25 17:30:00,3718.8908
2024-07-25 17:45:00,3473.8907999999997
2024-07-25 18:00:00,3574.4862000000003
2024-07-25 18:15:00,3243.2862
2024-07-25 18:30:00,3157.8862
2024-07-25 18:45:00,2979.0861999999997
2024-07-25 19:00:00,2942.8
2024-07-25 19:15:00,2836.6000000000004
2024-07-25 19:30:00,2810.9999999999995
2024-07-25 19:45:00,2677.8
2024-07-25 20:00:00,2561.6000000000004
2024-07-25 20:15:00,2372.0
2024-07-25 20:30:00,2242.0
2024-07-25 20:45:00,2152.2
2024-07-25 21:00:00,2225.4
2024-07-25 21:15:00,2091.4
2024-07-25 21:30:00,2078.4
2024-07-25 21:45:00,1894.4
2024-07-25 22:00:00,1811.8
2024-07-25 22:15:00,1698.0
2024-07-25 22:30:00,1522.2
2024-07-25 22:45:00,1473.0
2024-07-25 23:00:00,1412.2000000000003
2024-07-25 23:15:00,2013.4
2024-07-25 23:30:00,1926.0
2024-07-25 23:45:00,1723.6
2024-07-26 00:00:00,1542.2
2024-07-26 00:15:00,1384.4
2024-07-26 00:30:00,1315.8000000000002
2024-07-26 00:45:00,1442.8
2024-07-26 01:00:00,1436.6
2024-07-26 01:15:00,1416.1999999999998
2024-07-26 01:30:00,1279.4
2024-07-26 01:45:00,1410.6
2024-07-26 02:00:00,1388.1999999999998
2024-07-26 02:15:00,1502.6
2024-07-26 02:30:00,1314.4
2024-07-26 02:45:00,1280.6
2024-07-26 03:00:00,1265.8
2024-07-26 03:15:00,1101.2
2024-07-26 03:30:00,1083.6
2024-07-26 03:45:00,1006.2
2024-07-26 04:00:00,1186.4
2024-07-26 04:15:00,1253.1999999999998
2024-07-26 04:30:00,1224.8
2024-07-26 04:45:00,1114.4
2024-07-26 05:00:00,1203.1999999999998
2024-07-26 05:15:00,1244.8
2024-07-26 05:30:00,1516.1999999999998
2024-07-26 05:45:00,1473.6
2024-07-26 06:00:00,1195.7251
2024-07-26 06:15:00,1187.7250999999999
2024-07-26 06:30:00,1187.3251
2024-07-26 06:45:00,1083.3251
2024-07-26 07:00:00,783.3137999999999
2024-07-26 07:15:00,812.7138
2024-07-26 07:30:00,921.1138000000001
2024-07-26 07:45:00,1074.7138
2024-07-26 08:00:00,1071.4719
2024-07-26 08:15:00,1232.2719000000002
2024-07-26 08:30:00,1762.2719000000002
2024-07-26 08:45:00,2069.6719
2024-07-26 09:00:00,2001.7133000000001
2024-07-26 09:15:00,2218.7133
2024-07-26 09:30:00,2513.7133
2024-07-26 09:45:00,2693.7133000000003
2024-07-26 10:00:00,2437.5712
2024-07-26 10:15:00,2639.5712
2024-07-26 10:30:00,2812.9712
2024-07-26 10:45:00,2815.3712
2024-07-26 11:00:00,2664.8168
2024-07-26 11:15:00,2598.4168
2024-07-26 11:30:00,2629.2168
2024-07-26 11:45:00,2567.8168
2024-07-26 12:00:00,2450.9113
2024-07-26 12:15:00,2439.7113
2024-07-26 12:30:00,2464.1113
2024-07-26 12:45:00,2304.1113
2024-07-26 13:00:00,2355.7245000000003
2024-07-26 13:15:00,2266.7245000000003
2024-07-26 13:30:00,2414.3245000000006
2024-07-26 13:45:00,2370.1245
2024-07-26 14:00:00,2814.3565
2024-07-26 14:15:00,2955.9565000000002
2024-07-26 14:30:00,3071.9565
2024-07-26 14:45:00,3136.9565000000002
2024-07-26 15:00:00,3047.0977000000003
2024-07-26 15:15:00,3044.0977000000003
2024-07-26 15:30:00,3217.4977000000003
2024-07-26 15:45:00,3289.4977
2024-07-26 16:00:00,3659.3320000000003
2024-07-26 16:15:00,3705.5319999999997
2024-07-26 16:30:00,3601.9320000000007
2024-07-26 16:45:00,3715.532
2024-07-26 17:00:00,4009.3911000000003
2024-07-26 17:15:00,3643.1911
2024-07-26 17:30:00,3493.3911
2024-07-26 17:45:00,3298.7911
2024-07-26 18:00:00,3213.4111
2024-07-26 18:15:00,2837.8111000000004
2024-07-26 18:30:00,2727.8111
2024-07-26 18:45:00,2465.2111
2024-07-26 19:00:00,2473.6
2024-07-26 19:15:00,2441.0
2024-07-26 19:30:00,2324.8
2024-07-26 19:45:00,2192.4
2024-07-26 20:00:00,2032.1999999999998
2024-07-26 20:15:00,2045.6000000000001
2024-07-26 20:30:00,1941.0
2024-07-26 20:45:00,1854.0
2024-07-26 21:00:00,1808.6
2024-07-26 21:15:00,1738.2
2024-07-26 21:30:00,1748.6
2024-07-26 21:45:00,1616.0
2024-07-26 22:00:00,1545.3999999999999
2024-07-26 22:15:00,1519.8
2024-07-26 22:30:00,1381.8
2024-07-26 22:45:00,1271.6
2024-07-26 23:00:00,1318.6
2024-07-26 23:15:00,1725.1999999999998
2024-07-26 23:30:00,1633.0
2024-07-26 23:45:00,1502.2
2024-07-27 00:00:00,1398.8
2024-07-27 00:15:00,1323.8000000000002
2024-07-27 00:30:00,1413.0
2024-07-27 00:45:00,1346.8000000000002
2024-07-27 01:00:00,1292.0000000000002
2024-07-27 01:15:00,1211.0
2024-07-27 01:30:00,1073.0
2024-07-27 01:45:00,990.5999999999999
2024-07-27 02:00:00,909.2
2024-07-27 02:15:00,901.8
2024-07-27 02:30:00,1058.2
2024-07-27 02:45:00,970.8
2024-07-27 03:00:00,1098.0
2024-07-27 03:15:00,1303.6000000000001
2024-07-27 03:30:00,1236.2
2024-07-27 03:45:00,1302.2
2024-07-27 04:00:00,1310.4
2024-07-27 04:15:00,1199.0
2024-07-27 04:30:00,1089.8
2024-07-27 04:45:00,1014.8
2024-07-27 05:00:00,1057.0
2024-07-27 05:15:00,908.4
2024-07-27 05:30:00,1015.4
2024-07-27 05:45:00,1013.4000000000001
2024-07-27 06:00:00,1027.7428
2024-07-27 06:15:00,1122.3428
2024-07-27 06:30:00,1091.1428
2024-07-27 06:45:00,923.7428
2024-07-27 07:00:00,464.0444
2024-07-27 07:15:00,462.84440000000006
2024-07-27 07:30:00,428.4444
2024-07-27 07:45:00,441.4444
2024-07-27 08:00:00,116.78569999999996
2024-07-27 08:15:00,393.5857
2024-07-27 08:30:00,456.78569999999996
2024-07-27 08:45:00,591.5857
2024-07-27 09:00:00,362.49580000000003
2024-07-27 09:15:00,552.6958
2024-07-27 09:30:00,686.6958
2024-07-27 09:45:00,741.8958000000001
2024-07-27 10:00:00,586.8869999999998
2024-07-27 10:15:00,683.887
2024-07-27 10:30:00,735.0869999999999
2024-07-27 10:45:00,714.4869999999999
2024-07-27 11:00:00,394.6935
2024-07-27 11:15:00,328.6935
2024-07-27 11:30:00,323.6935
2024-07-27 11:45:00,356.2935
2024-07-27 12:00:00,393.3787
2024-07-27 12:15:00,379.57869999999997
2024-07-27 12:30:00,334.97869999999995
2024-07-27 12:45:00,332.1787
2024-07-27 13:00:00,458.0242
2024-07-27 13:15:00,537.0242000000001
2024-07-27 13:30:00,546.8242
2024-07-27 13:45:00,656.4241999999999
2024-07-27 14:00:00,877.4361000000002
2024-07-27 14:15:00,1047.6361000000002
2024-07-27 14:30:00,1260.2361
2024-07-27 14:45:00,1264.2361
2024-07-27 15:00:00,1421.6353000000001
2024-07-27 15:15:00,1496.4353
2024-07-27 15:30:00,1387.0353
2024-07-27 15:45:00,1536.2352999999998
2024-07-27 16:00:00,1867.9676
2024-07-27 16:15:00,1770.1676
2024-07-27 16:30:00,1598.3676
2024-07-27 16:45:00,1702.1676
2024-07-27 17:00:00,2083.8161999999998
2024-07-27 17:15:00,2032.8162
2024-07-27 17:30:00,1827.4162000000001
2024-07-27 17:45:00,1771.8162000000002
2024-07-27 18:00:00,1664.7894
2024-07-27 18:15:00,1646.9894
2024-07-27 18:30:00,1528.1894
2024-07-27 18:45:00,1445.9894
2024-07-27 19:00:00,1538.0
2024-07-27 19:15:00,1449.0
2024-07-27 19:30:00,1441.3999999999999
2024-07-27 19:45:00,1349.0
2024-07-27 20:00:00,1403.0
2024-07-27 20:15:00,1346.2
2024-07-27 20:30:00,1350.6
2024-07-27 20:45:00,1281.1999999999998
2024-07-27 21:00:00,1242.1999999999998
2024-07-27 21:15:00,1282.3999999999999
2024-07-27 21:30:00,1218.4
2024-07-27 21:45:00,1203.4
2024-07-27 22:00:00,1187.6
2024-07-27 22:15:00,1113.8
2024-07-27 22:30:00,1033.4
2024-07-27 22:45:00,996.0
2024-07-27 23:00:00,984.0
2024-07-27 23:15:00,1427.0
2024-07-27 23:30:00,1319.1999999999998
2024-07-27 23:45:00,1361.1999999999998
2024-07-28 00:00:00,1221.3999999999999
2024-07-28 00:15:00,1025.8
2024-07-28 00:30:00,1228.2
2024-07-28 00:45:00,1268.6
2024-07-28 01:00:00,1187.8
2024-07-28 01:15:00,903.4
2024-07-28 01:30:00,777.2
2024-07-28 01:45:00,791.4
2024-07-28 02:00:00,953.2
2024-07-28 02:15:00,919.5999999999999
2024-07-28 02:30:00,770.2
2024-07-28 02:45:00,774.0
2024-07-28 03:00:00,816.6
2024-07-28 03:15:00,832.6
2024-07-28 03:30:00,867.8
2024-07-28 03:45:00,905.8
2024-07-28 04:00:00,897.8000000000001
2024-07-28 04:15:00,798.8
2024-07-28 04:30:00,986.2
2024-07-28 04:45:00,1050.0
2024-07-28 05:00:00,947.8
2024-07-28 05:15:00,916.1999999999999
2024-07-28 05:30:00,1110.0
2024-07-28 05:45:00,906.2
2024-07-28 06:00:00,757.0627
2024-07-28 06:15:00,781.2627
2024-07-28 06:30:00,689.8626999999999
2024-07-28 06:45:00,592.8627
2024-07-28 07:00:00,291.6531
2024-07-28 07:15:00,269.6531
2024-07-28 07:30:00,263.45309999999995
2024-07-28 07:45:00,272.0531
2024-07-28 08:00:00,-94.36409999999998
2024-07-28 08:15:00,9.035900000000055
2024-07-28 08:30:00,73.4359
2024-07-28 08:45:00,54.0359
2024-07-28 09:00:00,-262.1322
2024-07-28 09:15:00,-249.1322
2024-07-28 09:30:00,-191.73219999999998
2024-07-28 09:45:00,-214.33219999999997
2024-07-28 10:00:00,-401.2325000000001
2024-07-28 10:15:00,-257.43250000000006
2024-07-28 10:30:00,-272.8325000000001
2024-07-28 10:45:00,-360.0325000000001
2024-07-28 11:00:00,-647.6055
2024-07-28 11:15:00,-661.0055
2024-07-28 11:30:00,-636.4055
2024-07-28 11:45:00,-659.6055
2024-07-28 12:00:00,-649.1709
2024-07-28 12:15:00,-553.9709
2024-07-28 12:30:00,-608.7709
2024-07-28 12:45:00,-605.7709000000001
2024-07-28 13:00:00,-554.2541999999999
2024-07-28 13:15:00,-523.2541999999999
2024-07-28 13:30:00,-587.2541999999999
2024-07-28 13:45:00,-600.6541999999998
2024-07-28 14:00:00,-424.4589000000001
2024-07-28 14:15:00,-337.0589000000001
2024-07-28 14:30:00,-269.2589000000001
2024-07-28 14:45:00,-216.85890000000012
2024-07-28 15:00:00,23.690399999999983
2024-07-28 15:15:00,44.690399999999954
2024-07-28 15:30:00,99.69040000000004
2024-07-28 15:45:00,228.09040000000005
2024-07-28 16:00:00,542.9088
2024-07-28 16:15:00,571.9087999999999
2024-07-28 16:30:00,648.1088
2024-07-28 16:45:00,667.3088
2024-07-28 17:00:00,974.6420999999999
2024-07-28 17:15:00,974.4421
2024-07-28 17:30:00,862.4421
2024-07-28 17:45:00,839.8421000000001
2024-07-28 18:00:00,1104.9081
2024-07-28 18:15:00,913.7081000000001
2024-07-28 18:30:00,899.7081000000001
2024-07-28 18:45:00,891.9081
2024-07-28 19:00:00,1068.8
2024-07-28 19:15:00,1029.2
2024-07-28 19:30:00,1052.4
2024-07-28 19:45:00,1075.4
2024-07-28 20:00:00,1040.4
2024-07-28 20:15:00,1007.0
2024-07-28 20:30:00,991.8
2024-07-28 20:45:00,1004.5999999999999
2024-07-28 21:00:00,979.8
2024-07-28 21:15:00,960.6
2024-07-28 21:30:00,952.5999999999999
2024-07-28 21:45:00,968.8
2024-07-28 22:00:00,957.5999999999999
2024-07-28 22:15:00,936.4000000000001
2024-07-28 22:30:00,921.8
2024-07-28 22:45:00,844.8
2024-07-28 23:00:00,916.8
2024-07-28 23:15:00,1223.2
2024-07-28 23:30:00,1251.2
2024-07-28 23:45:00,1087.8
2024-07-29 00:00:00,1292.2
2024-07-29 00:15:00,1193.2
2024-07-29 00:30:00,1115.0
2024-07-29 00:45:00,1083.8
2024-07-29 01:00:00,1104.0
2024-07-29 01:15:00,1050.8
2024-07-29 01:30:00,1024.4
2024-07-29 01:45:00,1089.0
2024-07-29 02:00:00,1037.0
2024-07-29 02:15:00,1272.2
2024-07-29 02:30:00,1017.5999999999999
2024-07-29 02:45:00,876.8
2024-07-29 03:00:00,878.8
2024-07-29 03:15:00,881.2
2024-07-29 03:30:00,881.2
2024-07-29 03:45:00,924.4
2024-07-29 04:00:00,962.8
2024-07-29 04:15:00,988.4000000000001
2024-07-29 04:30:00,908.6
2024-07-29 04:45:00,829.0000000000001
2024-07-29 05:00:00,781.8000000000001
2024-07-29 05:15:00,821.6
2024-07-29 05:30:00,1045.8
2024-07-29 05:45:00,1019.4
2024-07-29 06:00:00,943.4268
2024-07-29 06:15:00,835.2268
2024-07-29 06:30:00,869.2268
2024-07-29 06:45:00,773.4268
2024-07-29 07:00:00,508.7994
2024-07-29 07:15:00,623.7994
2024-07-29 07:30:00,628.7994000000001
2024-07-29 07:45:00,638.5994000000001
2024-07-29 08:00:00,502.4258
2024-07-29 08:15:00,679.4258
2024-07-29 08:30:00,1052.0258000000001
2024-07-29 08:45:00,1298.0258000000001
2024-07-29 09:00:00,1190.1843
2024-07-29 09:15:00,1492.9843
2024-07-29 09:30:00,1736.3843000000002
2024-07-29 09:45:00,1827.7843
2024-07-29 10:00:00,1681.3004
2024-07-29 10:15:00,1851.3004
2024-07-29 10:30:00,1959.3004
2024-07-29 10:45:00,1797.1003999999998
2024-07-29 11:00:00,2119.5001
2024-07-29 11:15:00,2043.5001000000002
2024-07-29 11:30:00,2053.9001
2024-07-29 11:45:00,1910.7001
2024-07-29 12:00:00,1988.7464
2024-07-29 12:15:00,1949.7464
2024-07-29 12:30:00,1978.1463999999999
2024-07-29 12:45:00,1849.9464
2024-07-29 13:00:00,1773.3268
2024-07-29 13:15:00,1658.5268
2024-07-29 13:30:00,1636.7268000000001
2024-07-29 13:45:00,1770.5268
2024-07-29 14:00:00,2036.8796
2024-07-29 14:15:00,2091.0796
2024-07-29 14:30:00,2428.8796
2024-07-29 14:45:00,2456.0796
2024-07-29 15:00:00,2624.506
2024-07-29 15:15:00,2592.906
2024-07-29 15:30:00,2858.506
2024-07-29 15:45:00,2859.706
2024-07-29 16:00:00,2943.7989
2024-07-29 16:15:00,3131.1989
2024-07-29 16:30:00,3264.1989
2024-07-29 16:45:00,3226.1989000000003
2024-07-29 17:00:00,3260.5369
2024-07-29 17:15:00,3120.7369
2024-07-29 17:30:00,2966.1369000000004
2024-07-29 17:45:00,2715.9369
2024-07-29 18:00:00,2563.5449
2024-07-29 18:15:00,2339.9449
2024-07-29 18:30:00,2279.5449
2024-07-29 18:45:00,2016.7449000000001
2024-07-29 19:00:00,2076.8
2024-07-29 19:15:00,1943.9999999999998
2024-07-29 19:30:00,1873.6
2024-07-29 19:45:00,1850.8
2024-07-29 20:00:00,1742.1999999999998
2024-07-29 20:15:00,1734.1999999999998
2024-07-29 20:30:00,1705.8
2024-07-29 20:45:00,1638.0
2024-07-29 21:00:00,1635.4
2024-07-29 21:15:00,1495.0
2024-07-29 21:30:00,1420.4
2024-07-29 21:45:00,1378.3999999999999
2024-07-29 22:00:00,1306.8
2024-07-29 22:15:00,1253.0
2024-07-29 22:30:00,1149.0
2024-07-29 22:45:00,1058.0
2024-07-29 23:00:00,1094.2
2024-07-29 23:15:00,1709.1999999999998
2024-07-29 23:30:00,1587.4
2024-07-29 23:45:00,1244.8
2024-07-30 00:00:00,1131.6000000000001
2024-07-30 00:15:00,1125.8
2024-07-30 00:30:00,1209.4
2024-07-30 00:45:00,1163.2
2024-07-30 01:00:00,994.8
2024-07-30 01:15:00,873.2
2024-07-30 01:30:00,849.6000000000001
2024-07-30 01:45:00,791.0
2024-07-30 02:00:00,820.2
2024-07-30 02:15:00,889.8000000000001
2024-07-30 02:30:00,878.8
2024-07-30 02:45:00,867.6
2024-07-30 03:00:00,858.6
2024-07-30 03:15:00,794.4000000000001
2024-07-30 03:30:00,787.6
2024-07-30 03:45:00,845.8
2024-07-30 04:00:00,1000.4
2024-07-30 04:15:00,1028.6
2024-07-30 04:30:00,963.8
2024-07-30 04:45:00,871.0
2024-07-30 05:00:00,816.4
2024-07-30 05:15:00,1116.1999999999998
2024-07-30 05:30:00,1189.6000000000001
2024-07-30 05:45:00,1208.0
2024-07-30 06:00:00,1121.2245
2024-07-30 06:15:00,1242.2245
2024-07-30 06:30:00,1108.4245
2024-07-30 06:45:00,972.2245
2024-07-30 07:00:00,665.743
2024-07-30 07:15:00,589.143
2024-07-30 07:30:00,629.943
2024-07-30 07:45:00,687.943
2024-07-30 08:00:00,788.4728
2024-07-30 08:15:00,1035.8728
2024-07-30 08:30:00,1522.0728
2024-07-30 08:45:00,1806.8728
2024-07-30 09:00:00,1877.3505
2024-07-30 09:15:00,2220.3505
2024-07-30 09:30:00,2208.5505
2024-07-30 09:45:00,2414.5505
2024-07-30 10:00:00,2471.6202999999996
2024-07-30 10:15:00,2364.4202999999998
2024-07-30 10:30:00,2460.4202999999998
2024-07-30 10:45:00,2557.0203
2024-07-30 11:00:00,2397.3728
2024-07-30 11:15:00,2289.7727999999997
2024-07-30 11:30:00,2286.9728000000005
2024-07-30 11:45:00,2291.1728
2024-07-30 12:00:00,2413.5977
2024-07-30 12:15:00,2242.7976999999996
2024-07-30 12:30:00,2210.3977
2024-07-30 12:45:00,2114.1976999999997
2024-07-30 13:00:00,2071.1427
2024-07-30 13:15:00,1990.5427
2024-07-30 13:30:00,1964.1427
2024-07-30 13:45:00,2046.3427000000001
2024-07-30 14:00:00,2096.6958000000004
2024-07-30 14:15:00,2375.0958
2024-07-30 14:30:00,2398.2958
2024-07-30 14:45:00,2548.8958
2024-07-30 15:00:00,2823.8680999999997
2024-07-30 15:15:00,2915.2681
2024-07-30 15:30:00,2801.6681
2024-07-30 15:45:00,2969.2681000000002
2024-07-30 16:00:00,3062.3264000000004
2024-07-30 16:15:00,3128.3264
2024-07-30 16:30:00,3158.3264
2024-07-30 16:45:00,3183.5263999999997
2024-07-30 17:00:00,3239.604
2024-07-30 17:15:00,3063.804
2024-07-30 17:30:00,2854.404
2024-07-30 17:45:00,2687.804
2024-07-30 18:00:00,2788.0056
2024-07-30 18:15:00,2419.4056
2024-07-30 18:30:00,2277.8056
2024-07-30 18:45:00,2148.8056
2024-07-30 19:00:00,2077.8
2024-07-30 19:15:00,2028.1999999999998
2024-07-30 19:30:00,1975.8
2024-07-30 19:45:00,1826.7999999999997
2024-07-30 20:00:00,1749.4
2024-07-30 20:15:00,1725.2
2024-07-30 20:30:00,1669.6
2024-07-30 20:45:00,1576.6000000000001
2024-07-30 21:00:00,1528.7999999999997
2024-07-30 21:15:00,1459.0
2024-07-30 21:30:00,1519.3999999999999
2024-07-30 21:45:00,1504.1999999999998
2024-07-30 22:00:00,1374.0
2024-07-30 22:15:00,1333.0
2024-07-30 22:30:00,1253.6
2024-07-30 22:45:00,1246.4
2024-07-30 23:00:00,1276.6
2024-07-30 23:15:00,1848.7999999999997
2024-07-30 23:30:00,1755.3999999999999
2024-07-30 23:45:00,1523.8
2024-07-31 00:00:00,1389.8
2024-07-31 00:15:00,1308.6
2024-07-31 00:30:00,1538.0000000000002
2024-07-31 00:45:00,1481.6
2024-07-31 01:00:00,1367.6
2024-07-31 01:15:00,1266.6000000000001
2024-07-31 01:30:00,1135.2
2024-07-31 01:45:00,1119.2
2024-07-31 02:00:00,1065.2
2024-07-31 02:15:00,971.5999999999999
2024-07-31 02:30:00,1040.3999999999999
2024-07-31 02:45:00,994.8
2024-07-31 03:00:00,962.1999999999999
2024-07-31 03:15:00,880.0
2024-07-31 03:30:00,1015.1999999999999
2024-07-31 03:45:00,1008.8000000000001
2024-07-31 04:00:00,964.0
2024-07-31 04:15:00,860.8
2024-07-31 04:30:00,943.8
2024-07-31 04:45:00,926.2
2024-07-31 05:00:00,1023.2
2024-07-31 05:15:00,1137.4
2024-07-31 05:30:00,1159.0
2024-07-31 05:45:00,1226.6000000000001
2024-07-31 06:00:00,1210.6412
2024-07-31 06:15:00,1217.8412
2024-07-31 06:30:00,1079.6412
2024-07-31 06:45:00,1015.0412000000001
2024-07-31 07:00:00,529.75
2024-07-31 07:15:00,571.55
2024-07-31 07:30:00,536.75
2024-07-31 07:45:00,585.95
2024-07-31 08:00:00,372.55789999999985
2024-07-31 08:15:00,664.1578999999999
2024-07-31 08:30:00,1217.3579
2024-07-31 08:45:00,1555.3579
2024-07-31 09:00:00,1502.3892999999998
2024-07-31 09:15:00,1693.7893
2024-07-31 09:30:00,1989.5892999999996
2024-07-31 09:45:00,1976.7893000000001
2024-07-31 10:00:00,1889.3892
2024-07-31 10:15:00,1780.1891999999998
2024-07-31 10:30:00,1836.5892
2024-07-31 10:45:00,1819.7892000000002
2024-07-31 11:00:00,2205.2294999999995
2024-07-31 11:15:00,2108.6295
2024-07-31 11:30:00,2127.4295
2024-07-31 11:45:00,2139.4295
2024-07-31 12:00:00,2037.3538999999998
2024-07-31 12:15:00,2046.5538999999999
2024-07-31 12:30:00,1920.3538999999998
2024-07-31 12:45:00,1797.1539
2024-07-31 13:00:00,1777.4472
2024-07-31 13:15:00,1681.2472
2024-07-31 13:30:00,1675.6472
2024-07-31 13:45:00,1755.2472000000002
2024-07-31 14:00:00,1860.3059
2024-07-31 14:15:00,2199.5059
2024-07-31 14:30:00,2187.9058999999997
2024-07-31 14:45:00,2217.1059
2024-07-31 15:00:00,2369.7650999999996
2024-07-31 15:15:00,2380.1651
2024-07-31 15:30:00,2684.5651
2024-07-31 15:45:00,2762.1651
2024-07-31 16:00:00,2907.9799
2024-07-31 16:15:00,2881.5798999999997
2024-07-31 16:30:00,2915.5798999999997
2024-07-31 16:45:00,2833.5798999999997
2024-07-31 17:00:00,3117.1110000000003
2024-07-31 17:15:00,2944.3109999999997
2024-07-31 17:30:00,2630.111
2024-07-31 17:45:00,2540.311
2024-07-31 18:00:00,2634.0189
2024-07-31 18:15:00,2352.8188999999998
2024-07-31 18:30:00,2193.2189
2024-07-31 18:45:00,2101.4188999999997
2024-07-31 19:00:00,2132.2
2024-07-31 19:15:00,1999.2
2024-07-31 19:30:00,1915.0
2024-07-31 19:45:00,1785.1999999999998
2024-07-31 20:00:00,1763.1999999999998
2024-07-31 20:15:00,1703.0
2024-07-31 20:30:00,1735.4
2024-07-31 20:45:00,1626.6000000000001
2024-07-31 21:00:00,1523.1999999999998
2024-07-31 21:15:00,1459.7999999999997
2024-07-31 21:30:00,1419.0
2024-07-31 21:45:00,1405.6000000000001
2024-07-31 22:00:00,1350.6
2024-07-31 22:15:00,1279.0
2024-07-31 22:30:00,1203.4
2024-07-31 22:45:00,1191.0
2024-07-31 23:00:00,1330.0
2024-07-31 23:15:00,1924.8000000000002
2024-07-31 23:30:00,1753.6
2024-07-31 23:45:00,1543.7999999999997
2024-08-01 00:00:00,1525.3999999999999
2024-08-01 00:15:00,1230.8
2024-08-01 00:30:00,1155.6
2024-08-01 00:45:00,1015.8000000000001
2024-08-01 01:00:00,960.2
2024-08-01 01:15:00,968.5999999999999
2024-08-01 01:30:00,947.5999999999999
2024-08-01 01:45:00,977.8000000000001
2024-08-01 02:00:00,1181.2
2024-08-01 02:15:00,1258.2
2024-08-01 02:30:00,1087.4
2024-08-01 02:45:00,1065.0
2024-08-01 03:00:00,1108.2
2024-08-01 03:15:00,1188.2
2024-08-01 03:30:00,1145.2
2024-08-01 03:45:00,1051.8
2024-08-01 04:00:00,971.0
2024-08-01 04:15:00,936.5999999999999
2024-08-01 04:30:00,841.4000000000001
2024-08-01 04:45:00,904.2
2024-08-01 05:00:00,938.1999999999999
2024-08-01 05:15:00,967.2
2024-08-01 05:30:00,1200.8000000000002
2024-08-01 05:45:00,1277.4
2024-08-01 06:00:00,1064.3342
2024-08-01 06:15:00,971.7341999999999
2024-08-01 06:30:00,1212.7341999999999
2024-08-01 06:45:00,1015.5341999999999
2024-08-01 07:00:00,600.9885
2024-08-01 07:15:00,595.3885
2024-08-01 07:30:00,592.5885000000001
2024-08-01 07:45:00,681.9884999999999
2024-08-01 08:00:00,417.7378
2024-08-01 08:15:00,776.5378000000001
2024-08-01 08:30:00,1123.7377999999999
2024-08-01 08:45:00,1654.7377999999999
2024-08-01 09:00:00,1423.6528999999998
2024-08-01 09:15:00,1598.0528999999997
2024-08-01 09:30:00,1659.4528999999998
2024-08-01 09:45:00,2113.6529
2024-08-01 10:00:00,1859.3491000000004
2024-08-01 10:15:00,1966.5491000000004
2024-08-01 10:30:00,1842.7491000000005
2024-08-01 10:45:00,1735.7491000000005
2024-08-01 11:00:00,1941.0693999999999
2024-08-01 11:15:00,1845.6694
2024-08-01 11:30:00,1918.8693999999998
2024-08-01 11:45:00,1918.2694
2024-08-01 12:00:00,1989.0311000000002
2024-08-01 12:15:00,1923.6311
2024-08-01 12:30:00,1891.4311000000002
2024-08-01 12:45:00,1751.4311000000002
2024-08-01 13:00:00,1822.8371999999997
2024-08-01 13:15:00,1844.8372
2024-08-01 13:30:00,1738.2372
2024-08-01 13:45:00,1871.4371999999998
2024-08-01 14:00:00,1977.936
2024-08-01 14:15:00,2252.3360000000002
2024-08-01 14:30:00,2499.1360000000004
2024-08-01 14:45:00,2448.536
2024-08-01 15:00:00,2788.3403
2024-08-01 15:15:00,2780.5402999999997
2024-08-01 15:30:00,2727.3403
2024-08-01 15:45:00,2810.9402999999998
2024-08-01 16:00:00,3213.0409
2024-08-01 16:15:00,2962.8409
2024-08-01 16:30:00,2910.4409000000005
2024-08-01 16:45:00,2846.8409
2024-08-01 17:00:00,3312.7025
2024-08-01 17:15:00,3061.9025
2024-08-01 17:30:00,2968.5025
2024-08-01 17:45:00,2693.1025
2024-08-01 18:00:00,2500.5421
2024-08-01 18:15:00,2303.7421
2024-08-01 18:30:00,2117.7421
2024-08-01 18:45:00,1982.1421
2024-08-01 19:00:00,2017.8000000000002
2024-08-01 19:15:00,1979.6
2024-08-01 19:30:00,1905.4
2024-08-01 19:45:00,1853.8
2024-08-01 20:00:00,1798.0000000000002
2024-08-01 20:15:00,1748.8
2024-08-01 20:30:00,1694.6000000000001
2024-08-01 20:45:00,1629.4
2024-08-01 21:00:00,1500.6
2024-08-01 21:15:00,1461.4
2024-08-01 21:30:00,1453.3999999999999
2024-08-01 21:45:00,1425.8000000000002
2024-08-01 22:00:00,1422.4
2024-08-01 22:15:00,1269.0
2024-08-01 22:30:00,1222.4
2024-08-01 22:45:00,1200.2
2024-08-01 23:00:00,1296.6
2024-08-01 23:15:00,1782.2
2024-08-01 23:30:00,1643.2000000000003
2024-08-01 23:45:00,1634.6000000000001
2024-08-02 00:00:00,1268.8
2024-08-02 00:15:00,1224.8
2024-08-02 00:30:00,1252.0
2024-08-02 00:45:00,1066.4
2024-08-02 01:00:00,1106.6000000000001
2024-08-02 01:15:00,996.0
2024-08-02 01:30:00,1180.8
2024-08-02 01:45:00,1144.0
2024-08-02 02:00:00,1192.1999999999998
2024-08-02 02:15:00,1140.6
2024-08-02 02:30:00,1021.0
2024-08-02 02:45:00,1099.4
2024-08-02 03:00:00,1130.3999999999999
2024-08-02 03:15:00,1132.4
2024-08-02 03:30:00,1006.6000000000001
2024-08-02 03:45:00,867.0
2024-08-02 04:00:00,948.4
2024-08-02 04:15:00,1037.8
2024-08-02 04:30:00,983.6
2024-08-02 04:45:00,968.8000000000001
2024-08-02 05:00:00,820.2
2024-08-02 05:15:00,934.4000000000001
2024-08-02 05:30:00,1106.0
2024-08-02 05:45:00,1240.6
2024-08-02 06:00:00,1092.8977
2024-08-02 06:15:00,933.4976999999999
2024-08-02 06:30:00,997.2977000000001
2024-08-02 06:45:00,935.8977
2024-08-02 07:00:00,673.6012000000001
2024-08-02 07:15:00,737.2012
2024-08-02 07:30:00,719.8012000000001
2024-08-02 07:45:00,657.2012
2024-08-02 08:00:00,806.6480000000001
2024-08-02 08:15:00,1214.648
2024-08-02 08:30:00,1693.0479999999998
2024-08-02 08:45:00,2322.848
2024-08-02 09:00:00,2534.3677
2024-08-02 09:15:00,2723.7677000000003
2024-08-02 09:30:00,2752.1677
2024-08-02 09:45:00,2888.3677
2024-08-02 10:00:00,2516.6188
2024-08-02 10:15:00,2590.8188
2024-08-02 10:30:00,2523.4188000000004
2024-08-02 10:45:00,2575.6188
2024-08-02 11:00:00,2498.3413
2024-08-02 11:15:00,2552.7412999999997
2024-08-02 11:30:00,2410.5413
2024-08-02 11:45:00,2380.3413
2024-08-02 12:00:00,2258.7747
2024-08-02 12:15:00,2259.5747
2024-08-02 12:30:00,2395.1747000000005
2024-08-02 12:45:00,2294.9747
2024-08-02 13:00:00,2112.8681
2024-08-02 13:15:00,2230.4681
2024-08-02 13:30:00,2149.6681
2024-08-02 13:45:00,2136.0681
2024-08-02 14:00:00,2178.2482
2024-08-02 14:15:00,2291.4482
2024-08-02 14:30:00,2484.2482
2024-08-02 14:45:00,2565.2482
2024-08-02 15:00:00,2653.2715
2024-08-02 15:15:00,2756.6715
2024-08-02 15:30:00,2896.6715
2024-08-02 15:45:00,2812.6715
2024-08-02 16:00:00,3079.291
2024-08-02 16:15:00,2965.491
2024-08-02 16:30:00,3088.091
2024-08-02 16:45:00,3054.091
2024-08-02 17:00:00,3181.5493
2024-08-02 17:15:00,3113.9493
2024-08-02 17:30:00,2960.7493
2024-08-02 17:45:00,2735.7493
2024-08-02 18:00:00,2606.21
2024-08-02 18:15:00,2362.41
2024-08-02 18:30:00,2153.8100000000004
2024-08-02 18:45:00,2065.41
2024-08-02 19:00:00,1926.3999999999999
2024-08-02 19:15:00,1856.4
2024-08-02 19:30:00,1812.0
2024-08-02 19:45:00,1722.8000000000002
2024-08-02 20:00:00,1653.8
2024-08-02 20:15:00,1589.8
2024-08-02 20:30:00,1510.4
2024-08-02 20:45:00,1457.4
2024-08-02 21:00:00,1381.3999999999999
2024-08-02 21:15:00,1375.8
2024-08-02 21:30:00,1330.0
2024-08-02 21:45:00,1333.8000000000002
2024-08-02 22:00:00,1243.2
2024-08-02 22:15:00,1209.0
2024-08-02 22:30:00,1127.6
2024-08-02 22:45:00,1090.8000000000002
2024-08-02 23:00:00,1077.8
2024-08-02 23:15:00,1657.2
2024-08-02 23:30:00,1618.1999999999998
2024-08-02 23:45:00,1371.0
2024-08-03 00:00:00,1287.1999999999998
2024-08-03 00:15:00,1141.6
2024-08-03 00:30:00,1146.2
2024-08-03 00:45:00,1207.8
2024-08-03 01:00:00,1045.2
2024-08-03 01:15:00,1149.0
2024-08-03 01:30:00,1088.6000000000001
2024-08-03 01:45:00,1231.3999999999999
2024-08-03 02:00:00,1208.0
2024-08-03 02:15:00,1096.2
2024-08-03 02:30:00,1100.2
2024-08-03 02:45:00,1079.8
2024-08-03 03:00:00,1091.0
2024-08-03 03:15:00,1176.2
2024-08-03 03:30:00,1253.2
2024-08-03 03:45:00,1111.8
2024-08-03 04:00:00,1071.8
2024-08-03 04:15:00,915.8
2024-08-03 04:30:00,851.8000000000001
2024-08-03 04:45:00,871.6000000000001
2024-08-03 05:00:00,1136.0
2024-08-03 05:15:00,1112.8
2024-08-03 05:30:00,1074.6
2024-08-03 05:45:00,1145.6000000000001
2024-08-03 06:00:00,959.2855
2024-08-03 06:15:00,929.8855
2024-08-03 06:30:00,863.0855
2024-08-03 06:45:00,853.6855
2024-08-03 07:00:00,573.1046
2024-08-03 07:15:00,535.5046
2024-08-03 07:30:00,477.1046
2024-08-03 07:45:00,468.1046
2024-08-03 08:00:00,259.69530000000003
2024-08-03 08:15:00,407.6953
2024-08-03 08:30:00,630.6953
2024-08-03 08:45:00,800.0953
2024-08-03 09:00:00,706.8063
2024-08-03 09:15:00,811.6063
2024-08-03 09:30:00,930.4063000000001
2024-08-03 09:45:00,862.6062999999999
2024-08-03 10:00:00,800.4824000000001
2024-08-03 10:15:00,858.8824
2024-08-03 10:30:00,817.2824
2024-08-03 10:45:00,788.4824000000001
2024-08-03 11:00:00,614.3484000000001
2024-08-03 11:15:00,699.1484
2024-08-03 11:30:00,874.7484000000001
2024-08-03 11:45:00,779.1484
2024-08-03 12:00:00,620.7688999999999
2024-08-03 12:15:00,583.1688999999999
2024-08-03 12:30:00,531.1688999999999
2024-08-03 12:45:00,587.3688999999999
2024-08-03 13:00:00,872.9979000000001
2024-08-03 13:15:00,989.5979
2024-08-03 13:30:00,944.5979000000001
2024-08-03 13:45:00,991.5979
2024-08-03 14:00:00,1022.1964000000003
2024-08-03 14:15:00,1085.9964
2024-08-03 14:30:00,1237.9964000000002
2024-08-03 14:45:00,1315.5964000000001
2024-08-03 15:00:00,1406.3807
2024-08-03 15:15:00,1453.5807
2024-08-03 15:30:00,1508.7807
2024-08-03 15:45:00,1480.3807000000002
2024-08-03 16:00:00,1645.2790000000002
2024-08-03 16:15:00,1854.079
2024-08-03 16:30:00,1804.079
2024-08-03 16:45:00,1696.679
2024-08-03 17:00:00,1753.9127
2024-08-03 17:15:00,1917.9127
2024-08-03 17:30:00,1889.3127
2024-08-03 17:45:00,1571.5127
2024-08-03 18:00:00,1800.2661
2024-08-03 18:15:00,1486.4661
2024-08-03 18:30:00,1428.8660999999997
2024-08-03 18:45:00,1351.0661
2024-08-03 19:00:00,1420.0
2024-08-03 19:15:00,1445.0
2024-08-03 19:30:00,1399.4
2024-08-03 19:45:00,1354.4
2024-08-03 20:00:00,1284.6
2024-08-03 20:15:00,1269.2
2024-08-03 20:30:00,1225.2
2024-08-03 20:45:00,1193.6000000000001
2024-08-03 21:00:00,1185.2
2024-08-03 21:15:00,1158.8000000000002
2024-08-03 21:30:00,1173.0
2024-08-03 21:45:00,1143.4
2024-08-03 22:00:00,1124.8
2024-08-03 22:15:00,1136.0
2024-08-03 22:30:00,1009.1999999999999
2024-08-03 22:45:00,972.4
2024-08-03 23:00:00,1016.4
2024-08-03 23:15:00,1744.8000000000002
2024-08-03 23:30:00,1651.2
2024-08-03 23:45:00,1412.8
2024-08-04 00:00:00,1147.3999999999999
2024-08-04 00:15:00,1373.8
2024-08-04 00:30:00,1329.9999999999998
2024-08-04 00:45:00,1196.8
2024-08-04 01:00:00,1021.8
2024-08-04 01:15:00,1029.3999999999999
2024-08-04 01:30:00,998.2
2024-08-04 01:45:00,1118.0
2024-08-04 02:00:00,1055.8
2024-08-04 02:15:00,1104.0
2024-08-04 02:30:00,1139.2
2024-08-04 02:45:00,1162.0
2024-08-04 03:00:00,1116.6
2024-08-04 03:15:00,1169.6
2024-08-04 03:30:00,1096.0
2024-08-04 03:45:00,1174.6
2024-08-04 04:00:00,1333.2
2024-08-04 04:15:00,1052.2
2024-08-04 04:30:00,1015.2
2024-08-04 04:45:00,1007.2
2024-08-04 05:00:00,1048.2
2024-08-04 05:15:00,1129.2
2024-08-04 05:30:00,1228.6
2024-08-04 05:45:00,1081.4
2024-08-04 06:00:00,940.0367
2024-08-04 06:15:00,1098.0366999999999
2024-08-04 06:30:00,1021.6367
2024-08-04 06:45:00,884.2367
2024-08-04 07:00:00,432.67310000000003
2024-08-04 07:15:00,437.2731
2024-08-04 07:30:00,457.6731
2024-08-04 07:45:00,502.47310000000004
2024-08-04 08:00:00,129.1563
2024-08-04 08:15:00,231.35630000000003
2024-08-04 08:30:00,326.35630000000003
2024-08-04 08:45:00,401.3563
2024-08-04 09:00:00,244.52259999999998
2024-08-04 09:15:00,274.32259999999997
2024-08-04 09:30:00,338.1226
2024-08-04 09:45:00,510.9226
2024-08-04 10:00:00,331.1187
2024-08-04 10:15:00,486.5187
2024-08-04 10:30:00,432.91869999999994
2024-08-04 10:45:00,525.5187000000001
2024-08-04 11:00:00,358.2163
2024-08-04 11:15:00,346.41629999999986
2024-08-04 11:30:00,347.61629999999997
2024-08-04 11:45:00,321.4163
2024-08-04 12:00:00,373.9847
2024-08-04 12:15:00,235.7847
2024-08-04 12:30:00,281.1847000000001
2024-08-04 12:45:00,382.5847
2024-08-04 13:00:00,376.59439999999995
2024-08-04 13:15:00,347.59439999999995
2024-08-04 13:30:00,417.7944
2024-08-04 13:45:00,402.9944
2024-08-04 14:00:00,227.9065
2024-08-04 14:15:00,279.1065
2024-08-04 14:30:00,422.9065
2024-08-04 14:45:00,601.9065
2024-08-04 15:00:00,1034.5928
2024-08-04 15:15:00,1213.3928
2024-08-04 15:30:00,1079.5928000000001
2024-08-04 15:45:00,1084.7928
2024-08-04 16:00:00,1423.7799
2024-08-04 16:15:00,1185.9799
2024-08-04 16:30:00,1349.3799000000001
2024-08-04 16:45:00,1505.5799
2024-08-04 17:00:00,1786.9292
2024-08-04 17:15:00,1682.5292
2024-08-04 17:30:00,1438.3292000000001
2024-08-04 17:45:00,1413.9292
2024-08-04 18:00:00,1496.0119
2024-08-04 18:15:00,1385.6119
2024-08-04 18:30:00,1365.2119
2024-08-04 18:45:00,1358.4119
2024-08-04 19:00:00,1429.2
2024-08-04 19:15:00,1446.0
2024-08-04 19:30:00,1465.3999999999999
2024-08-04 19:45:00,1370.4
2024-08-04 20:00:00,1343.8
2024-08-04 20:15:00,1332.6
2024-08-04 20:30:00,1332.0
2024-08-04 20:45:00,1319.8
2024-08-04 21:00:00,1279.2
2024-08-04 21:15:00,1291.2
2024-08-04 21:30:00,1241.0
2024-08-04 21:45:00,1224.1999999999998
2024-08-04 22:00:00,1219.4
2024-08-04 22:15:00,1243.0
2024-08-04 22:30:00,1151.1999999999998
2024-08-04 22:45:00,953.0
2024-08-04 23:00:00,1108.8
2024-08-04 23:15:00,1611.6
2024-08-04 23:30:00,1563.6
2024-08-04 23:45:00,1445.8
2024-08-05 00:00:00,1339.8
2024-08-05 00:15:00,1186.8
2024-08-05 00:30:00,1039.4
2024-08-05 00:45:00,1094.4
2024-08-05 01:00:00,989.8000000000001
2024-08-05 01:15:00,950.6
2024-08-05 01:30:00,1067.0
2024-08-05 01:45:00,1096.0
2024-08-05 02:00:00,1032.8
2024-08-05 02:15:00,1004.2
2024-08-05 02:30:00,1240.3999999999999
2024-08-05 02:45:00,1293.3999999999999
2024-08-05 03:00:00,1294.2
2024-08-05 03:15:00,1066.2
2024-08-05 03:30:00,1075.0
2024-08-05 03:45:00,1047.8
2024-08-05 04:00:00,1059.4
2024-08-05 04:15:00,1115.4
2024-08-05 04:30:00,985.0
2024-08-05 04:45:00,895.8000000000001
2024-08-05 05:00:00,887.4
2024-08-05 05:15:00,937.2
2024-08-05 05:30:00,1164.0
2024-08-05 05:45:00,1186.4
2024-08-05 06:00:00,1048.3790000000001
2024-08-05 06:15:00,1127.5790000000002
2024-08-05 06:30:00,1068.979
2024-08-05 06:45:00,918.7789999999999
2024-08-05 07:00:00,566.3466000000001
2024-08-05 07:15:00,595.5466000000001
2024-08-05 07:30:00,666.7466000000001
2024-08-05 07:45:00,863.1466
2024-08-05 08:00:00,751.5806
2024-08-05 08:15:00,980.9806000000001
2024-08-05 08:30:00,1635.7805999999998
2024-08-05 08:45:00,2031.5805999999998
2024-08-05 09:00:00,2090.9794
2024-08-05 09:15:00,2482.5794
2024-08-05 09:30:00,2683.3794
2024-08-05 09:45:00,2874.5794
2024-08-05 10:00:00,2715.1814000000004
2024-08-05 10:15:00,2876.5814
2024-08-05 10:30:00,2870.1814000000004
2024-08-05 10:45:00,2762.5814
2024-08-05 11:00:00,2513.7332
2024-08-05 11:15:00,2460.1332
2024-08-05 11:30:00,2414.7331999999997
2024-08-05 11:45:00,2566.9332
2024-08-05 12:00:00,2512.0047999999997
2024-08-05 12:15:00,2409.8048
2024-08-05 12:30:00,2417.0047999999997
2024-08-05 12:45:00,2301.4048000000003
2024-08-05 13:00:00,2120.8422
2024-08-05 13:15:00,2196.2422
2024-08-05 13:30:00,2214.4422000000004
2024-08-05 13:45:00,2285.8422
2024-08-05 14:00:00,2287.8455
2024-08-05 14:15:00,2751.2455
2024-08-05 14:30:00,2793.0455
2024-08-05 14:45:00,2796.2455
2024-08-05 15:00:00,2973.1497999999997
2024-08-05 15:15:00,3168.1498
2024-08-05 15:30:00,3143.9498
2024-08-05 15:45:00,3097.7498
2024-08-05 16:00:00,3426.2372
2024-08-05 16:15:00,3539.0371999999998
2024-08-05 16:30:00,3636.0371999999998
2024-08-05 16:45:00,3710.2371999999996
2024-08-05 17:00:00,3957.6429
2024-08-05 17:15:00,3818.2429
2024-08-05 17:30:00,3530.8428999999996
2024-08-05 17:45:00,3163.6429000000003
2024-08-05 18:00:00,3061.7060999999994
2024-08-05 18:15:00,2887.7061000000003
2024-08-05 18:30:00,2792.5061
2024-08-05 18:45:00,2728.9061
2024-08-05 19:00:00,2568.7999999999997
2024-08-05 19:15:00,2520.4
2024-08-05 19:30:00,2389.6000000000004
2024-08-05 19:45:00,2280.7999999999997
2024-08-05 20:00:00,2118.6
2024-08-05 20:15:00,2101.4
2024-08-05 20:30:00,1986.8
2024-08-05 20:45:00,1894.8
2024-08-05 21:00:00,1800.4
2024-08-05 21:15:00,1615.0000000000002
2024-08-05 21:30:00,1552.8
2024-08-05 21:45:00,1533.1999999999998
2024-08-05 22:00:00,1424.6
2024-08-05 22:15:00,1329.2
2024-08-05 22:30:00,1208.2
2024-08-05 22:45:00,1207.4
2024-08-05 23:00:00,1380.6
2024-08-05 23:15:00,1792.8
2024-08-05 23:30:00,1645.2
2024-08-05 23:45:00,1594.0
2024-08-06 00:00:00,1475.1999999999998
2024-08-06 00:15:00,1443.4
2024-08-06 00:30:00,1313.8
2024-08-06 00:45:00,1157.8
2024-08-06 01:00:00,1254.8
2024-08-06 01:15:00,1119.8
2024-08-06 01:30:00,1033.0
2024-08-06 01:45:00,1029.2
2024-08-06 02:00:00,1030.0
2024-08-06 02:15:00,1163.0
2024-08-06 02:30:00,1113.8
2024-08-06 02:45:00,1249.0
2024-08-06 03:00:00,1227.6
2024-08-06 03:15:00,1116.2
2024-08-06 03:30:00,1132.0
2024-08-06 03:45:00,1186.2
2024-08-06 04:00:00,1167.8000000000002
2024-08-06 04:15:00,1156.2
2024-08-06 04:30:00,991.4
2024-08-06 04:45:00,838.8
2024-08-06 05:00:00,930.0
2024-08-06 05:15:00,1228.2
2024-08-06 05:30:00,1339.0
2024-08-06 05:45:00,1124.8
2024-08-06 06:00:00,1052.1734
2024-08-06 06:15:00,1233.9734
2024-08-06 06:30:00,1148.5734
2024-08-06 06:45:00,1070.3734
2024-08-06 07:00:00,926.0675
2024-08-06 07:15:00,771.8675000000001
2024-08-06 07:30:00,804.2675
2024-08-06 07:45:00,890.6675000000001
2024-08-06 08:00:00,661.1821
2024-08-06 08:15:00,1119.9821000000002
2024-08-06 08:30:00,1530.5821
2024-08-06 08:45:00,2141.1821
2024-08-06 09:00:00,1883.1246
2024-08-06 09:15:00,2083.3246
2024-08-06 09:30:00,2229.1246
2024-08-06 09:45:00,2311.7246
2024-08-06 10:00:00,1930.7777
2024-08-06 10:15:00,1995.1777000000002
2024-08-06 10:30:00,2172.5777
2024-08-06 10:45:00,2115.7777
2024-08-06 11:00:00,1893.1815
2024-08-06 11:15:00,1803.5814999999998
2024-08-06 11:30:00,1840.9814999999999
2024-08-06 11:45:00,1807.7814999999998
2024-08-06 12:00:00,1915.4267
2024-08-06 12:15:00,1764.6267
2024-08-06 12:30:00,1901.6267
2024-08-06 12:45:00,1717.8267
2024-08-06 13:00:00,1800.9834
2024-08-06 13:15:00,1731.5834
2024-08-06 13:30:00,1711.5834
2024-08-06 13:45:00,1926.9833999999998
2024-08-06 14:00:00,2231.7132
2024-08-06 14:15:00,2621.1132000000002
2024-08-06 14:30:00,2651.9132
2024-08-06 14:45:00,2624.7132
2024-08-06 15:00:00,2803.9737
2024-08-06 15:15:00,2971.9737
2024-08-06 15:30:00,2978.1737000000003
2024-08-06 15:45:00,2856.9737000000005
2024-08-06 16:00:00,3239.3168
2024-08-06 16:15:00,3354.9168
2024-08-06 16:30:00,3328.3168
2024-08-06 16:45:00,3361.1168
2024-08-06 17:00:00,3467.5392
2024-08-06 17:15:00,3357.7392
2024-08-06 17:30:00,3001.3392
2024-08-06 17:45:00,2987.3392
2024-08-06 18:00:00,2861.093
2024-08-06 18:15:00,2619.293
2024-08-06 18:30:00,2469.893
2024-08-06 18:45:00,2246.2929999999997
2024-08-06 19:00:00,2464.0
2024-08-06 19:15:00,2296.0
2024-08-06 19:30:00,2100.0
2024-08-06 19:45:00,2069.0
2024-08-06 20:00:00,1986.6000000000001
2024-08-06 20:15:00,1827.3999999999999
2024-08-06 20:30:00,1806.0
2024-08-06 20:45:00,1703.8000000000002
2024-08-06 21:00:00,1641.3999999999999
2024-08-06 21:15:00,1561.8
2024-08-06 21:30:00,1514.2
2024-08-06 21:45:00,1482.1999999999998
2024-08-06 22:00:00,1403.0
2024-08-06 22:15:00,1354.6000000000001
2024-08-06 22:30:00,1294.8
2024-08-06 22:45:00,1234.6
2024-08-06 23:00:00,1245.8
2024-08-06 23:15:00,1858.4
2024-08-06 23:30:00,1602.0
2024-08-06 23:45:00,1453.2
2024-08-07 00:00:00,1495.8
2024-08-07 00:15:00,1407.0
2024-08-07 00:30:00,1380.2
2024-08-07 00:45:00,1202.6
2024-08-07 01:00:00,1196.2
2024-08-07 01:15:00,1142.2
2024-08-07 01:30:00,1117.4
2024-08-07 01:45:00,1015.2
2024-08-07 02:00:00,934.8
2024-08-07 02:15:00,1201.6000000000001
2024-08-07 02:30:00,1046.1999999999998
2024-08-07 02:45:00,1136.4
2024-08-07 03:00:00,1237.8000000000002
2024-08-07 03:15:00,1229.8000000000002
2024-08-07 03:30:00,1071.2
2024-08-07 03:45:00,1131.0
2024-08-07 04:00:00,958.0
2024-08-07 04:15:00,956.0
2024-08-07 04:30:00,997.6
2024-08-07 04:45:00,1236.8
2024-08-07 05:00:00,1310.6000000000001
2024-08-07 05:15:00,1204.8
2024-08-07 05:30:00,1296.6
2024-08-07 05:45:00,1180.6
2024-08-07 06:00:00,1179.3618
2024-08-07 06:15:00,1249.5618
2024-08-07 06:30:00,1371.9617999999998
2024-08-07 06:45:00,1205.9618
2024-08-07 07:00:00,768.3810000000001
2024-08-07 07:15:00,689.181
2024-08-07 07:30:00,703.381
2024-08-07 07:45:00,734.781
2024-08-07 08:00:00,612.8976
2024-08-07 08:15:00,857.2976000000001
2024-08-07 08:30:00,1314.0976
2024-08-07 08:45:00,1768.2975999999999
2024-08-07 09:00:00,1673.1988999999999
2024-08-07 09:15:00,2034.9988999999998
2024-08-07 09:30:00,2211.9989
2024-08-07 09:45:00,2605.9989
2024-08-07 10:00:00,2400.1401000000005
2024-08-07 10:15:00,2326.9401000000003
2024-08-07 10:30:00,2477.1401
2024-08-07 10:45:00,2297.3401
2024-08-07 11:00:00,2224.9325
2024-08-07 11:15:00,2041.3325000000002
2024-08-07 11:30:00,2120.9325
2024-08-07 11:45:00,2047.3325
2024-08-07 12:00:00,1839.7068000000002
2024-08-07 12:15:00,1827.7068
2024-08-07 12:30:00,1805.7068
2024-08-07 12:45:00,1696.1068
2024-08-07 13:00:00,1723.0098
2024-08-07 13:15:00,1710.8098
2024-08-07 13:30:00,1790.0098000000003
2024-08-07 13:45:00,1746.4098000000001
2024-08-07 14:00:00,1924.7989
2024-08-07 14:15:00,2122.9989
2024-08-07 14:30:00,2243.5989
2024-08-07 14:45:00,2307.5989
2024-08-07 15:00:00,2916.9198
2024-08-07 15:15:00,3029.1198
2024-08-07 15:30:00,2997.9198000000006
2024-08-07 15:45:00,2941.5198
2024-08-07 16:00:00,3217.4948000000004
2024-08-07 16:15:00,3321.0948000000003
2024-08-07 16:30:00,3284.4948
2024-08-07 16:45:00,3261.4948
2024-08-07 17:00:00,3433.9267
2024-08-07 17:15:00,3570.9266999999995
2024-08-07 17:30:00,3603.9267
2024-08-07 17:45:00,3125.3267
2024-08-07 18:00:00,2907.4848
2024-08-07 18:15:00,2729.8848
2024-08-07 18:30:00,2625.2848
2024-08-07 18:45:00,2508.0848
2024-08-07 19:00:00,2475.0
2024-08-07 19:15:00,2334.0
2024-08-07 19:30:00,2192.3999999999996
2024-08-07 19:45:00,2156.2
2024-08-07 20:00:00,2103.6
2024-08-07 20:15:00,1983.1999999999998
2024-08-07 20:30:00,1910.6
2024-08-07 20:45:00,1810.3999999999999
2024-08-07 21:00:00,1679.2000000000003
2024-08-07 21:15:00,1585.3999999999999
2024-08-07 21:30:00,1521.4
2024-08-07 21:45:00,1423.6
2024-08-07 22:00:00,1305.0
2024-08-07 22:15:00,1243.1999999999998
2024-08-07 22:30:00,1125.0
2024-08-07 22:45:00,1079.6
2024-08-07 23:00:00,1355.4
2024-08-07 23:15:00,1763.2
2024-08-07 23:30:00,1525.6
2024-08-07 23:45:00,1388.6000000000001
2024-08-08 00:00:00,1141.4
2024-08-08 00:15:00,1310.1999999999998
2024-08-08 00:30:00,1216.6
2024-08-08 00:45:00,1154.4
2024-08-08 01:00:00,1190.8
2024-08-08 01:15:00,1170.8
2024-08-08 01:30:00,1267.9999999999998
2024-08-08 01:45:00,1237.8000000000002
2024-08-08 02:00:00,1028.8
2024-08-08 02:15:00,992.0
2024-08-08 02:30:00,1153.8
2024-08-08 02:45:00,1168.8000000000002
2024-08-08 03:00:00,1206.0
2024-08-08 03:15:00,1190.2
2024-08-08 03:30:00,1140.4
2024-08-08 03:45:00,1062.4
2024-08-08 04:00:00,1085.3999999999999
2024-08-08 04:15:00,1024.8
2024-08-08 04:30:00,1063.8
2024-08-08 04:45:00,985.5999999999999
2024-08-08 05:00:00,978.4
2024-08-08 05:15:00,1073.8000000000002
2024-08-08 05:30:00,1218.4
2024-08-08 05:45:00,1277.8
2024-08-08 06:00:00,1237.9727
2024-08-08 06:15:00,1221.5727
2024-08-08 06:30:00,1161.9726999999998
2024-08-08 06:45:00,1230.3727
2024-08-08 07:00:00,1148.5561000000002
2024-08-08 07:15:00,879.9560999999999
2024-08-08 07:30:00,880.9561000000001
2024-08-08 07:45:00,989.7561
2024-08-08 08:00:00,877.5434
2024-08-08 08:15:00,1199.9434
2024-08-08 08:30:00,1527.3434
2024-08-08 08:45:00,1994.7434
2024-08-08 09:00:00,2083.1504999999997
2024-08-08 09:15:00,2290.3505000000005
2024-08-08 09:30:00,2473.1505
2024-08-08 09:45:00,2754.3505
2024-08-08 10:00:00,2676.3483
2024-08-08 10:15:00,2577.3483
2024-08-08 10:30:00,2473.7483
2024-08-08 10:45:00,2465.1483
2024-08-08 11:00:00,2336.0623
2024-08-08 11:15:00,2283.0623
2024-08-08 11:30:00,2364.4623
2024-08-08 11:45:00,2317.6623
2024-08-08 12:00:00,2565.2118
2024-08-08 12:15:00,2483.2118
2024-08-08 12:30:00,2462.6117999999997
2024-08-08 12:45:00,2323.6118
2024-08-08 13:00:00,2558.6979
2024-08-08 13:15:00,2612.2979000000005
2024-08-08 13:30:00,2597.0978999999998
2024-08-08 13:45:00,2660.6979
2024-08-08 14:00:00,2682.991
2024-08-08 14:15:00,3261.391
2024-08-08 14:30:00,3217.591
2024-08-08 14:45:00,3146.991
2024-08-08 15:00:00,3317.3421
2024-08-08 15:15:00,3235.5421
2024-08-08 15:30:00,3331.3421000000003
2024-08-08 15:45:00,3303.5421
2024-08-08 16:00:00,3800.2551999999996
2024-08-08 16:15:00,3999.0552
2024-08-08 16:30:00,3759.8552
2024-08-08 16:45:00,3861.8552
2024-08-08 17:00:00,3750.6367
2024-08-08 17:15:00,3611.2367
2024-08-08 17:30:00,3465.4366999999997
2024-08-08 17:45:00,3237.8367
2024-08-08 18:00:00,3010.7931
2024-08-08 18:15:00,2726.9931
2024-08-08 18:30:00,2599.1931
2024-08-08 18:45:00,2401.9930999999997
2024-08-08 19:00:00,2323.2
2024-08-08 19:15:00,2240.6
2024-08-08 19:30:00,2144.2
2024-08-08 19:45:00,2152.2
2024-08-08 20:00:00,2141.4
2024-08-08 20:15:00,2038.4
2024-08-08 20:30:00,1968.8
2024-08-08 20:45:00,1853.6
2024-08-08 21:00:00,1761.4
2024-08-08 21:15:00,1619.4
2024-08-08 21:30:00,1571.0
2024-08-08 21:45:00,1550.6000000000001
2024-08-08 22:00:00,1461.6000000000001
2024-08-08 22:15:00,1398.4
2024-08-08 22:30:00,1310.1999999999998
2024-08-08 22:45:00,1271.0
2024-08-08 23:00:00,1400.2
2024-08-08 23:15:00,1936.0
2024-08-08 23:30:00,1690.2
2024-08-08 23:45:00,1563.4
2024-08-09 00:00:00,1487.8000000000002
2024-08-09 00:15:00,1409.6000000000001
2024-08-09 00:30:00,1290.6
2024-08-09 00:45:00,1261.8000000000002
2024-08-09 01:00:00,1075.8
2024-08-09 01:15:00,1086.8
2024-08-09 01:30:00,1004.0
2024-08-09 01:45:00,1117.1999999999998
2024-08-09 02:00:00,1038.6
2024-08-09 02:15:00,1133.4
2024-08-09 02:30:00,1231.4
2024-08-09 02:45:00,1162.0
2024-08-09 03:00:00,1209.8
2024-08-09 03:15:00,1089.2
2024-08-09 03:30:00,1231.6
2024-08-09 03:45:00,1260.4
2024-08-09 04:00:00,1187.0
2024-08-09 04:15:00,1167.3999999999999
2024-08-09 04:30:00,1101.2
2024-08-09 04:45:00,1132.0
2024-08-09 05:00:00,1092.0
2024-08-09 05:15:00,1236.3999999999999
2024-08-09 05:30:00,1172.0
2024-08-09 05:45:00,1281.4
2024-08-09 06:00:00,1286.2212
2024-08-09 06:15:00,1241.2212
2024-08-09 06:30:00,1243.0212
2024-08-09 06:45:00,1116.0212
2024-08-09 07:00:00,784.9802000000001
2024-08-09 07:15:00,806.7801999999999
2024-08-09 07:30:00,900.5802000000001
2024-08-09 07:45:00,909.5802000000001
2024-08-09 08:00:00,797.3139000000001
2024-08-09 08:15:00,1248.9139
2024-08-09 08:30:00,1623.7139000000002
2024-08-09 08:45:00,2117.7138999999997
2024-08-09 09:00:00,2216.9363000000003
2024-08-09 09:15:00,2441.7363
2024-08-09 09:30:00,2474.9363000000003
2024-08-09 09:45:00,2820.9363000000003
2024-08-09 10:00:00,2793.2106
2024-08-09 10:15:00,2876.8106
2024-08-09 10:30:00,2840.0105999999996
2024-08-09 10:45:00,2759.6106
2024-08-09 11:00:00,2300.11
2024-08-09 11:15:00,2257.51
2024-08-09 11:30:00,2264.31
2024-08-09 11:45:00,2315.71
2024-08-09 12:00:00,2190.6289
2024-08-09 12:15:00,2164.8289
2024-08-09 12:30:00,2227.2289
2024-08-09 12:45:00,1983.2289
2024-08-09 13:00:00,2057.9446000000003
2024-08-09 13:15:00,2034.9446
2024-08-09 13:30:00,2047.9446000000003
2024-08-09 13:45:00,2170.3446000000004
2024-08-09 14:00:00,2217.2718
2024-08-09 14:15:00,2677.2718
2024-08-09 14:30:00,2634.0717999999997
2024-08-09 14:45:00,2669.6718
2024-08-09 15:00:00,2862.1824
2024-08-09 15:15:00,3032.3824
2024-08-09 15:30:00,3109.1824000000006
2024-08-09 15:45:00,3189.5824000000002
2024-08-09 16:00:00,3412.4078999999997
2024-08-09 16:15:00,3625.0078999999996
2024-08-09 16:30:00,3268.0079
2024-08-09 16:45:00,3475.2079
2024-08-09 17:00:00,3573.4165
2024-08-09 17:15:00,3381.8165
2024-08-09 17:30:00,3158.2165000000005
2024-08-09 17:45:00,2994.6165
2024-08-09 18:00:00,2704.0663000000004
2024-08-09 18:15:00,2525.0663
2024-08-09 18:30:00,2343.6663
2024-08-09 18:45:00,2228.6663
2024-08-09 19:00:00,2196.6
2024-08-09 19:15:00,2106.0
2024-08-09 19:30:00,2114.2
2024-08-09 19:45:00,1977.4
2024-08-09 20:00:00,1918.1999999999998
2024-08-09 20:15:00,1800.6
2024-08-09 20:30:00,1757.4
2024-08-09 20:45:00,1746.0
2024-08-09 21:00:00,1591.6
2024-08-09 21:15:00,1527.8000000000002
2024-08-09 21:30:00,1532.3999999999999
2024-08-09 21:45:00,1406.4
2024-08-09 22:00:00,1320.4
2024-08-09 22:15:00,1360.3999999999999
2024-08-09 22:30:00,1179.4
2024-08-09 22:45:00,1122.8
2024-08-09 23:00:00,1198.8
2024-08-09 23:15:00,1827.0
2024-08-09 23:30:00,1629.2
2024-08-09 23:45:00,1427.8
2024-08-10 00:00:00,1263.0
2024-08-10 00:15:00,1088.1999999999998
2024-08-10 00:30:00,1075.0
2024-08-10 00:45:00,1102.6
2024-08-10 01:00:00,1069.0
2024-08-10 01:15:00,1035.2
2024-08-10 01:30:00,1183.1999999999998
2024-08-10 01:45:00,1309.2
2024-08-10 02:00:00,1355.6
2024-08-10 02:15:00,1174.2
2024-08-10 02:30:00,1071.6
2024-08-10 02:45:00,1074.4
2024-08-10 03:00:00,1009.8000000000001
2024-08-10 03:15:00,1015.9999999999999
2024-08-10 03:30:00,933.8000000000001
2024-08-10 03:45:00,854.4000000000001
2024-08-10 04:00:00,1052.2
2024-08-10 04:15:00,1031.8
2024-08-10 04:30:00,903.4000000000001
2024-08-10 04:45:00,911.8000000000001
2024-08-10 05:00:00,1155.8
2024-08-10 05:15:00,1308.2
2024-08-10 05:30:00,1409.2
2024-08-10 05:45:00,1379.2
2024-08-10 06:00:00,1082.9958
2024-08-10 06:15:00,1037.5958
2024-08-10 06:30:00,957.3958
2024-08-10 06:45:00,858.5957999999999
2024-08-10 07:00:00,382.64650000000006
2024-08-10 07:15:00,351.6465000000001
2024-08-10 07:30:00,403.4465
2024-08-10 07:45:00,395.04650000000004
2024-08-10 08:00:00,-2.7864000000000146
2024-08-10 08:15:00,38.21360000000004
2024-08-10 08:30:00,173.21359999999999
2024-08-10 08:45:00,400.8136
2024-08-10 09:00:00,142.03260000000003
2024-08-10 09:15:00,274.4326000000001
2024-08-10 09:30:00,494.4326000000001
2024-08-10 09:45:00,569.8326000000001
2024-08-10 10:00:00,280.1502999999999
2024-08-10 10:15:00,380.1502999999999
2024-08-10 10:30:00,442.9503
2024-08-10 10:45:00,331.95029999999997
2024-08-10 11:00:00,855.8412999999999
2024-08-10 11:15:00,819.8413
2024-08-10 11:30:00,852.4413
2024-08-10 11:45:00,925.6412999999999
2024-08-10 12:00:00,776.8547999999998
2024-08-10 12:15:00,783.8547999999998
2024-08-10 12:30:00,874.8547999999998
2024-08-10 12:45:00,800.0547999999999
2024-08-10 13:00:00,897.7141999999999
2024-08-10 13:15:00,1036.1142000000002
2024-08-10 13:30:00,992.7141999999999
2024-08-10 13:45:00,1127.7142000000001
2024-08-10 14:00:00,1363.3627000000001
2024-08-10 14:15:00,1571.9627
2024-08-10 14:30:00,1575.7627
2024-08-10 14:45:00,1540.7627
2024-08-10 15:00:00,1693.9035000000001
2024-08-10 15:15:00,1628.9035
2024-08-10 15:30:00,1838.1035000000002
2024-08-10 15:45:00,1694.7034999999998
2024-08-10 16:00:00,1982.8912
2024-08-10 16:15:00,1928.6911999999998
2024-08-10 16:30:00,1944.4912
2024-08-10 16:45:00,1906.4912000000002
2024-08-10 17:00:00,1982.4676
2024-08-10 17:15:00,1958.4676
2024-08-10 17:30:00,1732.6676
2024-08-10 17:45:00,1744.0676
2024-08-10 18:00:00,1609.8752
2024-08-10 18:15:00,1559.8752
2024-08-10 18:30:00,1517.6752
2024-08-10 18:45:00,1411.4751999999999
2024-08-10 19:00:00,1470.0
2024-08-10 19:15:00,1506.0
2024-08-10 19:30:00,1469.8
2024-08-10 19:45:00,1410.0
2024-08-10 20:00:00,1381.2
2024-08-10 20:15:00,1327.0
2024-08-10 20:30:00,1282.2
2024-08-10 20:45:00,1234.8
2024-08-10 21:00:00,1236.3999999999999
2024-08-10 21:15:00,1189.2
2024-08-10 21:30:00,1167.6
2024-08-10 21:45:00,1121.4
2024-08-10 22:00:00,1129.3999999999999
2024-08-10 22:15:00,1125.4
2024-08-10 22:30:00,1014.5999999999999
2024-08-10 22:45:00,921.8
2024-08-10 23:00:00,871.0
2024-08-10 23:15:00,1598.6
2024-08-10 23:30:00,1490.0
2024-08-10 23:45:00,1335.2
2024-08-11 00:00:00,1212.6
2024-08-11 00:15:00,1245.8
2024-08-11 00:30:00,1328.0
2024-08-11 00:45:00,1309.6000000000001
2024-08-11 01:00:00,1112.0
2024-08-11 01:15:00,1279.0
2024-08-11 01:30:00,1226.3999999999999
2024-08-11 01:45:00,1087.2
2024-08-11 02:00:00,1155.2
2024-08-11 02:15:00,1243.8
2024-08-11 02:30:00,1232.6000000000001
2024-08-11 02:45:00,1021.8
2024-08-11 03:00:00,1122.4
2024-08-11 03:15:00,988.4
2024-08-11 03:30:00,1043.2
2024-08-11 03:45:00,1090.0
2024-08-11 04:00:00,1103.3999999999999
2024-08-11 04:15:00,1024.8
2024-08-11 04:30:00,1039.2
2024-08-11 04:45:00,968.6
2024-08-11 05:00:00,1017.6
2024-08-11 05:15:00,1060.6
2024-08-11 05:30:00,1120.6
2024-08-11 05:45:00,1232.2
2024-08-11 06:00:00,1132.1109999999999
2024-08-11 06:15:00,1123.1109999999999
2024-08-11 06:30:00,1003.911
2024-08-11 06:45:00,830.511
2024-08-11 07:00:00,537.6739
2024-08-11 07:15:00,464.47389999999996
2024-08-11 07:30:00,579.8739
2024-08-11 07:45:00,579.2739
2024-08-11 08:00:00,278.2898
2024-08-11 08:15:00,309.6898
2024-08-11 08:30:00,400.6898
2024-08-11 08:45:00,446.08979999999997
2024-08-11 09:00:00,452.5194000000001
2024-08-11 09:15:00,439.9194
2024-08-11 09:30:00,427.31940000000003
2024-08-11 09:45:00,630.3194000000001
2024-08-11 10:00:00,240.76550000000003
2024-08-11 10:15:00,280.5655
2024-08-11 10:30:00,354.5655
2024-08-11 10:45:00,298.76550000000003
2024-08-11 11:00:00,180.48800000000003
2024-08-11 11:15:00,267.488
2024-08-11 11:30:00,220.48799999999994
2024-08-11 11:45:00,185.88799999999998
2024-08-11 12:00:00,78.40360000000018
2024-08-11 12:15:00,99.20360000000014
2024-08-11 12:30:00,122.20360000000014
2024-08-11 12:45:00,120.20360000000016
2024-08-11 13:00:00,557.6534999999999
2024-08-11 13:15:00,598.4535
2024-08-11 13:30:00,596.2535
2024-08-11 13:45:00,659.6534999999999
2024-08-11 14:00:00,473.5876
2024-08-11 14:15:00,866.9875999999999
2024-08-11 14:30:00,1013.7876000000001
2024-08-11 14:45:00,1029.5876
2024-08-11 15:00:00,1494.3805
2024-08-11 15:15:00,1410.3804999999998
2024-08-11 15:30:00,1246.5805
2024-08-11 15:45:00,1462.5805
2024-08-11 16:00:00,1637.9657
2024-08-11 16:15:00,1501.7657000000002
2024-08-11 16:30:00,1470.9657
2024-08-11 16:45:00,1572.5657
2024-08-11 17:00:00,1782.8121999999998
2024-08-11 17:15:00,1692.2122
2024-08-11 17:30:00,1502.4121999999998
2024-08-11 17:45:00,1518.4122
2024-08-11 18:00:00,1438.8448
2024-08-11 18:15:00,1362.8448
2024-08-11 18:30:00,1341.4448000000002
2024-08-11 18:45:00,1306.4448000000002
2024-08-11 19:00:00,1342.4
2024-08-11 19:15:00,1377.6000000000001
2024-08-11 19:30:00,1341.0
2024-08-11 19:45:00,1284.0
2024-08-11 20:00:00,1272.6
2024-08-11 20:15:00,1284.0
2024-08-11 20:30:00,1278.6
2024-08-11 20:45:00,1339.6000000000001
2024-08-11 21:00:00,1240.6
2024-08-11 21:15:00,1221.6
2024-08-11 21:30:00,1200.0
2024-08-11 21:45:00,1183.0
2024-08-11 22:00:00,1199.3999999999999
2024-08-11 22:15:00,1116.4
2024-08-11 22:30:00,1031.4
2024-08-11 22:45:00,980.2
2024-08-11 23:00:00,1076.8
2024-08-11 23:15:00,1510.8
2024-08-11 23:30:00,1557.6000000000001
2024-08-11 23:45:00,1284.0
2024-08-12 00:00:00,1307.8
2024-08-12 00:15:00,1043.6
2024-08-12 00:30:00,1076.6
2024-08-12 00:45:00,975.8000000000001
2024-08-12 01:00:00,1128.3999999999999
2024-08-12 01:15:00,984.2
2024-08-12 01:30:00,957.2
2024-08-12 01:45:00,966.0
2024-08-12 02:00:00,996.4000000000001
2024-08-12 02:15:00,1114.8
2024-08-12 02:30:00,1105.2
2024-08-12 02:45:00,985.6
2024-08-12 03:00:00,968.4000000000001
2024-08-12 03:15:00,938.8
2024-08-12 03:30:00,899.6
2024-08-12 03:45:00,1006.4
2024-08-12 04:00:00,1106.6
2024-08-12 04:15:00,964.8
2024-08-12 04:30:00,959.1999999999999
2024-08-12 04:45:00,1067.4
2024-08-12 05:00:00,1071.0
2024-08-12 05:15:00,1109.1999999999998
2024-08-12 05:30:00,1148.4
2024-08-12 05:45:00,1244.6000000000001
2024-08-12 06:00:00,1209.1295
2024-08-12 06:15:00,1295.3295
2024-08-12 06:30:00,1260.5295
2024-08-12 06:45:00,1154.5294999999999
2024-08-12 07:00:00,855.193
2024-08-12 07:15:00,789.993
2024-08-12 07:30:00,837.393
2024-08-12 07:45:00,964.5930000000001
2024-08-12 08:00:00,1067.8952
2024-08-12 08:15:00,1405.8952
2024-08-12 08:30:00,1908.4952
2024-08-12 08:45:00,2250.6952
2024-08-12 09:00:00,2129.5035
2024-08-12 09:15:00,2292.1035
2024-08-12 09:30:00,2457.5035
2024-08-12 09:45:00,2878.1035
2024-08-12 10:00:00,2942.4642000000003
2024-08-12 10:15:00,3012.2642
2024-08-12 10:30:00,2843.4642
2024-08-12 10:45:00,2802.4642000000003
2024-08-12 11:00:00,2627.6395999999995
2024-08-12 11:15:00,2605.6396
2024-08-12 11:30:00,2577.0396
2024-08-12 11:45:00,2697.0396
2024-08-12 12:00:00,2421.6302
2024-08-12 12:15:00,2409.8302000000003
2024-08-12 12:30:00,2404.4302
2024-08-12 12:45:00,2332.8302000000003
2024-08-12 13:00:00,2268.9755
2024-08-12 13:15:00,2176.5755
2024-08-12 13:30:00,2208.5755
2024-08-12 13:45:00,2308.9755
2024-08-12 14:00:00,2459.1106
2024-08-12 14:15:00,2758.1106
2024-08-12 14:30:00,2883.5105999999996
2024-08-12 14:45:00,2880.7106000000003
2024-08-12 15:00:00,2890.0719
2024-08-12 15:15:00,3005.8719
2024-08-12 15:30:00,2805.4718999999996
2024-08-12 15:45:00,2679.6719000000003
2024-08-12 16:00:00,2896.4813999999997
2024-08-12 16:15:00,2958.6814000000004
2024-08-12 16:30:00,2784.8814
2024-08-12 16:45:00,2670.2814
2024-08-12 17:00:00,2936.9971000000005
2024-08-12 17:15:00,2835.3971
2024-08-12 17:30:00,2486.5971
2024-08-12 17:45:00,2195.5971
2024-08-12 18:00:00,2340.7438
2024-08-12 18:15:00,2068.1438000000003
2024-08-12 18:30:00,1935.5438
2024-08-12 18:45:00,1745.1438
2024-08-12 19:00:00,1775.4
2024-08-12 19:15:00,1692.8000000000002
2024-08-12 19:30:00,1636.2
2024-08-12 19:45:00,1738.0
2024-08-12 20:00:00,1625.3999999999999
2024-08-12 20:15:00,1545.6
2024-08-12 20:30:00,1493.4
2024-08-12 20:45:00,1504.6
2024-08-12 21:00:00,1455.3999999999999
2024-08-12 21:15:00,1491.8000000000002
2024-08-12 21:30:00,1419.9999999999998
2024-08-12 21:45:00,1324.2
2024-08-12 22:00:00,1322.8
2024-08-12 22:15:00,1272.2
2024-08-12 22:30:00,1216.8
2024-08-12 22:45:00,1157.4
2024-08-12 23:00:00,1115.6
2024-08-12 23:15:00,1538.3999999999999
2024-08-12 23:30:00,1368.8
2024-08-12 23:45:00,1217.4
2024-08-13 00:00:00,1137.2
2024-08-13 00:15:00,1445.8
2024-08-13 00:30:00,1390.8
2024-08-13 00:45:00,1089.3999999999999
2024-08-13 01:00:00,1219.0
2024-08-13 01:15:00,1085.4
2024-08-13 01:30:00,948.5999999999999
2024-08-13 01:45:00,968.5999999999999
2024-08-13 02:00:00,934.2
2024-08-13 02:15:00,826.4
2024-08-13 02:30:00,747.1999999999999
2024-08-13 02:45:00,697.6
2024-08-13 03:00:00,674.0
2024-08-13 03:15:00,700.4000000000001
2024-08-13 03:30:00,1100.4
2024-08-13 03:45:00,1068.4
2024-08-13 04:00:00,916.1999999999999
2024-08-13 04:15:00,896.1999999999999
2024-08-13 04:30:00,860.6
2024-08-13 04:45:00,882.9999999999999
2024-08-13 05:00:00,873.4000000000001
2024-08-13 05:15:00,917.8000000000001
2024-08-13 05:30:00,922.8000000000001
2024-08-13 05:45:00,1025.2
2024-08-13 06:00:00,1155.963
2024-08-13 06:15:00,1236.563
2024-08-13 06:30:00,1240.7630000000001
2024-08-13 06:45:00,1125.363
2024-08-13 07:00:00,734.5323000000001
2024-08-13 07:15:00,742.7323
2024-08-13 07:30:00,724.3323
2024-08-13 07:45:00,770.7323000000001
2024-08-13 08:00:00,762.6287
2024-08-13 08:15:00,1044.2287
2024-08-13 08:30:00,1418.4287000000002
2024-08-13 08:45:00,1660.2287000000001
2024-08-13 09:00:00,1524.2271999999998
2024-08-13 09:15:00,1732.6272
2024-08-13 09:30:00,1956.0272
2024-08-13 09:45:00,2170.6272
2024-08-13 10:00:00,2064.9026000000003
2024-08-13 10:15:00,2073.7026
2024-08-13 10:30:00,1908.3026
2024-08-13 10:45:00,1835.3026000000004
2024-08-13 11:00:00,1698.3870000000002
2024-08-13 11:15:00,1577.3870000000002
2024-08-13 11:30:00,1642.1870000000001
2024-08-13 11:45:00,1596.987
2024-08-13 12:00:00,1467.219
2024-08-13 12:15:00,1437.619
2024-08-13 12:30:00,1372.4189999999999
2024-08-13 12:45:00,1452.4189999999999
2024-08-13 13:00:00,1402.1730000000002
2024-08-13 13:15:00,1326.573
2024-08-13 13:30:00,1388.573
2024-08-13 13:45:00,1518.573
2024-08-13 14:00:00,1483.6761000000001
2024-08-13 14:15:00,1832.8761
2024-08-13 14:30:00,1902.2761
2024-08-13 14:45:00,2208.2761
2024-08-13 15:00:00,1981.4701000000002
2024-08-13 15:15:00,1968.6701
2024-08-13 15:30:00,2008.4701
2024-08-13 15:45:00,1860.2701
2024-08-13 16:00:00,2115.5143
2024-08-13 16:15:00,2221.7143
2024-08-13 16:30:00,2242.3143
2024-08-13 16:45:00,2252.7143
2024-08-13 17:00:00,2417.1744
2024-08-13 17:15:00,2374.1744
2024-08-13 17:30:00,2140.9744
2024-08-13 17:45:00,2031.9744
2024-08-13 18:00:00,2158.8570999999997
2024-08-13 18:15:00,1891.0571
2024-08-13 18:30:00,1797.2570999999998
2024-08-13 18:45:00,1756.2570999999998
2024-08-13 19:00:00,1701.3999999999999
2024-08-13 19:15:00,1640.0
2024-08-13 19:30:00,1669.2
2024-08-13 19:45:00,1556.0000000000002
2024-08-13 20:00:00,1541.4
2024-08-13 20:15:00,1496.7999999999997
2024-08-13 20:30:00,1566.4
2024-08-13 20:45:00,1414.1999999999998
2024-08-13 21:00:00,1386.8
2024-08-13 21:15:00,1278.8000000000002
2024-08-13 21:30:00,1213.6
2024-08-13 21:45:00,1161.2
2024-08-13 22:00:00,1119.2
2024-08-13 22:15:00,1069.6
2024-08-13 22:30:00,1011.4
2024-08-13 22:45:00,912.1999999999999
2024-08-13 23:00:00,894.5999999999999
2024-08-13 23:15:00,1448.3999999999999
2024-08-13 23:30:00,1362.2
2024-08-13 23:45:00,1180.6000000000001
2024-08-14 00:00:00,1109.4
2024-08-14 00:15:00,960.4
2024-08-14 00:30:00,901.2
2024-08-14 00:45:00,752.6
2024-08-14 01:00:00,828.5999999999999
2024-08-14 01:15:00,1022.0
2024-08-14 01:30:00,1056.8
2024-08-14 01:45:00,1032.0
2024-08-14 02:00:00,909.8
2024-08-14 02:15:00,820.4
2024-08-14 02:30:00,891.4
2024-08-14 02:45:00,1112.0
2024-08-14 03:00:00,1060.6
2024-08-14 03:15:00,970.1999999999999
2024-08-14 03:30:00,948.1999999999999
2024-08-14 03:45:00,930.0
2024-08-14 04:00:00,1145.0
2024-08-14 04:15:00,1071.4
2024-08-14 04:30:00,1039.8
2024-08-14 04:45:00,946.6
2024-08-14 05:00:00,860.0
2024-08-14 05:15:00,1035.2
2024-08-14 05:30:00,1241.6
2024-08-14 05:45:00,1126.2
2024-08-14 06:00:00,923.3325
2024-08-14 06:15:00,831.1324999999999
2024-08-14 06:30:00,846.7325000000001
2024-08-14 06:45:00,932.9325
2024-08-14 07:00:00,674.3241
2024-08-14 07:15:00,682.5241000000001
2024-08-14 07:30:00,754.7241
2024-08-14 07:45:00,575.9241
2024-08-14 08:00:00,425.25379999999996
2024-08-14 08:15:00,675.6538
2024-08-14 08:30:00,974.2538
2024-08-14 08:45:00,1344.6538
2024-08-14 09:00:00,1292.7832
2024-08-14 09:15:00,1354.9832000000001
2024-08-14 09:30:00,1476.3832000000002
2024-08-14 09:45:00,1562.3832000000002
2024-08-14 10:00:00,1267.6507000000001
2024-08-14 10:15:00,1453.6507000000001
2024-08-14 10:30:00,1680.4506999999999
2024-08-14 10:45:00,1608.0507
2024-08-14 11:00:00,1368.5879000000002
2024-08-14 11:15:00,1316.7879
2024-08-14 11:30:00,1378.9879000000003
2024-08-14 11:45:00,1311.9879
2024-08-14 12:00:00,1263.0107
2024-08-14 12:15:00,1167.2107
2024-08-14 12:30:00,1309.8107
2024-08-14 12:45:00,1179.2107
2024-08-14 13:00:00,1244.4316000000001
2024-08-14 13:15:00,1096.8316
2024-08-14 13:30:00,1086.8316
2024-08-14 13:45:00,1187.6316
2024-08-14 14:00:00,1480.5112000000001
2024-08-14 14:15:00,2017.5112
2024-08-14 14:30:00,2076.3112
2024-08-14 14:45:00,1948.9112000000002
2024-08-14 15:00:00,2286.0793
2024-08-14 15:15:00,2347.4793
2024-08-14 15:30:00,2220.6793000000002
2024-08-14 15:45:00,2239.8793
2024-08-14 16:00:00,2524.6138
2024-08-14 16:15:00,2725.4138
2024-08-14 16:30:00,2624.8138
2024-08-14 16:45:00,2540.4138
2024-08-14 17:00:00,2702.7572
2024-08-14 17:15:00,2412.7572
2024-08-14 17:30:00,2286.1571999999996
2024-08-14 17:45:00,2133.9572
2024-08-14 18:00:00,2164.1117999999997
2024-08-14 18:15:00,1998.7118
2024-08-14 18:30:00,1893.1118000000001
2024-08-14 18:45:00,1829.3118
2024-08-14 19:00:00,1804.6000000000001
2024-08-14 19:15:00,1857.0
2024-08-14 19:30:00,1755.8
2024-08-14 19:45:00,1696.4
2024-08-14 20:00:00,1616.2000000000003
2024-08-14 20:15:00,1696.4
2024-08-14 20:30:00,1684.0
2024-08-14 20:45:00,1575.4
2024-08-14 21:00:00,1474.2000000000003
2024-08-14 21:15:00,1413.6
2024-08-14 21:30:00,1353.2000000000003
2024-08-14 21:45:00,1282.4
2024-08-14 22:00:00,1190.0
2024-08-14 22:15:00,1195.2
2024-08-14 22:30:00,1041.2
2024-08-14 22:45:00,1016.4
2024-08-14 23:00:00,971.8
2024-08-14 23:15:00,1324.3999999999999
2024-08-14 23:30:00,1412.8000000000002
2024-08-14 23:45:00,1282.6
2024-08-15 00:00:00,1059.4
2024-08-15 00:15:00,1080.8
2024-08-15 00:30:00,1034.0
2024-08-15 00:45:00,975.8
2024-08-15 01:00:00,889.8000000000001
2024-08-15 01:15:00,916.4000000000001
2024-08-15 01:30:00,1124.4
2024-08-15 01:45:00,1036.6
2024-08-15 02:00:00,1021.8
2024-08-15 02:15:00,989.6
2024-08-15 02:30:00,982.6000000000001
2024-08-15 02:45:00,1016.2
2024-08-15 03:00:00,993.1999999999999
2024-08-15 03:15:00,1205.8000000000002
2024-08-15 03:30:00,983.4000000000001
2024-08-15 03:45:00,892.5999999999999
2024-08-15 04:00:00,790.2
2024-08-15 04:15:00,858.4
2024-08-15 04:30:00,874.6
2024-08-15 04:45:00,981.6
2024-08-15 05:00:00,921.6
2024-08-15 05:15:00,1153.0
2024-08-15 05:30:00,1166.2
2024-08-15 05:45:00,1222.6000000000001
2024-08-15 06:00:00,1074.7437
2024-08-15 06:15:00,934.5437000000001
2024-08-15 06:30:00,1040.7437
2024-08-15 06:45:00,1109.3437000000001
2024-08-15 07:00:00,798.21
2024-08-15 07:15:00,746.21
2024-08-15 07:30:00,796.4100000000001
2024-08-15 07:45:00,919.0100000000002
2024-08-15 08:00:00,973.0799
2024-08-15 08:15:00,1118.2799
2024-08-15 08:30:00,1466.4799
2024-08-15 08:45:00,1960.6799
2024-08-15 09:00:00,2035.2586000000001
2024-08-15 09:15:00,2144.4586
2024-08-15 09:30:00,2635.8586
2024-08-15 09:45:00,2640.8586000000005
2024-08-15 10:00:00,2501.7426
2024-08-15 10:15:00,2583.7426
2024-08-15 10:30:00,2620.5426
2024-08-15 10:45:00,2457.9426000000003
2024-08-15 11:00:00,2372.6749
2024-08-15 11:15:00,2314.4749
2024-08-15 11:30:00,2325.6749
2024-08-15 11:45:00,2341.2749000000003
2024-08-15 12:00:00,2503.7844
2024-08-15 12:15:00,2352.1844
2024-08-15 12:30:00,2379.3844
2024-08-15 12:45:00,2213.9844
2024-08-15 13:00:00,1921.8879
2024-08-15 13:15:00,1858.8879000000002
2024-08-15 13:30:00,1910.6879
2024-08-15 13:45:00,1919.0879
2024-08-15 14:00:00,1804.9548
2024-08-15 14:15:00,2024.7548
2024-08-15 14:30:00,2365.5548
2024-08-15 14:45:00,2385.9548
2024-08-15 15:00:00,2234.6165
2024-08-15 15:15:00,2523.8165
2024-08-15 15:30:00,2384.2165
2024-08-15 15:45:00,2468.4165
2024-08-15 16:00:00,2763.7695
2024-08-15 16:15:00,2532.3695
2024-08-15 16:30:00,2657.7695
2024-08-15 16:45:00,2736.1695
2024-08-15 17:00:00,2984.2642
2024-08-15 17:15:00,2742.2642
2024-08-15 17:30:00,2300.0642000000003
2024-08-15 17:45:00,2345.6642
2024-08-15 18:00:00,2270.0476000000003
2024-08-15 18:15:00,1971.8476
2024-08-15 18:30:00,1786.8475999999998
2024-08-15 18:45:00,1724.0475999999999
2024-08-15 19:00:00,1782.3999999999999
2024-08-15 19:15:00,1774.0
2024-08-15 19:30:00,1682.3999999999999
2024-08-15 19:45:00,1608.8000000000002
2024-08-15 20:00:00,1576.2
2024-08-15 20:15:00,1619.2
2024-08-15 20:30:00,1597.8
2024-08-15 20:45:00,1469.3999999999999
2024-08-15 21:00:00,1428.6000000000001
2024-08-15 21:15:00,1344.6
2024-08-15 21:30:00,1309.2
2024-08-15 21:45:00,1302.2
2024-08-15 22:00:00,1223.6000000000001
2024-08-15 22:15:00,1126.8
2024-08-15 22:30:00,1016.6
2024-08-15 22:45:00,985.8000000000001
2024-08-15 23:00:00,996.5999999999999
2024-08-15 23:15:00,1360.8
2024-08-15 23:30:00,1374.9999999999998
2024-08-15 23:45:00,1206.7999999999997
2024-08-16 00:00:00,1217.0
2024-08-16 00:15:00,1068.6
2024-08-16 00:30:00,1133.9999999999998
2024-08-16 00:45:00,1219.2
2024-08-16 01:00:00,1144.2
2024-08-16 01:15:00,998.4
2024-08-16 01:30:00,940.6
2024-08-16 01:45:00,833.0
2024-08-16 02:00:00,850.5999999999999
2024-08-16 02:15:00,920.0
2024-08-16 02:30:00,919.0
2024-08-16 02:45:00,1056.3999999999999
2024-08-16 03:00:00,1079.6
2024-08-16 03:15:00,1011.8
2024-08-16 03:30:00,1001.2
2024-08-16 03:45:00,901.8
2024-08-16 04:00:00,852.5999999999999
2024-08-16 04:15:00,1012.8000000000001
2024-08-16 04:30:00,994.8
2024-08-16 04:45:00,888.1999999999999
2024-08-16 05:00:00,973.9999999999999
2024-08-16 05:15:00,1133.3999999999999
2024-08-16 05:30:00,1170.2
2024-08-16 05:45:00,1150.4
2024-08-16 06:00:00,1074.3599
2024-08-16 06:15:00,1068.3599
2024-08-16 06:30:00,978.5599
2024-08-16 06:45:00,985.7599
2024-08-16 07:00:00,667.7297000000001
2024-08-16 07:15:00,709.1297000000001
2024-08-16 07:30:00,837.7297
2024-08-16 07:45:00,711.7297
2024-08-16 08:00:00,445.576
2024-08-16 08:15:00,737.176
2024-08-16 08:30:00,1157.376
2024-08-16 08:45:00,1688.376
2024-08-16 09:00:00,1390.7046
2024-08-16 09:15:00,1575.1046000000001
2024-08-16 09:30:00,1693.7046
2024-08-16 09:45:00,1704.3046
2024-08-16 10:00:00,1738.7349000000004
2024-08-16 10:15:00,1791.7349000000002
2024-08-16 10:30:00,1800.7349000000002
2024-08-16 10:45:00,1753.5349
2024-08-16 11:00:00,1775.0633
2024-08-16 11:15:00,1689.0632999999998
2024-08-16 11:30:00,1706.2633
2024-08-16 11:45:00,1589.4633
2024-08-16 12:00:00,1573.346
2024-08-16 12:15:00,1397.7459999999999
2024-08-16 12:30:00,1374.5459999999998
2024-08-16 12:45:00,1257.946
2024-08-16 13:00:00,1234.144
2024-08-16 13:15:00,1217.344
2024-08-16 13:30:00,1231.744
2024-08-16 13:45:00,1189.544
2024-08-16 14:00:00,1470.1758
2024-08-16 14:15:00,1677.9758
2024-08-16 14:30:00,1573.1758000000002
2024-08-16 14:45:00,1485.9758
2024-08-16 15:00:00,1463.9469
2024-08-16 15:15:00,1456.7469
2024-08-16 15:30:00,1545.9469
2024-08-16 15:45:00,1643.5468999999998
2024-08-16 16:00:00,1819.2436000000002
2024-08-16 16:15:00,1837.6436
2024-08-16 16:30:00,1778.6436
2024-08-16 16:45:00,1795.2435999999998
2024-08-16 17:00:00,1944.5702
2024-08-16 17:15:00,1760.1702
2024-08-16 17:30:00,1786.5702
2024-08-16 17:45:00,1554.9702
2024-08-16 18:00:00,1688.2179
2024-08-16 18:15:00,1478.4179
2024-08-16 18:30:00,1425.0179
2024-08-16 18:45:00,1372.8179
2024-08-16 19:00:00,1430.0
2024-08-16 19:15:00,1301.8000000000002
2024-08-16 19:30:00,1268.0
2024-08-16 19:45:00,1242.8
2024-08-16 20:00:00,1247.6
2024-08-16 20:15:00,1244.0
2024-08-16 20:30:00,1144.6000000000001
2024-08-16 20:45:00,1123.8000000000002
2024-08-16 21:00:00,1091.0
2024-08-16 21:15:00,1103.6
2024-08-16 21:30:00,1102.4
2024-08-16 21:45:00,1045.0
2024-08-16 22:00:00,1019.8
2024-08-16 22:15:00,962.6
2024-08-16 22:30:00,880.8
2024-08-16 22:45:00,839.0
2024-08-16 23:00:00,780.6
2024-08-16 23:15:00,622.8
2024-08-16 23:30:00,604.2
2024-08-16 23:45:00,591.6
2024-08-17 00:00:00,594.5999999999999
2024-08-17 00:15:00,702.2
2024-08-17 00:30:00,682.6
2024-08-17 00:45:00,849.6
2024-08-17 01:00:00,889.8
2024-08-17 01:15:00,913.2
2024-08-17 01:30:00,927.9999999999999
2024-08-17 01:45:00,970.8000000000001
2024-08-17 02:00:00,846.8
2024-08-17 02:15:00,840.8000000000001
2024-08-17 02:30:00,931.4000000000001
2024-08-17 02:45:00,785.0
2024-08-17 03:00:00,762.6
2024-08-17 03:15:00,711.4000000000001
2024-08-17 03:30:00,816.0
2024-08-17 03:45:00,787.8
2024-08-17 04:00:00,722.2
2024-08-17 04:15:00,763.8
2024-08-17 04:30:00,771.2
2024-08-17 04:45:00,860.2
2024-08-17 05:00:00,817.2
2024-08-17 05:15:00,786.0
2024-08-17 05:30:00,979.2
2024-08-17 05:45:00,819.0000000000001
2024-08-17 06:00:00,729.5479
2024-08-17 06:15:00,776.5478999999999
2024-08-17 06:30:00,836.1479
2024-08-17 06:45:00,690.5479
2024-08-17 07:00:00,317.01540000000006
2024-08-17 07:15:00,267.0154
2024-08-17 07:30:00,296.21539999999993
2024-08-17 07:45:00,238.6154
2024-08-17 08:00:00,-191.0469
2024-08-17 08:15:00,-116.4469
2024-08-17 08:30:00,20.553100000000043
2024-08-17 08:45:00,150.1531
2024-08-17 09:00:00,-75.76950000000002
2024-08-17 09:15:00,85.63050000000001
2024-08-17 09:30:00,146.2305000000001
2024-08-17 09:45:00,218.03050000000002
2024-08-17 10:00:00,28.874499999999983
2024-08-17 10:15:00,87.87449999999995
2024-08-17 10:30:00,173.2745
2024-08-17 10:45:00,88.67449999999991
2024-08-17 11:00:00,-220.26809999999998
2024-08-17 11:15:00,-226.06810000000002
2024-08-17 11:30:00,-228.8681
2024-08-17 11:45:00,-238.86809999999994
2024-08-17 12:00:00,-350.9966999999999
2024-08-17 12:15:00,-301.59669999999994
2024-08-17 12:30:00,-306.5966999999998
2024-08-17 12:45:00,-320.59669999999994
2024-08-17 13:00:00,-256.15460000000013
2024-08-17 13:15:00,-119.55460000000016
2024-08-17 13:30:00,-245.1546000000001
2024-08-17 13:45:00,-242.95460000000014
2024-08-17 14:00:00,-0.03689999999998861
2024-08-17 14:15:00,257.76310000000007
2024-08-17 14:30:00,532.3631
2024-08-17 14:45:00,248.96310000000005
2024-08-17 15:00:00,545.0457000000001
2024-08-17 15:15:00,664.6456999999999
2024-08-17 15:30:00,770.6457000000001
2024-08-17 15:45:00,902.2457000000002
2024-08-17 16:00:00,1233.3759
2024-08-17 16:15:00,1225.5759
2024-08-17 16:30:00,1017.3758999999998
2024-08-17 16:45:00,1186.9759
2024-08-17 17:00:00,1477.6385
2024-08-17 17:15:00,1294.0384999999999
2024-08-17 17:30:00,1132.8384999999998
2024-08-17 17:45:00,1023.6384999999999
2024-08-17 18:00:00,1280.4058
2024-08-17 18:15:00,1103.6058
2024-08-17 18:30:00,1114.0058000000001
2024-08-17 18:45:00,1040.4058
2024-08-17 19:00:00,1127.4
2024-08-17 19:15:00,1177.8
2024-08-17 19:30:00,1100.1999999999998
2024-08-17 19:45:00,1103.8
2024-08-17 20:00:00,1076.6
2024-08-17 20:15:00,1030.0
2024-08-17 20:30:00,1027.1999999999998
2024-08-17 20:45:00,963.4000000000001
2024-08-17 21:00:00,981.8
2024-08-17 21:15:00,984.0
2024-08-17 21:30:00,984.0
2024-08-17 21:45:00,979.6
2024-08-17 22:00:00,952.8
2024-08-17 22:15:00,924.8
2024-08-17 22:30:00,842.5999999999999
2024-08-17 22:45:00,851.2
2024-08-17 23:00:00,889.6
2024-08-17 23:15:00,1377.2
2024-08-17 23:30:00,1245.4
2024-08-17 23:45:00,1062.2
2024-08-18 00:00:00,893.0
2024-08-18 00:15:00,897.6
2024-08-18 00:30:00,916.4000000000001
2024-08-18 00:45:00,895.8
2024-08-18 01:00:00,1053.2
2024-08-18 01:15:00,905.2
2024-08-18 01:30:00,804.0
2024-08-18 01:45:00,741.2
2024-08-18 02:00:00,799.6
2024-08-18 02:15:00,933.0
2024-08-18 02:30:00,958.8000000000001
2024-08-18 02:45:00,1081.0
2024-08-18 03:00:00,961.4000000000001
2024-08-18 03:15:00,1033.4
2024-08-18 03:30:00,839.8000000000001
2024-08-18 03:45:00,822.2
2024-08-18 04:00:00,722.8000000000001
2024-08-18 04:15:00,679.6
2024-08-18 04:30:00,722.6000000000001
2024-08-18 04:45:00,846.4000000000001
2024-08-18 05:00:00,856.4
2024-08-18 05:15:00,833.0
2024-08-18 05:30:00,951.8
2024-08-18 05:45:00,887.5999999999999
2024-08-18 06:00:00,765.8154000000001
2024-08-18 06:15:00,817.0154
2024-08-18 06:30:00,921.4153999999999
2024-08-18 06:45:00,986.6153999999999
2024-08-18 07:00:00,517.8121
2024-08-18 07:15:00,326.61210000000005
2024-08-18 07:30:00,310.2121
2024-08-18 07:45:00,377.81210000000004
2024-08-18 08:00:00,169.8076
2024-08-18 08:15:00,250.20759999999999
2024-08-18 08:30:00,286.80760000000004
2024-08-18 08:45:00,278.2076
2024-08-18 09:00:00,-4.934400000000039
2024-08-18 09:15:00,-5.734400000000107
2024-08-18 09:30:00,95.86559999999992
2024-08-18 09:45:00,264.2655999999999
2024-08-18 10:00:00,177.33639999999997
2024-08-18 10:15:00,177.3363999999999
2024-08-18 10:30:00,332.1363999999999
2024-08-18 10:45:00,274.9364
2024-08-18 11:00:00,459.3297
2024-08-18 11:15:00,223.5297
2024-08-18 11:30:00,173.72969999999998
2024-08-18 11:45:00,149.12969999999999
2024-08-18 12:00:00,291.82759999999996
2024-08-18 12:15:00,271.82759999999996
2024-08-18 12:30:00,285.6276
2024-08-18 12:45:00,259.8276
2024-08-18 13:00:00,180.86389999999994
2024-08-18 13:15:00,238.4638999999999
2024-08-18 13:30:00,258.6639
2024-08-18 13:45:00,254.4638999999999
2024-08-18 14:00:00,547.5882
2024-08-18 14:15:00,559.1882
2024-08-18 14:30:00,658.9882
2024-08-18 14:45:00,788.5882
2024-08-18 15:00:00,1009.0585
2024-08-18 15:15:00,879.4584999999998
2024-08-18 15:30:00,1135.4585
2024-08-18 15:45:00,1024.8584999999998
2024-08-18 16:00:00,1150.1044
2024-08-18 16:15:00,1062.3044000000002
2024-08-18 16:30:00,1075.1044000000002
2024-08-18 16:45:00,1131.9044000000001
2024-08-18 17:00:00,1283.1663
2024-08-18 17:15:00,1040.3663000000001
2024-08-18 17:30:00,1239.5663
2024-08-18 17:45:00,1036.3663
2024-08-18 18:00:00,1117.9369
2024-08-18 18:15:00,1091.9369
2024-08-18 18:30:00,998.7368999999999
2024-08-18 18:45:00,1021.3369
2024-08-18 19:00:00,1034.3999999999999
2024-08-18 19:15:00,987.6
2024-08-18 19:30:00,978.5999999999999
2024-08-18 19:45:00,969.8
2024-08-18 20:00:00,967.0
2024-08-18 20:15:00,950.4
2024-08-18 20:30:00,971.8
2024-08-18 20:45:00,915.5999999999999
2024-08-18 21:00:00,936.8
2024-08-18 21:15:00,915.4000000000001
2024-08-18 21:30:00,929.6000000000001
2024-08-18 21:45:00,873.0000000000001
2024-08-18 22:00:00,901.0
2024-08-18 22:15:00,853.8000000000001
2024-08-18 22:30:00,801.8
2024-08-18 22:45:00,800.1999999999999
2024-08-18 23:00:00,869.4000000000001
2024-08-18 23:15:00,1194.0
2024-08-18 23:30:00,1012.4000000000001
2024-08-18 23:45:00,1031.8
2024-08-19 00:00:00,861.1999999999999
2024-08-19 00:15:00,844.6
2024-08-19 00:30:00,855.0
2024-08-19 00:45:00,830.6
2024-08-19 01:00:00,784.6
2024-08-19 01:15:00,867.4
2024-08-19 01:30:00,892.8
2024-08-19 01:45:00,854.2
2024-08-19 02:00:00,751.0
2024-08-19 02:15:00,837.9999999999999
2024-08-19 02:30:00,869.2
2024-08-19 02:45:00,842.8
2024-08-19 03:00:00,857.8
2024-08-19 03:15:00,830.6
2024-08-19 03:30:00,885.8000000000001
2024-08-19 03:45:00,826.8
2024-08-19 04:00:00,741.4000000000001
2024-08-19 04:15:00,814.4
2024-08-19 04:30:00,775.0
2024-08-19 04:45:00,717.4000000000001
2024-08-19 05:00:00,715.4000000000001
2024-08-19 05:15:00,831.6000000000001
2024-08-19 05:30:00,851.0
2024-08-19 05:45:00,805.8
2024-08-19 06:00:00,993.5536000000002
2024-08-19 06:15:00,978.3535999999999
2024-08-19 06:30:00,1016.7536
2024-08-19 06:45:00,874.1536
2024-08-19 07:00:00,460.6631
2024-08-19 07:15:00,489.86310000000003
2024-08-19 07:30:00,554.8631
2024-08-19 07:45:00,583.6631
2024-08-19 08:00:00,351.0808
2024-08-19 08:15:00,892.8808000000001
2024-08-19 08:30:00,1305.8808
2024-08-19 08:45:00,1691.0808
2024-08-19 09:00:00,1679.8503
2024-08-19 09:15:00,2046.6503
2024-08-19 09:30:00,2037.8502999999998
2024-08-19 09:45:00,2105.4503
2024-08-19 10:00:00,1767.5407
2024-08-19 10:15:00,1821.3406999999997
2024-08-19 10:30:00,1710.5407
2024-08-19 10:45:00,1655.5407
2024-08-19 11:00:00,1332.7982
2024-08-19 11:15:00,1304.1981999999998
2024-08-19 11:30:00,1383.7982000000002
2024-08-19 11:45:00,1336.5982
2024-08-19 12:00:00,1224.1991
2024-08-19 12:15:00,1135.9991
2024-08-19 12:30:00,1186.7991000000002
2024-08-19 12:45:00,1169.3991
2024-08-19 13:00:00,1193.407
2024-08-19 13:15:00,1069.007
2024-08-19 13:30:00,987.407
2024-08-19 13:45:00,975.007
2024-08-19 14:00:00,1349.516
2024-08-19 14:15:00,1777.3159999999998
2024-08-19 14:30:00,1654.9160000000002
2024-08-19 14:45:00,1624.116
2024-08-19 15:00:00,2060.0083
2024-08-19 15:15:00,2251.4083
2024-08-19 15:30:00,2306.4083
2024-08-19 15:45:00,2183.2083000000002
2024-08-19 16:00:00,2341.4582
2024-08-19 16:15:00,2648.8581999999997
2024-08-19 16:30:00,2538.6582
2024-08-19 16:45:00,2500.4582
2024-08-19 17:00:00,2667.0247
2024-08-19 17:15:00,2624.4247
2024-08-19 17:30:00,2529.8247
2024-08-19 17:45:00,2206.2246999999998
2024-08-19 18:00:00,2404.7089
2024-08-19 18:15:00,2219.3089
2024-08-19 18:30:00,2039.5089000000003
2024-08-19 18:45:00,1861.3089
2024-08-19 19:00:00,1843.0
2024-08-19 19:15:00,1883.0
2024-08-19 19:30:00,1799.2
2024-08-19 19:45:00,1821.6000000000001
2024-08-19 20:00:00,1692.1999999999998
2024-08-19 20:15:00,1565.1999999999998
2024-08-19 20:30:00,1540.1999999999998
2024-08-19 20:45:00,1514.8000000000002
2024-08-19 21:00:00,1402.8
2024-08-19 21:15:00,1310.1999999999998
2024-08-19 21:30:00,1283.8000000000002
2024-08-19 21:45:00,1258.3999999999999
2024-08-19 22:00:00,1250.8
2024-08-19 22:15:00,1097.4
2024-08-19 22:30:00,1085.2
2024-08-19 22:45:00,1111.0
2024-08-19 23:00:00,1008.4
2024-08-19 23:15:00,1500.8000000000002
2024-08-19 23:30:00,1345.2
2024-08-19 23:45:00,1036.0
2024-08-20 00:00:00,1078.8
2024-08-20 00:15:00,1013.6000000000001
2024-08-20 00:30:00,952.0
2024-08-20 00:45:00,918.8
2024-08-20 01:00:00,934.8000000000001
2024-08-20 01:15:00,927.8
2024-08-20 01:30:00,873.8
2024-08-20 01:45:00,1130.4
2024-08-20 02:00:00,999.0
2024-08-20 02:15:00,849.8
2024-08-20 02:30:00,689.2
2024-08-20 02:45:00,923.2
2024-08-20 03:00:00,1100.0
2024-08-20 03:15:00,1102.0
2024-08-20 03:30:00,1027.6
2024-08-20 03:45:00,1005.1999999999999
2024-08-20 04:00:00,941.2
2024-08-20 04:15:00,831.0
2024-08-20 04:30:00,776.0
2024-08-20 04:45:00,752.6
2024-08-20 05:00:00,834.8
2024-08-20 05:15:00,1073.6000000000001
2024-08-20 05:30:00,1252.0
2024-08-20 05:45:00,1206.0
2024-08-20 06:00:00,1138.3227
2024-08-20 06:15:00,1080.5227
2024-08-20 06:30:00,1061.3227000000002
2024-08-20 06:45:00,1050.9227
2024-08-20 07:00:00,569.0919
2024-08-20 07:15:00,486.69190000000003
2024-08-20 07:30:00,573.0919000000001
2024-08-20 07:45:00,687.8919000000001
2024-08-20 08:00:00,526.9486000000002
2024-08-20 08:15:00,766.7486000000001
2024-08-20 08:30:00,1199.5486
2024-08-20 08:45:00,1462.5486
2024-08-20 09:00:00,1354.3678
2024-08-20 09:15:00,1695.1678000000002
2024-08-20 09:30:00,1793.1678000000002
2024-08-20 09:45:00,1901.3678
2024-08-20 10:00:00,1906.7151999999999
2024-08-20 10:15:00,1959.3152
2024-08-20 10:30:00,1705.9152000000001
2024-08-20 10:45:00,1762.1152
2024-08-20 11:00:00,1555.4537000000003
2024-08-20 11:15:00,1437.6537
2024-08-20 11:30:00,1511.0537
2024-08-20 11:45:00,1450.8537000000001
2024-08-20 12:00:00,1380.2197999999999
2024-08-20 12:15:00,1408.4198000000001
2024-08-20 12:30:00,1374.6198
2024-08-20 12:45:00,1180.0198
2024-08-20 13:00:00,1228.1515
2024-08-20 13:15:00,1139.9515000000001
2024-08-20 13:30:00,1199.7514999999999
2024-08-20 13:45:00,1214.9514999999997
2024-08-20 14:00:00,1482.2426
2024-08-20 14:15:00,1745.8426000000002
2024-08-20 14:30:00,1748.0426
2024-08-20 14:45:00,1900.4426
2024-08-20 15:00:00,2177.0647
2024-08-20 15:15:00,2172.0647
2024-08-20 15:30:00,2365.2646999999997
2024-08-20 15:45:00,2360.6647
2024-08-20 16:00:00,2713.8947
2024-08-20 16:15:00,2708.0946999999996
2024-08-20 16:30:00,2690.4947
2024-08-20 16:45:00,2818.8947
2024-08-20 17:00:00,3111.8577999999998
2024-08-20 17:15:00,2833.2578
2024-08-20 17:30:00,2654.4578
2024-08-20 17:45:00,2390.6578
2024-08-20 18:00:00,2453.2401
2024-08-20 18:15:00,2298.2401
2024-08-20 18:30:00,2217.8401
2024-08-20 18:45:00,2036.0401
2024-08-20 19:00:00,2006.4
2024-08-20 19:15:00,2041.6
2024-08-20 19:30:00,1964.1999999999998
2024-08-20 19:45:00,1975.6
2024-08-20 20:00:00,1909.2
2024-08-20 20:15:00,1761.4
2024-08-20 20:30:00,1680.8
2024-08-20 20:45:00,1653.4
2024-08-20 21:00:00,1526.6
2024-08-20 21:15:00,1522.1999999999998
2024-08-20 21:30:00,1445.3999999999999
2024-08-20 21:45:00,1391.1999999999998
2024-08-20 22:00:00,1401.1999999999998
2024-08-20 22:15:00,1312.3999999999999
2024-08-20 22:30:00,1235.0
2024-08-20 22:45:00,1164.4
2024-08-20 23:00:00,1387.0
2024-08-20 23:15:00,1737.2
2024-08-20 23:30:00,1563.4
2024-08-20 23:45:00,1266.8
2024-08-21 00:00:00,1368.8
2024-08-21 00:15:00,1275.2
2024-08-21 00:30:00,1206.8000000000002
2024-08-21 00:45:00,1267.2
2024-08-21 01:00:00,1121.6
2024-08-21 01:15:00,1018.0
2024-08-21 01:30:00,964.8
2024-08-21 01:45:00,1092.2
2024-08-21 02:00:00,1208.8
2024-08-21 02:15:00,1042.6
2024-08-21 02:30:00,1067.2
2024-08-21 02:45:00,1008.4000000000001
2024-08-21 03:00:00,1051.8
2024-08-21 03:15:00,1066.3999999999999
2024-08-21 03:30:00,1055.4
2024-08-21 03:45:00,984.6000000000001
2024-08-21 04:00:00,948.4000000000001
2024-08-21 04:15:00,882.2
2024-08-21 04:30:00,830.4000000000001
2024-08-21 04:45:00,791.8
2024-08-21 05:00:00,777.1999999999999
2024-08-21 05:15:00,1048.0
2024-08-21 05:30:00,1155.2
2024-08-21 05:45:00,1182.4
2024-08-21 06:00:00,1161.572
2024-08-21 06:15:00,1063.972
2024-08-21 06:30:00,1250.5720000000001
2024-08-21 06:45:00,1238.772
2024-08-21 07:00:00,1133.0857
2024-08-21 07:15:00,867.2857
2024-08-21 07:30:00,875.8857
2024-08-21 07:45:00,881.2857000000001
2024-08-21 08:00:00,876.0554
2024-08-21 08:15:00,1139.0554000000002
2024-08-21 08:30:00,1582.0554
2024-08-21 08:45:00,1774.2554
2024-08-21 09:00:00,1884.2432
2024-08-21 09:15:00,2153.2432
2024-08-21 09:30:00,2288.6432
2024-08-21 09:45:00,2511.4431999999997
2024-08-21 10:00:00,2369.3803000000003
2024-08-21 10:15:00,2474.1803
2024-08-21 10:30:00,2309.7803000000004
2024-08-21 10:45:00,2349.7803
2024-08-21 11:00:00,2284.2443000000003
2024-08-21 11:15:00,2207.0443000000005
2024-08-21 11:30:00,2309.2443000000003
2024-08-21 11:45:00,2327.0443
2024-08-21 12:00:00,2029.6125
2024-08-21 12:15:00,2063.0125
2024-08-21 12:30:00,2172.6125
2024-08-21 12:45:00,1910.0125
2024-08-21 13:00:00,1928.2225
2024-08-21 13:15:00,1922.2225000000003
2024-08-21 13:30:00,1814.4225000000001
2024-08-21 13:45:00,1935.4225000000001
2024-08-21 14:00:00,2298.9659
2024-08-21 14:15:00,2570.7659
2024-08-21 14:30:00,2800.1659
2024-08-21 14:45:00,2718.7659000000003
2024-08-21 15:00:00,3024.1542
2024-08-21 15:15:00,3061.3541999999998
2024-08-21 15:30:00,3145.3542000000007
2024-08-21 15:45:00,2949.9542
2024-08-21 16:00:00,3215.0177000000003
2024-08-21 16:15:00,3278.4177
2024-08-21 16:30:00,3466.4177
2024-08-21 16:45:00,3228.8176999999996
2024-08-21 17:00:00,3411.3858
2024-08-21 17:15:00,3201.7857999999997
2024-08-21 17:30:00,2916.9858
2024-08-21 17:45:00,2709.5858
2024-08-21 18:00:00,2672.2343
2024-08-21 18:15:00,2527.4343
2024-08-21 18:30:00,2374.4343
2024-08-21 18:45:00,2255.0343
2024-08-21 19:00:00,2103.2
2024-08-21 19:15:00,1992.4
2024-08-21 19:30:00,1917.4
2024-08-21 19:45:00,1899.2
2024-08-21 20:00:00,1849.4
2024-08-21 20:15:00,1778.0
2024-08-21 20:30:00,1783.4
2024-08-21 20:45:00,1732.6000000000001
2024-08-21 21:00:00,1527.1999999999998
2024-08-21 21:15:00,1498.7999999999997
2024-08-21 21:30:00,1451.0000000000002
2024-08-21 21:45:00,1375.8000000000002
2024-08-21 22:00:00,1356.6
2024-08-21 22:15:00,1314.6000000000001
2024-08-21 22:30:00,1178.6
2024-08-21 22:45:00,1136.2
2024-08-21 23:00:00,1322.4
2024-08-21 23:15:00,1687.7999999999997
2024-08-21 23:30:00,1623.2
2024-08-21 23:45:00,1470.6
2024-08-22 00:00:00,1433.6000000000001
2024-08-22 00:15:00,1546.4
2024-08-22 00:30:00,1460.0
2024-08-22 00:45:00,1355.6000000000001
2024-08-22 01:00:00,1223.8000000000002
2024-08-22 01:15:00,1155.6000000000001
2024-08-22 01:30:00,1214.2
2024-08-22 01:45:00,1203.6000000000001
2024-08-22 02:00:00,1194.6
2024-08-22 02:15:00,1024.6000000000001
2024-08-22 02:30:00,1041.0
2024-08-22 02:45:00,964.4000000000001
2024-08-22 03:00:00,1183.8
2024-08-22 03:15:00,1097.2
2024-08-22 03:30:00,1207.6
2024-08-22 03:45:00,1204.6
2024-08-22 04:00:00,1145.2
2024-08-22 04:15:00,1065.8
2024-08-22 04:30:00,1065.4
2024-08-22 04:45:00,926.4000000000001
2024-08-22 05:00:00,1102.0
2024-08-22 05:15:00,1477.0
2024-08-22 05:30:00,1348.2
2024-08-22 05:45:00,1213.8
2024-08-22 06:00:00,1254.55
2024-08-22 06:15:00,1114.75
2024-08-22 06:30:00,1232.5500000000002
2024-08-22 06:45:00,1201.95
2024-08-22 07:00:00,931.7944
2024-08-22 07:15:00,977.7944
2024-08-22 07:30:00,1004.7944
2024-08-22 07:45:00,1099.9944
2024-08-22 08:00:00,1108.165
2024-08-22 08:15:00,1342.165
2024-08-22 08:30:00,1762.165
2024-08-22 08:45:00,2225.565
2024-08-22 09:00:00,2228.9395000000004
2024-08-22 09:15:00,2435.5395
2024-08-22 09:30:00,2657.9395
2024-08-22 09:45:00,2636.1395
2024-08-22 10:00:00,2364.3464000000004
2024-08-22 10:15:00,2574.7464
2024-08-22 10:30:00,2412.5464
2024-08-22 10:45:00,2322.3464000000004
2024-08-22 11:00:00,2212.7751
2024-08-22 11:15:00,2136.9751
2024-08-22 11:30:00,2216.1750999999995
2024-08-22 11:45:00,2225.3750999999997
2024-08-22 12:00:00,2381.2572
2024-08-22 12:15:00,2226.6572
2024-08-22 12:30:00,2410.4572
2024-08-22 12:45:00,2435.8572
2024-08-22 13:00:00,2255.3415999999997
2024-08-22 13:15:00,2150.1416
2024-08-22 13:30:00,2068.5416
2024-08-22 13:45:00,2139.7416
2024-08-22 14:00:00,2309.4831
2024-08-22 14:15:00,2847.6830999999993
2024-08-22 14:30:00,2790.4831
2024-08-22 14:45:00,2620.4831
2024-08-22 15:00:00,2768.7738
2024-08-22 15:15:00,3057.9738
2024-08-22 15:30:00,2952.7738
2024-08-22 15:45:00,3047.1738
2024-08-22 16:00:00,3319.1854000000003
2024-08-22 16:15:00,3164.5854
2024-08-22 16:30:00,3374.9853999999996
2024-08-22 16:45:00,3446.1854000000003
2024-08-22 17:00:00,3815.3050000000003
2024-08-22 17:15:00,3731.505
2024-08-22 17:30:00,3460.905
2024-08-22 17:45:00,3254.505
2024-08-22 18:00:00,3039.6311
2024-08-22 18:15:00,2762.2311
2024-08-22 18:30:00,2668.6310999999996
2024-08-22 18:45:00,2450.8311
2024-08-22 19:00:00,2277.4
2024-08-22 19:15:00,2119.2000000000003
2024-08-22 19:30:00,2187.2
2024-08-22 19:45:00,2078.4
2024-08-22 20:00:00,2046.2
2024-08-22 20:15:00,1977.2
2024-08-22 20:30:00,1826.8000000000002
2024-08-22 20:45:00,1855.0
2024-08-22 21:00:00,1698.2
2024-08-22 21:15:00,1608.4
2024-08-22 21:30:00,1563.4
2024-08-22 21:45:00,1543.8000000000002
2024-08-22 22:00:00,1515.2
2024-08-22 22:15:00,1446.6
2024-08-22 22:30:00,1355.0
2024-08-22 22:45:00,1320.0
2024-08-22 23:00:00,1406.8
2024-08-22 23:15:00,1565.8000000000002
2024-08-22 23:30:00,1634.8
2024-08-22 23:45:00,1512.4
2024-08-23 00:00:00,1338.2
2024-08-23 00:15:00,1262.0000000000002
2024-08-23 00:30:00,1232.4
2024-08-23 00:45:00,1063.2
2024-08-23 01:00:00,915.8000000000001
2024-08-23 01:15:00,1111.2
2024-08-23 01:30:00,1189.2
2024-08-23 01:45:00,1175.0
2024-08-23 02:00:00,1049.2
2024-08-23 02:15:00,940.0
2024-08-23 02:30:00,1014.8000000000001
2024-08-23 02:45:00,1109.0
2024-08-23 03:00:00,1296.1999999999998
2024-08-23 03:15:00,1093.3999999999999
2024-08-23 03:30:00,1102.2
2024-08-23 03:45:00,983.8
2024-08-23 04:00:00,904.4000000000001
2024-08-23 04:15:00,1143.8
2024-08-23 04:30:00,1226.4
2024-08-23 04:45:00,1226.3999999999999
2024-08-23 05:00:00,1024.2
2024-08-23 05:15:00,1293.2
2024-08-23 05:30:00,1196.2
2024-08-23 05:45:00,1110.8
2024-08-23 06:00:00,1117.4421
2024-08-23 06:15:00,1284.4421
2024-08-23 06:30:00,1289.4421
2024-08-23 06:45:00,1299.2421
2024-08-23 07:00:00,838.7014999999999
2024-08-23 07:15:00,799.9014999999999
2024-08-23 07:30:00,696.1014999999999
2024-08-23 07:45:00,778.5015000000001
2024-08-23 08:00:00,560.3951
2024-08-23 08:15:00,925.1951
2024-08-23 08:30:00,1299.1951
2024-08-23 08:45:00,1727.3951
2024-08-23 09:00:00,1654.7365
2024-08-23 09:15:00,2028.7365
2024-08-23 09:30:00,2195.7365
2024-08-23 09:45:00,2115.7365
2024-08-23 10:00:00,2174.5904
2024-08-23 10:15:00,2239.3904
2024-08-23 10:30:00,2190.7904
2024-08-23 10:45:00,2154.7904
2024-08-23 11:00:00,1843.2311
2024-08-23 11:15:00,1819.8311000000003
2024-08-23 11:30:00,1818.2311
2024-08-23 11:45:00,1777.6311
2024-08-23 12:00:00,1719.2015000000001
2024-08-23 12:15:00,1720.8015
2024-08-23 12:30:00,1644.0014999999999
2024-08-23 12:45:00,1503.0015
2024-08-23 13:00:00,1539.8208
2024-08-23 13:15:00,1500.2207999999998
2024-08-23 13:30:00,1624.6208
2024-08-23 13:45:00,1682.0207999999998
2024-08-23 14:00:00,1915.8905
2024-08-23 14:15:00,2151.0905
2024-08-23 14:30:00,2359.6904999999997
2024-08-23 14:45:00,2503.0905
2024-08-23 15:00:00,2612.3476
2024-08-23 15:15:00,2581.7476
2024-08-23 15:30:00,2826.5476
2024-08-23 15:45:00,2940.9475999999995
2024-08-23 16:00:00,3157.3871
2024-08-23 16:15:00,3185.3871
2024-08-23 16:30:00,3208.3871
2024-08-23 16:45:00,3138.9871
2024-08-23 17:00:00,3465.4711
2024-08-23 17:15:00,3112.2711
2024-08-23 17:30:00,3001.4710999999998
2024-08-23 17:45:00,2776.0711
2024-08-23 18:00:00,2896.501
2024-08-23 18:15:00,2567.301
2024-08-23 18:30:00,2419.501
2024-08-23 18:45:00,2217.701
2024-08-23 19:00:00,2208.0
2024-08-23 19:15:00,2065.0
2024-08-23 19:30:00,1954.4
2024-08-23 19:45:00,1888.4
2024-08-23 20:00:00,1874.2
2024-08-23 20:15:00,1848.3999999999999
2024-08-23 20:30:00,1788.4
2024-08-23 20:45:00,1706.8
2024-08-23 21:00:00,1593.1999999999998
2024-08-23 21:15:00,1567.4
2024-08-23 21:30:00,1530.6
2024-08-23 21:45:00,1540.3999999999999
2024-08-23 22:00:00,1407.4
2024-08-23 22:15:00,1294.6
2024-08-23 22:30:00,1222.8
2024-08-23 22:45:00,1202.2
2024-08-23 23:00:00,1190.0
2024-08-23 23:15:00,1799.4
2024-08-23 23:30:00,1579.0
2024-08-23 23:45:00,1552.1999999999998
2024-08-24 00:00:00,1202.8
2024-08-24 00:15:00,1003.4000000000001
2024-08-24 00:30:00,966.0
2024-08-24 00:45:00,973.1999999999999
2024-08-24 01:00:00,1198.2
2024-08-24 01:15:00,1132.8
2024-08-24 01:30:00,975.2
2024-08-24 01:45:00,813.4000000000001
2024-08-24 02:00:00,821.6000000000001
2024-08-24 02:15:00,811.2
2024-08-24 02:30:00,832.2
2024-08-24 02:45:00,805.1999999999999
2024-08-24 03:00:00,920.0
2024-08-24 03:15:00,1026.4
2024-08-24 03:30:00,1024.2
2024-08-24 03:45:00,1138.0
2024-08-24 04:00:00,992.2
2024-08-24 04:15:00,861.5999999999999
2024-08-24 04:30:00,791.0
2024-08-24 04:45:00,1090.2
2024-08-24 05:00:00,1150.2
2024-08-24 05:15:00,1269.0
2024-08-24 05:30:00,1467.2
2024-08-24 05:45:00,1368.0
2024-08-24 06:00:00,1337.7246000000002
2024-08-24 06:15:00,1098.1245999999999
2024-08-24 06:30:00,1109.1246
2024-08-24 06:45:00,1038.9246
2024-08-24 07:00:00,794.0641
2024-08-24 07:15:00,681.4641
2024-08-24 07:30:00,679.0641
2024-08-24 07:45:00,841.6641
2024-08-24 08:00:00,713.8309999999999
2024-08-24 08:15:00,831.6309999999999
2024-08-24 08:30:00,1055.831
2024-08-24 08:45:00,1345.031
2024-08-24 09:00:00,1279.1191
2024-08-24 09:15:00,1656.5191
2024-08-24 09:30:00,1890.3191000000002
2024-08-24 09:45:00,1799.7191
2024-08-24 10:00:00,1527.8609000000001
2024-08-24 10:15:00,1766.6608999999999
2024-08-24 10:30:00,1737.4609
2024-08-24 10:45:00,1703.0609
2024-08-24 11:00:00,1561.2214
2024-08-24 11:15:00,1488.8214
2024-08-24 11:30:00,1499.4214000000002
2024-08-24 11:45:00,1441.4214
2024-08-24 12:00:00,1427.6466999999998
2024-08-24 12:15:00,1429.6467
2024-08-24 12:30:00,1414.2467000000001
2024-08-24 12:45:00,1484.4467
2024-08-24 13:00:00,1399.2764000000002
2024-08-24 13:15:00,1366.8764
2024-08-24 13:30:00,1412.0764
2024-08-24 13:45:00,1425.2764
2024-08-24 14:00:00,1600.2588
2024-08-24 14:15:00,2188.6587999999997
2024-08-24 14:30:00,2161.0588
2024-08-24 14:45:00,2024.2588
2024-08-24 15:00:00,2108.6125
2024-08-24 15:15:00,2248.0125
2024-08-24 15:30:00,2185.8125
2024-08-24 15:45:00,2209.4125000000004
2024-08-24 16:00:00,2251.7843000000003
2024-08-24 16:15:00,2329.1843
2024-08-24 16:30:00,2294.1843
2024-08-24 16:45:00,2293.9843
2024-08-24 17:00:00,2400.2643
2024-08-24 17:15:00,2246.4642999999996
2024-08-24 17:30:00,2184.2643
2024-08-24 17:45:00,2163.0643
2024-08-24 18:00:00,2127.3059999999996
2024-08-24 18:15:00,2015.906
2024-08-24 18:30:00,1922.1060000000002
2024-08-24 18:45:00,1802.506
2024-08-24 19:00:00,1786.2000000000003
2024-08-24 19:15:00,1726.2
2024-08-24 19:30:00,1678.6
2024-08-24 19:45:00,1638.2
2024-08-24 20:00:00,1630.2
2024-08-24 20:15:00,1617.4
2024-08-24 20:30:00,1585.8000000000002
2024-08-24 20:45:00,1601.8
2024-08-24 21:00:00,1549.8
2024-08-24 21:15:00,1474.3999999999999
2024-08-24 21:30:00,1470.2
2024-08-24 21:45:00,1405.8000000000002
2024-08-24 22:00:00,1366.4
2024-08-24 22:15:00,1367.0
2024-08-24 22:30:00,1283.6
2024-08-24 22:45:00,1300.1999999999998
2024-08-24 23:00:00,1237.8
2024-08-24 23:15:00,1831.6
2024-08-24 23:30:00,1661.0
2024-08-24 23:45:00,1703.2000000000003
2024-08-25 00:00:00,1412.0
2024-08-25 00:15:00,1229.4
2024-08-25 00:30:00,1075.0
2024-08-25 00:45:00,1175.2
2024-08-25 01:00:00,1004.8
2024-08-25 01:15:00,997.0
2024-08-25 01:30:00,1057.2
2024-08-25 01:45:00,1122.8
2024-08-25 02:00:00,1148.6
2024-08-25 02:15:00,1096.3999999999999
2024-08-25 02:30:00,1090.2
2024-08-25 02:45:00,1098.6000000000001
2024-08-25 03:00:00,1002.8
2024-08-25 03:15:00,924.0
2024-08-25 03:30:00,1006.0
2024-08-25 03:45:00,989.0
2024-08-25 04:00:00,952.1999999999999
2024-08-25 04:15:00,1069.8000000000002
2024-08-25 04:30:00,998.8000000000001
2024-08-25 04:45:00,891.6
2024-08-25 05:00:00,1046.4
2024-08-25 05:15:00,1231.6000000000001
2024-08-25 05:30:00,1342.2
2024-08-25 05:45:00,1357.2
2024-08-25 06:00:00,1279.4
2024-08-25 06:15:00,1129.8
2024-08-25 06:30:00,1156.0
2024-08-25 06:45:00,1064.4
2024-08-25 07:00:00,939.3767
2024-08-25 07:15:00,834.5767000000001
2024-08-25 07:30:00,867.9767
2024-08-25 07:45:00,810.3767
2024-08-25 08:00:00,838.9639
2024-08-25 08:15:00,891.5638999999999
2024-08-25 08:30:00,945.9639
2024-08-25 08:45:00,1122.9639
2024-08-25 09:00:00,977.7608
2024-08-25 09:15:00,983.5608
2024-08-25 09:30:00,974.3608
2024-08-25 09:45:00,1246.9608
2024-08-25 10:00:00,1243.8341
2024-08-25 10:15:00,1202.2341
2024-08-25 10:30:00,1069.0341
2024-08-25 10:45:00,1234.4341000000002
2024-08-25 11:00:00,1132.5542
2024-08-25 11:15:00,1174.7542
2024-08-25 11:30:00,1270.1542000000002
2024-08-25 11:45:00,1217.3542
2024-08-25 12:00:00,1151.8348
2024-08-25 12:15:00,1181.4348
2024-08-25 12:30:00,1208.4348
2024-08-25 12:45:00,1219.2348000000002
2024-08-25 13:00:00,1320.3539
2024-08-25 13:15:00,1392.9539000000002
2024-08-25 13:30:00,1357.7539000000002
2024-08-25 13:45:00,1309.5538999999999
2024-08-25 14:00:00,1309.5122999999999
2024-08-25 14:15:00,1715.5122999999999
2024-08-25 14:30:00,1634.5123
2024-08-25 14:45:00,1696.9122999999997
2024-08-25 15:00:00,1733.0103
2024-08-25 15:15:00,1781.8103
2024-08-25 15:30:00,1729.4103000000002
2024-08-25 15:45:00,1839.2103
2024-08-25 16:00:00,2070.3388
2024-08-25 16:15:00,1968.3388000000002
2024-08-25 16:30:00,2088.5388000000003
2024-08-25 16:45:00,2038.5387999999998
2024-08-25 17:00:00,2151.527
2024-08-25 17:15:00,2101.5270000000005
2024-08-25 17:30:00,1944.1269999999997
2024-08-25 17:45:00,1796.327
2024-08-25 18:00:00,1620.3766
2024-08-25 18:15:00,1559.3765999999998
2024-08-25 18:30:00,1558.7766
2024-08-25 18:45:00,1528.7766
2024-08-25 19:00:00,1508.3999999999999
2024-08-25 19:15:00,1474.8
2024-08-25 19:30:00,1491.0
2024-08-25 19:45:00,1416.6
2024-08-25 20:00:00,1422.8000000000002
2024-08-25 20:15:00,1383.2
2024-08-25 20:30:00,1327.6
2024-08-25 20:45:00,1337.8000000000002
2024-08-25 21:00:00,1398.0000000000002
2024-08-25 21:15:00,1328.2
2024-08-25 21:30:00,1306.4
2024-08-25 21:45:00,1241.4
2024-08-25 22:00:00,1217.6
2024-08-25 22:15:00,1144.6000000000001
2024-08-25 22:30:00,1036.0
2024-08-25 22:45:00,972.8000000000001
2024-08-25 23:00:00,1091.0
2024-08-25 23:15:00,1538.4
2024-08-25 23:30:00,1332.1999999999998
2024-08-25 23:45:00,1211.1999999999998
2024-08-26 00:00:00,1287.0
2024-08-26 00:15:00,1109.2
2024-08-26 00:30:00,1116.6000000000001
2024-08-26 00:45:00,1132.8
2024-08-26 01:00:00,1270.3999999999999
2024-08-26 01:15:00,1215.2
2024-08-26 01:30:00,1247.4
2024-08-26 01:45:00,1224.6
2024-08-26 02:00:00,1360.3999999999999
2024-08-26 02:15:00,1328.1999999999998
2024-08-26 02:30:00,1301.0
2024-08-26 02:45:00,1089.4
2024-08-26 03:00:00,1010.2
2024-08-26 03:15:00,952.6
2024-08-26 03:30:00,1075.6
2024-08-26 03:45:00,1017.1999999999999
2024-08-26 04:00:00,932.8
2024-08-26 04:15:00,943.8
2024-08-26 04:30:00,1058.0
2024-08-26 04:45:00,1037.6
2024-08-26 05:00:00,1293.8000000000002
2024-08-26 05:15:00,1365.4
2024-08-26 05:30:00,1284.4
2024-08-26 05:45:00,1052.2
2024-08-26 06:00:00,1059.458
2024-08-26 06:15:00,1199.6580000000001
2024-08-26 06:30:00,1313.2579999999998
2024-08-26 06:45:00,1180.4579999999999
2024-08-26 07:00:00,1118.9946
2024-08-26 07:15:00,1171.3946
2024-08-26 07:30:00,1226.5946000000001
2024-08-26 07:45:00,1338.7946
2024-08-26 08:00:00,1477.3985
2024-08-26 08:15:00,1919.1985
2024-08-26 08:30:00,2395.7985
2024-08-26 08:45:00,2867.5985
2024-08-26 09:00:00,3092.6296
2024-08-26 09:15:00,3252.2295999999997
2024-08-26 09:30:00,3336.6295999999998
2024-08-26 09:45:00,3447.6296
2024-08-26 10:00:00,3436.2801
2024-08-26 10:15:00,3633.0801
2024-08-26 10:30:00,3610.8801
2024-08-26 10:45:00,3672.2801
2024-08-26 11:00:00,3563.8981999999996
2024-08-26 11:15:00,3486.4982
2024-08-26 11:30:00,3587.4982
2024-08-26 11:45:00,3661.4982
2024-08-26 12:00:00,3329.6833
2024-08-26 12:15:00,3413.4833
2024-08-26 12:30:00,3298.0833000000002
2024-08-26 12:45:00,3184.8833000000004
2024-08-26 13:00:00,3179.451
2024-08-26 13:15:00,3098.0509999999995
2024-08-26 13:30:00,3140.651
2024-08-26 13:45:00,3200.851
2024-08-26 14:00:00,3186.4768
2024-08-26 14:15:00,3560.4768000000004
2024-08-26 14:30:00,3615.4768
2024-08-26 14:45:00,3672.2768
2024-08-26 15:00:00,3640.7502999999997
2024-08-26 15:15:00,3729.5503
2024-08-26 15:30:00,3872.7503000000006
2024-08-26 15:45:00,3981.3503
2024-08-26 16:00:00,4024.2443000000003
2024-08-26 16:15:00,4177.4443
2024-08-26 16:30:00,3909.2443000000003
2024-08-26 16:45:00,3878.4443
2024-08-26 17:00:00,3995.5833000000002
2024-08-26 17:15:00,3766.9833
2024-08-26 17:30:00,3502.5833000000002
2024-08-26 17:45:00,3355.3833
2024-08-26 18:00:00,3166.6478
2024-08-26 18:15:00,2977.6477999999997
2024-08-26 18:30:00,2753.0478
2024-08-26 18:45:00,2657.2477999999996
2024-08-26 19:00:00,2450.6
2024-08-26 19:15:00,2350.0
2024-08-26 19:30:00,2306.0
2024-08-26 19:45:00,2284.0
2024-08-26 20:00:00,2187.6
2024-08-26 20:15:00,1968.1999999999998
2024-08-26 20:30:00,1881.8
2024-08-26 20:45:00,1820.0
2024-08-26 21:00:00,1668.4
2024-08-26 21:15:00,1581.0
2024-08-26 21:30:00,1524.4
2024-08-26 21:45:00,1452.6
2024-08-26 22:00:00,1453.4
2024-08-26 22:15:00,1437.6
2024-08-26 22:30:00,1403.6
2024-08-26 22:45:00,1349.8
2024-08-26 23:00:00,1322.8
2024-08-26 23:15:00,1956.2
2024-08-26 23:30:00,1861.4
2024-08-26 23:45:00,1642.8000000000002
2024-08-27 00:00:00,1531.0
2024-08-27 00:15:00,1417.8
2024-08-27 00:30:00,1370.1999999999998
2024-08-27 00:45:00,1340.3999999999999
2024-08-27 01:00:00,1260.6
2024-08-27 01:15:00,1125.0
2024-08-27 01:30:00,1174.3999999999999
2024-08-27 01:45:00,1122.3999999999999
2024-08-27 02:00:00,1210.3999999999999
2024-08-27 02:15:00,1113.8
2024-08-27 02:30:00,1196.2
2024-08-27 02:45:00,1172.6000000000001
2024-08-27 03:00:00,1285.8
2024-08-27 03:15:00,1152.4
2024-08-27 03:30:00,1071.0
2024-08-27 03:45:00,904.8
2024-08-27 04:00:00,982.2
2024-08-27 04:15:00,966.4000000000001
2024-08-27 04:30:00,1040.0
2024-08-27 04:45:00,1016.2
2024-08-27 05:00:00,1064.0
2024-08-27 05:15:00,1205.8
2024-08-27 05:30:00,1250.3999999999999
2024-08-27 05:45:00,1217.0
2024-08-27 06:00:00,1248.3838999999998
2024-08-27 06:15:00,1271.5839
2024-08-27 06:30:00,1518.5838999999999
2024-08-27 06:45:00,1347.3839
2024-08-27 07:00:00,1018.2586
2024-08-27 07:15:00,1091.2586000000001
2024-08-27 07:30:00,1138.4586
2024-08-27 07:45:00,1195.2586
2024-08-27 08:00:00,1220.6698
2024-08-27 08:15:00,1500.2698
2024-08-27 08:30:00,1909.8698
2024-08-27 08:45:00,2464.6697999999997
2024-08-27 09:00:00,2630.2790999999997
2024-08-27 09:15:00,2818.2790999999997
2024-08-27 09:30:00,2857.8791
2024-08-27 09:45:00,3167.8791
2024-08-27 10:00:00,2985.9937
2024-08-27 10:15:00,3170.9937
2024-08-27 10:30:00,3083.7937
2024-08-27 10:45:00,3168.1937
2024-08-27 11:00:00,2891.8886
2024-08-27 11:15:00,2761.0886
2024-08-27 11:30:00,2842.4886
2024-08-27 11:45:00,2753.8886
2024-08-27 12:00:00,2907.3141
2024-08-27 12:15:00,2811.5140999999994
2024-08-27 12:30:00,2852.3141
2024-08-27 12:45:00,2826.9141
2024-08-27 13:00:00,2686.5897
2024-08-27 13:15:00,2658.3896999999997
2024-08-27 13:30:00,2701.7897000000003
2024-08-27 13:45:00,2737.9897
2024-08-27 14:00:00,2764.4595
2024-08-27 14:15:00,2904.4595
2024-08-27 14:30:00,3229.0595000000003
2024-08-27 14:45:00,3101.6594999999998
2024-08-27 15:00:00,3221.6115
2024-08-27 15:15:00,3218.0115
2024-08-27 15:30:00,3357.2114999999994
2024-08-27 15:45:00,3289.0114999999996
2024-08-27 16:00:00,3372.1004
2024-08-27 16:15:00,3455.9003999999995
2024-08-27 16:30:00,3450.9004000000004
2024-08-27 16:45:00,3279.1004000000003
2024-08-27 17:00:00,3326.1575000000003
2024-08-27 17:15:00,3071.3575
2024-08-27 17:30:00,3149.3575
2024-08-27 17:45:00,2901.7574999999997
2024-08-27 18:00:00,2800.5571
2024-08-27 18:15:00,2450.7571
2024-08-27 18:30:00,2344.9571
2024-08-27 18:45:00,2245.9570999999996
2024-08-27 19:00:00,2123.8
2024-08-27 19:15:00,2081.6
2024-08-27 19:30:00,1999.6000000000001
2024-08-27 19:45:00,1922.3999999999999
2024-08-27 20:00:00,1888.6
2024-08-27 20:15:00,1871.4
2024-08-27 20:30:00,1777.4
2024-08-27 20:45:00,1700.2
2024-08-27 21:00:00,1604.1999999999998
2024-08-27 21:15:00,1517.6
2024-08-27 21:30:00,1503.4
2024-08-27 21:45:00,1452.6
2024-08-27 22:00:00,1369.8000000000002
2024-08-27 22:15:00,1357.6
2024-08-27 22:30:00,1275.8
2024-08-27 22:45:00,1123.2
2024-08-27 23:00:00,1088.2
2024-08-27 23:15:00,1610.1999999999998
2024-08-27 23:30:00,1474.2
2024-08-27 23:45:00,1403.2
2024-08-28 00:00:00,1289.9999999999998
2024-08-28 00:15:00,1301.2
2024-08-28 00:30:00,1152.8
2024-08-28 00:45:00,1306.8
2024-08-28 01:00:00,1269.0000000000002
2024-08-28 01:15:00,1171.6000000000001
2024-08-28 01:30:00,1279.6
2024-08-28 01:45:00,1229.4
2024-08-28 02:00:00,1264.0
2024-08-28 02:15:00,1118.4
2024-08-28 02:30:00,1052.4
2024-08-28 02:45:00,905.2
2024-08-28 03:00:00,1046.1999999999998
2024-08-28 03:15:00,1108.4
2024-08-28 03:30:00,992.8
2024-08-28 03:45:00,996.0
2024-08-28 04:00:00,913.2
2024-08-28 04:15:00,893.8
2024-08-28 04:30:00,779.8
2024-08-28 04:45:00,867.3999999999999
2024-08-28 05:00:00,944.4
2024-08-28 05:15:00,1168.4
2024-08-28 05:30:00,1252.8000000000002
2024-08-28 05:45:00,1142.6000000000001
2024-08-28 06:00:00,1170.0295
2024-08-28 06:15:00,1090.0295
2024-08-28 06:30:00,1100.6295
2024-08-28 06:45:00,1068.0295
2024-08-28 07:00:00,726.0329999999999
2024-08-28 07:15:00,689.433
2024-08-28 07:30:00,801.033
2024-08-28 07:45:00,783.233
2024-08-28 08:00:00,707.7595
2024-08-28 08:15:00,987.7594999999999
2024-08-28 08:30:00,1321.7595000000001
2024-08-28 08:45:00,1631.3595
2024-08-28 09:00:00,1517.2116
2024-08-28 09:15:00,1715.6115999999997
2024-08-28 09:30:00,1898.4116
2024-08-28 09:45:00,1990.2116
2024-08-28 10:00:00,1698.5169
2024-08-28 10:15:00,1861.3168999999998
2024-08-28 10:30:00,1821.7169
2024-08-28 10:45:00,1843.3168999999998
2024-08-28 11:00:00,1521.7512
2024-08-28 11:15:00,1448.5511999999999
2024-08-28 11:30:00,1409.1512
2024-08-28 11:45:00,1382.9512
2024-08-28 12:00:00,1261.9805999999999
2024-08-28 12:15:00,1076.5806
2024-08-28 12:30:00,1081.5805999999998
2024-08-28 12:45:00,1024.5806
2024-08-28 13:00:00,1095.3464999999999
2024-08-28 13:15:00,1043.3464999999999
2024-08-28 13:30:00,1073.5465
2024-08-28 13:45:00,1124.9465
2024-08-28 14:00:00,1308.4423000000002
2024-08-28 14:15:00,1505.8423000000003
2024-08-28 14:30:00,1606.4423000000002
2024-08-28 14:45:00,1607.6423
2024-08-28 15:00:00,1939.2278999999999
2024-08-28 15:15:00,2011.0279
2024-08-28 15:30:00,1857.4279000000001
2024-08-28 15:45:00,1970.0278999999998
2024-08-28 16:00:00,2383.512
2024-08-28 16:15:00,2416.712
2024-08-28 16:30:00,2285.112
2024-08-28 16:45:00,2131.112
2024-08-28 17:00:00,2497.9938
2024-08-28 17:15:00,2257.1938
2024-08-28 17:30:00,2139.1938
2024-08-28 17:45:00,2016.5938
2024-08-28 18:00:00,2139.0461999999998
2024-08-28 18:15:00,1853.8462
2024-08-28 18:30:00,1776.4462
2024-08-28 18:45:00,1699.8462
2024-08-28 19:00:00,1690.6
2024-08-28 19:15:00,1689.0000000000002
2024-08-28 19:30:00,1564.8000000000002
2024-08-28 19:45:00,1541.0
2024-08-28 20:00:00,1580.4
2024-08-28 20:15:00,1456.0
2024-08-28 20:30:00,1389.1999999999998
2024-08-28 20:45:00,1381.8
2024-08-28 21:00:00,1257.0
2024-08-28 21:15:00,1228.2
2024-08-28 21:30:00,1229.6
2024-08-28 21:45:00,1175.8
2024-08-28 22:00:00,1183.8
2024-08-28 22:15:00,1169.1999999999998
2024-08-28 22:30:00,1118.4
2024-08-28 22:45:00,1064.6
2024-08-28 23:00:00,1144.0
2024-08-28 23:15:00,1755.8
2024-08-28 23:30:00,1512.0
2024-08-28 23:45:00,1310.6
2024-08-29 00:00:00,1260.3999999999999
2024-08-29 00:15:00,1096.2
2024-08-29 00:30:00,1127.2
2024-08-29 00:45:00,1128.2
2024-08-29 01:00:00,1187.1999999999998
2024-08-29 01:15:00,1147.6
2024-08-29 01:30:00,1386.4
2024-08-29 01:45:00,1192.6
2024-08-29 02:00:00,1021.0
2024-08-29 02:15:00,866.8
2024-08-29 02:30:00,910.4
2024-08-29 02:45:00,914.6
2024-08-29 03:00:00,1076.8000000000002
2024-08-29 03:15:00,1047.2
2024-08-29 03:30:00,1040.8
2024-08-29 03:45:00,1017.8000000000001
2024-08-29 04:00:00,1061.6
2024-08-29 04:15:00,1122.6
2024-08-29 04:30:00,1056.0
2024-08-29 04:45:00,959.8000000000001
2024-08-29 05:00:00,1075.6
2024-08-29 05:15:00,1261.3999999999999
2024-08-29 05:30:00,1141.2
2024-08-29 05:45:00,1168.0
2024-08-29 06:00:00,1135.8643
2024-08-29 06:15:00,1367.2643
2024-08-29 06:30:00,1299.2643
2024-08-29 06:45:00,1122.0643
2024-08-29 07:00:00,667.894
2024-08-29 07:15:00,716.094
2024-08-29 07:30:00,769.294
2024-08-29 07:45:00,846.694
2024-08-29 08:00:00,462.67519999999996
2024-08-29 08:15:00,629.4752
2024-08-29 08:30:00,902.4752000000001
2024-08-29 08:45:00,1245.2752
2024-08-29 09:00:00,1014.8849
2024-08-29 09:15:00,1178.2849
2024-08-29 09:30:00,1263.0848999999998
2024-08-29 09:45:00,1270.2848999999999
2024-08-29 10:00:00,1020.9719
2024-08-29 10:15:00,998.9719
2024-08-29 10:30:00,946.3719000000001
2024-08-29 10:45:00,1027.7719
2024-08-29 11:00:00,781.8315
2024-08-29 11:15:00,749.2315000000001
2024-08-29 11:30:00,784.0315
2024-08-29 11:45:00,808.4315
2024-08-29 12:00:00,858.8850000000002
2024-08-29 12:15:00,813.8850000000001
2024-08-29 12:30:00,839.0850000000002
2024-08-29 12:45:00,813.8850000000002
2024-08-29 13:00:00,853.3326000000001
2024-08-29 13:15:00,710.7326000000002
2024-08-29 13:30:00,749.9326000000003
2024-08-29 13:45:00,835.1326000000001
2024-08-29 14:00:00,1041.2459000000001
2024-08-29 14:15:00,1220.8459
2024-08-29 14:30:00,1171.0459
2024-08-29 14:45:00,1465.6459
2024-08-29 15:00:00,1676.1729000000003
2024-08-29 15:15:00,1740.3728999999998
2024-08-29 15:30:00,1659.1729
2024-08-29 15:45:00,1604.5729000000001
2024-08-29 16:00:00,2266.8958
2024-08-29 16:15:00,2295.0958
2024-08-29 16:30:00,2075.0958
2024-08-29 16:45:00,2168.6958
2024-08-29 17:00:00,2533.4996
2024-08-29 17:15:00,2243.0996
2024-08-29 17:30:00,2037.6996
2024-08-29 17:45:00,2206.4996
2024-08-29 18:00:00,2404.9625
2024-08-29 18:15:00,2108.9625
2024-08-29 18:30:00,1921.5625
2024-08-29 18:45:00,1802.5625
2024-08-29 19:00:00,1780.6
2024-08-29 19:15:00,1712.2000000000003
2024-08-29 19:30:00,1683.8
2024-08-29 19:45:00,1759.8
2024-08-29 20:00:00,1582.6
2024-08-29 20:15:00,1497.6
2024-08-29 20:30:00,1455.1999999999998
2024-08-29 20:45:00,1379.0
2024-08-29 21:00:00,1317.2
2024-08-29 21:15:00,1299.6
2024-08-29 21:30:00,1247.2
2024-08-29 21:45:00,1240.1999999999998
2024-08-29 22:00:00,1202.0
2024-08-29 22:15:00,1249.6000000000001
2024-08-29 22:30:00,1106.8
2024-08-29 22:45:00,1120.2
2024-08-29 23:00:00,1188.6
2024-08-29 23:15:00,1604.8000000000002
2024-08-29 23:30:00,1486.6000000000001
2024-08-29 23:45:00,1282.3999999999999
2024-08-30 00:00:00,1284.4
2024-08-30 00:15:00,1136.8
2024-08-30 00:30:00,1149.2
2024-08-30 00:45:00,1101.8
2024-08-30 01:00:00,1059.8
2024-08-30 01:15:00,1048.8
2024-08-30 01:30:00,1112.8
2024-08-30 01:45:00,912.0
2024-08-30 02:00:00,926.2
2024-08-30 02:15:00,775.2
2024-08-30 02:30:00,917.1999999999999
2024-08-30 02:45:00,948.4
2024-08-30 03:00:00,1112.3999999999999
2024-08-30 03:15:00,1046.4
2024-08-30 03:30:00,1057.2
2024-08-30 03:45:00,910.2
2024-08-30 04:00:00,1051.6
2024-08-30 04:15:00,936.2
2024-08-30 04:30:00,939.9999999999999
2024-08-30 04:45:00,848.8
2024-08-30 05:00:00,985.0
2024-08-30 05:15:00,1152.2
2024-08-30 05:30:00,1053.6000000000001
2024-08-30 05:45:00,1038.1999999999998
2024-08-30 06:00:00,1098.7602
2024-08-30 06:15:00,1102.9602
2024-08-30 06:30:00,1294.3602
2024-08-30 06:45:00,1007.1602
2024-08-30 07:00:00,733.6102999999999
2024-08-30 07:15:00,706.4103
2024-08-30 07:30:00,680.8103
2024-08-30 07:45:00,766.4103
2024-08-30 08:00:00,578.2497000000001
2024-08-30 08:15:00,733.6497
2024-08-30 08:30:00,953.4496999999999
2024-08-30 08:45:00,1637.8497
2024-08-30 09:00:00,1438.8977
2024-08-30 09:15:00,1815.2977
2024-08-30 09:30:00,1826.0976999999998
2024-08-30 09:45:00,1785.6977
2024-08-30 10:00:00,1586.622
2024-08-30 10:15:00,1706.022
2024-08-30 10:30:00,1746.022
2024-08-30 10:45:00,1718.022
2024-08-30 11:00:00,1413.2644
2024-08-30 11:15:00,1432.6644
2024-08-30 11:30:00,1446.2644
2024-08-30 11:45:00,1450.0644000000002
2024-08-30 12:00:00,1315.7516
2024-08-30 12:15:00,1252.5516
2024-08-30 12:30:00,1281.7516
2024-08-30 12:45:00,1178.5516000000002
2024-08-30 13:00:00,1209.7344
2024-08-30 13:15:00,1125.9344
2024-08-30 13:30:00,1294.7344
2024-08-30 13:45:00,1181.3344
2024-08-30 14:00:00,1393.5783000000001
2024-08-30 14:15:00,1757.7783000000004
2024-08-30 14:30:00,1836.9782999999998
2024-08-30 14:45:00,1800.3783
2024-08-30 15:00:00,2036.0577
2024-08-30 15:15:00,2139.0577000000003
2024-08-30 15:30:00,2066.6577
2024-08-30 15:45:00,2064.6576999999997
2024-08-30 16:00:00,2473.8532
2024-08-30 16:15:00,2532.4532
2024-08-30 16:30:00,2409.4532
2024-08-30 16:45:00,2298.2532
2024-08-30 17:00:00,2649.6039
2024-08-30 17:15:00,2591.6039
2024-08-30 17:30:00,2464.4039000000002
2024-08-30 17:45:00,2299.4039
2024-08-30 18:00:00,2404.1201
2024-08-30 18:15:00,2097.1201
2024-08-30 18:30:00,2034.7201000000005
2024-08-30 18:45:00,2066.5201
2024-08-30 19:00:00,1910.7999999999997
2024-08-30 19:15:00,1780.0
2024-08-30 19:30:00,1657.4
2024-08-30 19:45:00,1602.1999999999998
2024-08-30 20:00:00,1562.0
2024-08-30 20:15:00,1577.2
2024-08-30 20:30:00,1470.3999999999999
2024-08-30 20:45:00,1431.0
2024-08-30 21:00:00,1358.1999999999998
2024-08-30 21:15:00,1336.2000000000003
2024-08-30 21:30:00,1255.8
2024-08-30 21:45:00,1189.6
2024-08-30 22:00:00,1198.2
2024-08-30 22:15:00,1149.2
2024-08-30 22:30:00,1014.0
2024-08-30 22:45:00,1126.4
2024-08-30 23:00:00,1007.4000000000001
2024-08-30 23:15:00,1457.8
2024-08-30 23:30:00,1292.6
2024-08-30 23:45:00,1163.2
2024-08-31 00:00:00,1185.1999999999998
2024-08-31 00:15:00,1261.6
2024-08-31 00:30:00,1264.6
2024-08-31 00:45:00,1377.8
2024-08-31 01:00:00,1316.3999999999999
2024-08-31 01:15:00,1083.4
2024-08-31 01:30:00,1118.8
2024-08-31 01:45:00,1130.4
2024-08-31 02:00:00,985.4
2024-08-31 02:15:00,1130.8000000000002
2024-08-31 02:30:00,1144.2
2024-08-31 02:45:00,1132.4
2024-08-31 03:00:00,993.8000000000001
2024-08-31 03:15:00,908.8000000000001
2024-08-31 03:30:00,817.2
2024-08-31 03:45:00,830.8
2024-08-31 04:00:00,795.8000000000001
2024-08-31 04:15:00,936.2
2024-08-31 04:30:00,950.2
2024-08-31 04:45:00,1059.0
2024-08-31 05:00:00,968.0
2024-08-31 05:15:00,1147.0
2024-08-31 05:30:00,1084.2
2024-08-31 05:45:00,1193.4
2024-08-31 06:00:00,1461.4824
2024-08-31 06:15:00,1269.8824
2024-08-31 06:30:00,1147.0824
2024-08-31 06:45:00,953.0824
2024-08-31 07:00:00,499.9349
2024-08-31 07:15:00,513.5349000000001
2024-08-31 07:30:00,470.3349
2024-08-31 07:45:00,398.73490000000004
2024-08-31 08:00:00,27.44079999999998
2024-08-31 08:15:00,10.240799999999993
2024-08-31 08:30:00,157.44079999999997
2024-08-31 08:45:00,236.04080000000005
2024-08-31 09:00:00,-42.08179999999999
2024-08-31 09:15:00,117.31820000000005
2024-08-31 09:30:00,286.1182
2024-08-31 09:45:00,341.3182000000001
2024-08-31 10:00:00,224.65989999999988
2024-08-31 10:15:00,207.85989999999993
2024-08-31 10:30:00,320.8598999999998
2024-08-31 10:45:00,245.25989999999996
2024-08-31 11:00:00,620.3706
2024-08-31 11:15:00,669.7706000000001
2024-08-31 11:30:00,667.5706
2024-08-31 11:45:00,694.7706000000001
2024-08-31 12:00:00,800.1057
2024-08-31 12:15:00,793.7057000000001
2024-08-31 12:30:00,750.7057000000001
2024-08-31 12:45:00,785.9057
2024-08-31 13:00:00,886.4923000000001
2024-08-31 13:15:00,941.4923000000001
2024-08-31 13:30:00,915.6922999999999
2024-08-31 13:45:00,867.4922999999999
2024-08-31 14:00:00,1139.2069999999999
2024-08-31 14:15:00,1411.8070000000002
2024-08-31 14:30:00,1466.007
2024-08-31 14:45:00,1505.807
2024-08-31 15:00:00,1831.6483
2024-08-31 15:15:00,1786.8483
2024-08-31 15:30:00,1728.4483
2024-08-31 15:45:00,1580.4482999999998
2024-08-31 16:00:00,1817.9753
2024-08-31 16:15:00,1956.9753
2024-08-31 16:30:00,1890.9752999999998
2024-08-31 16:45:00,1888.3753
2024-08-31 17:00:00,2017.0040000000001
2024-08-31 17:15:00,1976.004
2024-08-31 17:30:00,1868.404
2024-08-31 17:45:00,1731.404
2024-08-31 18:00:00,1866.61
2024-08-31 18:15:00,1668.81
2024-08-31 18:30:00,1660.6100000000001
2024-08-31 18:45:00,1601.21
2024-08-31 19:00:00,1643.6
2024-08-31 19:15:00,1551.7999999999997
2024-08-31 19:30:00,1594.2
2024-08-31 19:45:00,1531.2
2024-08-31 20:00:00,1431.1999999999998
2024-08-31 20:15:00,1424.4
2024-08-31 20:30:00,1464.0
2024-08-31 20:45:00,1377.4
2024-08-31 21:00:00,1404.2
2024-08-31 21:15:00,1339.3999999999999
2024-08-31 21:30:00,1333.3999999999999
2024-08-31 21:45:00,1255.0
2024-08-31 22:00:00,1216.6
2024-08-31 22:15:00,1177.8
2024-08-31 22:30:00,1122.6000000000001
2024-08-31 22:45:00,1112.0
2024-08-31 23:00:00,1214.0
2024-08-31 23:15:00,1655.6
2024-08-31 23:30:00,1517.8
2024-08-31 23:45:00,1240.0
2024-09-01 00:00:00,1252.3999999999999
2024-09-01 00:15:00,1403.1999999999998
2024-09-01 00:30:00,1445.6000000000001
2024-09-01 00:45:00,1464.0
2024-09-01 01:00:00,1364.1999999999998
2024-09-01 01:15:00,1216.6
2024-09-01 01:30:00,1155.3999999999999
2024-09-01 01:45:00,1380.8
2024-09-01 02:00:00,1341.8
2024-09-01 02:15:00,1132.2
2024-09-01 02:30:00,959.2
2024-09-01 02:45:00,1034.0
2024-09-01 03:00:00,1069.6000000000001
2024-09-01 03:15:00,1195.3999999999999
2024-09-01 03:30:00,1131.2
2024-09-01 03:45:00,1080.6
2024-09-01 04:00:00,1077.0
2024-09-01 04:15:00,1117.0
2024-09-01 04:30:00,1024.6000000000001
2024-09-01 04:45:00,1064.8
2024-09-01 05:00:00,975.5999999999999
2024-09-01 05:15:00,1096.4
2024-09-01 05:30:00,1283.8
2024-09-01 05:45:00,1095.6
2024-09-01 06:00:00,1149.8702
2024-09-01 06:15:00,1111.6702
2024-09-01 06:30:00,1287.0702
2024-09-01 06:45:00,1349.4702
2024-09-01 07:00:00,769.5124999999999
2024-09-01 07:15:00,719.1125000000001
2024-09-01 07:30:00,729.9125
2024-09-01 07:45:00,813.7125000000001
2024-09-01 08:00:00,505.90070000000003
2024-09-01 08:15:00,535.3007
2024-09-01 08:30:00,579.9007
2024-09-01 08:45:00,643.1007
2024-09-01 09:00:00,454.6591
2024-09-01 09:15:00,527.0591000000001
2024-09-01 09:30:00,507.05910000000006
2024-09-01 09:45:00,686.4590999999999
2024-09-01 10:00:00,459.80219999999997
2024-09-01 10:15:00,524.6022
2024-09-01 10:30:00,475.2022
2024-09-01 10:45:00,369.0022
2024-09-01 11:00:00,197.92019999999974
2024-09-01 11:15:00,212.72019999999975
2024-09-01 11:30:00,216.72019999999978
2024-09-01 11:45:00,187.32019999999977
2024-09-01 12:00:00,164.53470000000007
2024-09-01 12:15:00,227.5347000000001
2024-09-01 12:30:00,201.93470000000002
2024-09-01 12:45:00,207.93470000000008
2024-09-01 13:00:00,273.42639999999983
2024-09-01 13:15:00,402.2263999999999
2024-09-01 13:30:00,366.82639999999986
2024-09-01 13:45:00,342.82639999999986
2024-09-01 14:00:00,587.9718999999999
2024-09-01 14:15:00,831.1718999999999
2024-09-01 14:30:00,860.1718999999998
2024-09-01 14:45:00,1005.5718999999997
2024-09-01 15:00:00,1193.1529
2024-09-01 15:15:00,1279.5529000000001
2024-09-01 15:30:00,1321.9528999999998
2024-09-01 15:45:00,1205.3529
2024-09-01 16:00:00,1430.0661
2024-09-01 16:15:00,1458.4661
2024-09-01 16:30:00,1558.2660999999998
2024-09-01 16:45:00,1764.2661
2024-09-01 17:00:00,2178.3502
2024-09-01 17:15:00,1946.1502000000003
2024-09-01 17:30:00,1917.3502
2024-09-01 17:45:00,1836.9502000000002
2024-09-01 18:00:00,1923.4564
2024-09-01 18:15:00,1873.2563999999998
2024-09-01 18:30:00,1760.6563999999998
2024-09-01 18:45:00,1683.0564
2024-09-01 19:00:00,1686.8000000000002
2024-09-01 19:15:00,1690.8000000000002
2024-09-01 19:30:00,1639.0
2024-09-01 19:45:00,1671.8
2024-09-01 20:00:00,1646.4
2024-09-01 20:15:00,1587.8
2024-09-01 20:30:00,1565.6
2024-09-01 20:45:00,1504.6000000000001
2024-09-01 21:00:00,1384.6
2024-09-01 21:15:00,1377.0
2024-09-01 21:30:00,1347.8000000000002
2024-09-01 21:45:00,1406.8
2024-09-01 22:00:00,1416.0
2024-09-01 22:15:00,1422.0
2024-09-01 22:30:00,1292.4
2024-09-01 22:45:00,1305.0
2024-09-01 23:00:00,1251.0
2024-09-01 23:15:00,1847.9999999999998
2024-09-01 23:30:00,1676.2
2024-09-01 23:45:00,1501.2
2024-09-02 00:00:00,1406.0
2024-09-02 00:15:00,1224.1999999999998
2024-09-02 00:30:00,1372.0000000000002
2024-09-02 00:45:00,1344.4
2024-09-02 01:00:00,1249.0
2024-09-02 01:15:00,1214.0
2024-09-02 01:30:00,1226.2
2024-09-02 01:45:00,1072.3999999999999
2024-09-02 02:00:00,1180.2
2024-09-02 02:15:00,1289.8000000000002
2024-09-02 02:30:00,1224.8000000000002
2024-09-02 02:45:00,1121.4
2024-09-02 03:00:00,1166.6
2024-09-02 03:15:00,1355.4
2024-09-02 03:30:00,1239.6000000000001
2024-09-02 03:45:00,1119.0
2024-09-02 04:00:00,1092.2
2024-09-02 04:15:00,1165.6
2024-09-02 04:30:00,1019.2
2024-09-02 04:45:00,986.8
2024-09-02 05:00:00,1311.0
2024-09-02 05:15:00,1383.6
2024-09-02 05:30:00,1190.8
2024-09-02 05:45:00,1185.0
2024-09-02 06:00:00,1295.1395
2024-09-02 06:15:00,1322.5395
2024-09-02 06:30:00,1306.1395
2024-09-02 06:45:00,1192.7395000000001
2024-09-02 07:00:00,871.7719000000002
2024-09-02 07:15:00,956.7719000000001
2024-09-02 07:30:00,925.1719000000002
2024-09-02 07:45:00,1038.7719
2024-09-02 08:00:00,1033.3267
2024-09-02 08:15:00,1505.1267
2024-09-02 08:30:00,2104.1267000000003
2024-09-02 08:45:00,2373.5267
2024-09-02 09:00:00,2268.5131
2024-09-02 09:15:00,2518.5131
2024-09-02 09:30:00,2838.3131000000003
2024-09-02 09:45:00,2666.9130999999998
2024-09-02 10:00:00,2700.8334
2024-09-02 10:15:00,2879.0334
2024-09-02 10:30:00,2900.2334
2024-09-02 10:45:00,2781.8334
2024-09-02 11:00:00,2433.748
2024-09-02 11:15:00,2484.548
2024-09-02 11:30:00,2471.148
2024-09-02 11:45:00,2458.348
2024-09-02 12:00:00,2673.6976
2024-09-02 12:15:00,2617.0976
2024-09-02 12:30:00,2620.2976
2024-09-02 12:45:00,2604.6976
2024-09-02 13:00:00,2744.8866
2024-09-02 13:15:00,2730.6866
2024-09-02 13:30:00,2734.2866
2024-09-02 13:45:00,2702.0866
2024-09-02 14:00:00,2988.6365
2024-09-02 14:15:00,3285.6365
2024-09-02 14:30:00,3390.4365
2024-09-02 14:45:00,3477.6364999999996
2024-09-02 15:00:00,3858.5658999999996
2024-09-02 15:15:00,3749.7658999999994
2024-09-02 15:30:00,3684.9659
2024-09-02 15:45:00,3574.5659000000005
2024-09-02 16:00:00,3887.4961000000003
2024-09-02 16:15:00,3967.8961000000004
2024-09-02 16:30:00,3981.2961
2024-09-02 16:45:00,3882.6961
2024-09-02 17:00:00,4150.0691
2024-09-02 17:15:00,3979.0691000000006
2024-09-02 17:30:00,3652.6691
2024-09-02 17:45:00,3607.6690999999996
2024-09-02 18:00:00,3528.0671
2024-09-02 18:15:00,3217.8671
2024-09-02 18:30:00,3017.4671000000003
2024-09-02 18:45:00,2894.8671000000004
2024-09-02 19:00:00,2778.2
2024-09-02 19:15:00,2680.2
2024-09-02 19:30:00,2505.2
2024-09-02 19:45:00,2397.6
2024-09-02 20:00:00,2332.0
2024-09-02 20:15:00,2245.3999999999996
2024-09-02 20:30:00,2211.6
2024-09-02 20:45:00,2096.0
2024-09-02 21:00:00,2020.4
2024-09-02 21:15:00,1988.3999999999999
2024-09-02 21:30:00,1978.3999999999999
2024-09-02 21:45:00,1898.4
2024-09-02 22:00:00,1676.6
2024-09-02 22:15:00,1706.3999999999999
2024-09-02 22:30:00,1551.3999999999999
2024-09-02 22:45:00,1321.0
2024-09-02 23:00:00,1494.0
2024-09-02 23:15:00,1962.2000000000003
2024-09-02 23:30:00,1826.4
2024-09-02 23:45:00,1656.2
2024-09-03 00:00:00,1384.6
2024-09-03 00:15:00,1180.1999999999998
2024-09-03 00:30:00,1319.7999999999997
2024-09-03 00:45:00,1341.2
2024-09-03 01:00:00,1205.3999999999999
2024-09-03 01:15:00,1088.4
2024-09-03 01:30:00,1181.8
2024-09-03 01:45:00,1341.3999999999999
2024-09-03 02:00:00,1223.0
2024-09-03 02:15:00,1158.0
2024-09-03 02:30:00,1178.6
2024-09-03 02:45:00,1120.6
2024-09-03 03:00:00,1034.3999999999999
2024-09-03 03:15:00,1233.8
2024-09-03 03:30:00,1195.4
2024-09-03 03:45:00,1134.4
2024-09-03 04:00:00,1068.2
2024-09-03 04:15:00,1025.0
2024-09-03 04:30:00,1004.5999999999999
2024-09-03 04:45:00,1003.2
2024-09-03 05:00:00,1056.2
2024-09-03 05:15:00,1141.4
2024-09-03 05:30:00,1196.6
2024-09-03 05:45:00,1308.4
2024-09-03 06:00:00,1466.6012
2024-09-03 06:15:00,1451.0012000000002
2024-09-03 06:30:00,1301.4012
2024-09-03 06:45:00,1306.2012000000002
2024-09-03 07:00:00,1021.748
2024-09-03 07:15:00,1057.948
2024-09-03 07:30:00,1158.748
2024-09-03 07:45:00,1212.548
2024-09-03 08:00:00,1033.6782
2024-09-03 08:15:00,1431.2782000000002
2024-09-03 08:30:00,1927.2782000000002
2024-09-03 08:45:00,2414.0782
2024-09-03 09:00:00,2622.3483
2024-09-03 09:15:00,2779.7483
2024-09-03 09:30:00,2867.1483
2024-09-03 09:45:00,2972.5483000000004
2024-09-03 10:00:00,2493.8195
2024-09-03 10:15:00,2586.4195
2024-09-03 10:30:00,2569.4195
2024-09-03 10:45:00,2546.0195
2024-09-03 11:00:00,2386.7704
2024-09-03 11:15:00,2364.3704
2024-09-03 11:30:00,2465.3704
2024-09-03 11:45:00,2470.7704
2024-09-03 12:00:00,2394.9954000000002
2024-09-03 12:15:00,2362.1954
2024-09-03 12:30:00,2360.7954
2024-09-03 12:45:00,2279.1954
2024-09-03 13:00:00,2286.1188
2024-09-03 13:15:00,2369.9188
2024-09-03 13:30:00,2456.7188
2024-09-03 13:45:00,2420.7188
2024-09-03 14:00:00,2708.9616
2024-09-03 14:15:00,2841.1616
2024-09-03 14:30:00,2911.5616
2024-09-03 14:45:00,2931.3616
2024-09-03 15:00:00,3284.7066
2024-09-03 15:15:00,3237.7066
2024-09-03 15:30:00,3391.1066
2024-09-03 15:45:00,3449.3066
2024-09-03 16:00:00,3660.8187
2024-09-03 16:15:00,3786.2186999999994
2024-09-03 16:30:00,3655.8187000000003
2024-09-03 16:45:00,3571.4187
2024-09-03 17:00:00,3964.3665999999994
2024-09-03 17:15:00,3530.9665999999997
2024-09-03 17:30:00,3362.1666
2024-09-03 17:45:00,3246.7666
2024-09-03 18:00:00,3056.191
2024-09-03 18:15:00,2721.791
2024-09-03 18:30:00,2615.391
2024-09-03 18:45:00,2484.7909999999997
2024-09-03 19:00:00,2374.7999999999997
2024-09-03 19:15:00,2242.0
2024-09-03 19:30:00,2178.2000000000003
2024-09-03 19:45:00,2176.4
2024-09-03 20:00:00,2217.2
2024-09-03 20:15:00,2060.0
2024-09-03 20:30:00,1949.0
2024-09-03 20:45:00,1845.6000000000001
2024-09-03 21:00:00,1767.8000000000002
2024-09-03 21:15:00,1706.0
2024-09-03 21:30:00,1672.6
2024-09-03 21:45:00,1565.8000000000002
2024-09-03 22:00:00,1507.4
2024-09-03 22:15:00,1462.0
2024-09-03 22:30:00,1311.3999999999999
2024-09-03 22:45:00,1191.6000000000001
2024-09-03 23:00:00,1229.8
2024-09-03 23:15:00,1729.0
2024-09-03 23:30:00,1486.6000000000001
2024-09-03 23:45:00,1344.2
2024-09-04 00:00:00,1221.2
2024-09-04 00:15:00,1177.4
2024-09-04 00:30:00,1138.2
2024-09-04 00:45:00,1029.0
2024-09-04 01:00:00,951.4
2024-09-04 01:15:00,1026.2
2024-09-04 01:30:00,929.6
2024-09-04 01:45:00,989.8
2024-09-04 02:00:00,909.0000000000001
2024-09-04 02:15:00,900.0000000000001
2024-09-04 02:30:00,866.2
2024-09-04 02:45:00,815.2
2024-09-04 03:00:00,917.4000000000001
2024-09-04 03:15:00,907.3999999999999
2024-09-04 03:30:00,871.4
2024-09-04 03:45:00,814.2
2024-09-04 04:00:00,749.4000000000001
2024-09-04 04:15:00,928.4000000000001
2024-09-04 04:30:00,956.2
2024-09-04 04:45:00,980.4
2024-09-04 05:00:00,929.4000000000001
2024-09-04 05:15:00,1052.2
2024-09-04 05:30:00,1107.2
2024-09-04 05:45:00,1140.2
2024-09-04 06:00:00,1180.1843999999999
2024-09-04 06:15:00,1138.9844
2024-09-04 06:30:00,1353.9843999999998
2024-09-04 06:45:00,1347.1844
2024-09-04 07:00:00,873.8361000000001
2024-09-04 07:15:00,786.8361
2024-09-04 07:30:00,967.2361
2024-09-04 07:45:00,1050.4361000000001
2024-09-04 08:00:00,854.9608000000001
2024-09-04 08:15:00,1492.3608
2024-09-04 08:30:00,1964.3608000000002
2024-09-04 08:45:00,2203.3608
2024-09-04 09:00:00,2173.3954
2024-09-04 09:15:00,2224.5954
2024-09-04 09:30:00,2554.5954
2024-09-04 09:45:00,2505.3954
2024-09-04 10:00:00,2384.664
2024-09-04 10:15:00,2330.464
2024-09-04 10:30:00,2366.264
2024-09-04 10:45:00,2394.264
2024-09-04 11:00:00,2215.3190999999997
2024-09-04 11:15:00,2181.1191
2024-09-04 11:30:00,2200.1190999999994
2024-09-04 11:45:00,2253.7191
2024-09-04 12:00:00,2122.6827000000003
2024-09-04 12:15:00,2115.8827
2024-09-04 12:30:00,2178.8827
2024-09-04 12:45:00,2098.8827
2024-09-04 13:00:00,2023.8253
2024-09-04 13:15:00,2034.4252999999999
2024-09-04 13:30:00,1976.6252999999997
2024-09-04 13:45:00,2038.0252999999998
2024-09-04 14:00:00,2282.2574
2024-09-04 14:15:00,2313.4574000000002
2024-09-04 14:30:00,2496.2574
2024-09-04 14:45:00,2523.6574
2024-09-04 15:00:00,3040.1954
2024-09-04 15:15:00,3003.7954000000004
2024-09-04 15:30:00,3071.3954
2024-09-04 15:45:00,3259.9954
2024-09-04 16:00:00,3496.5804
2024-09-04 16:15:00,3536.3804
2024-09-04 16:30:00,3394.5804
2024-09-04 16:45:00,3194.5804
2024-09-04 17:00:00,3661.7634
2024-09-04 17:15:00,3465.7634
2024-09-04 17:30:00,3256.7634
2024-09-04 17:45:00,3125.7634
2024-09-04 18:00:00,3126.6536
2024-09-04 18:15:00,2902.8536
2024-09-04 18:30:00,2707.0536
2024-09-04 18:45:00,2505.4536000000003
2024-09-04 19:00:00,2456.6
2024-09-04 19:15:00,2372.4
2024-09-04 19:30:00,2360.6
2024-09-04 19:45:00,2242.0
2024-09-04 20:00:00,2202.4
2024-09-04 20:15:00,2072.0
2024-09-04 20:30:00,2092.6
2024-09-04 20:45:00,2010.9999999999998
2024-09-04 21:00:00,1944.4
2024-09-04 21:15:00,1933.6000000000001
2024-09-04 21:30:00,1770.0
2024-09-04 21:45:00,1598.2
2024-09-04 22:00:00,1522.3999999999999
2024-09-04 22:15:00,1439.3999999999999
2024-09-04 22:30:00,1236.4
2024-09-04 22:45:00,1230.4
2024-09-04 23:00:00,1513.8000000000002
2024-09-04 23:15:00,1805.6
2024-09-04 23:30:00,1602.4
2024-09-04 23:45:00,1447.6
2024-09-05 00:00:00,1363.6
2024-09-05 00:15:00,1355.4
2024-09-05 00:30:00,1217.2
2024-09-05 00:45:00,1046.2
2024-09-05 01:00:00,1098.1999999999998
2024-09-05 01:15:00,961.2
2024-09-05 01:30:00,1132.3999999999999
2024-09-05 01:45:00,1098.8
2024-09-05 02:00:00,1149.8
2024-09-05 02:15:00,1092.6
2024-09-05 02:30:00,935.6
2024-09-05 02:45:00,908.8
2024-09-05 03:00:00,925.8
2024-09-05 03:15:00,911.8
2024-09-05 03:30:00,890.2
2024-09-05 03:45:00,882.2
2024-09-05 04:00:00,867.4000000000001
2024-09-05 04:15:00,902.0
2024-09-05 04:30:00,846.6
2024-09-05 04:45:00,937.9999999999999
2024-09-05 05:00:00,927.8
2024-09-05 05:15:00,1131.0
2024-09-05 05:30:00,1250.0
2024-09-05 05:45:00,1308.4
2024-09-05 06:00:00,1172.7402
2024-09-05 06:15:00,1090.9402
2024-09-05 06:30:00,1053.1402
2024-09-05 06:45:00,1200.3402
2024-09-05 07:00:00,883.6545000000001
2024-09-05 07:15:00,847.4545
2024-09-05 07:30:00,892.0545
2024-09-05 07:45:00,1115.0545000000002
2024-09-05 08:00:00,894.0652
2024-09-05 08:15:00,1206.0652
2024-09-05 08:30:00,1733.0652
2024-09-05 08:45:00,2064.4651999999996
2024-09-05 09:00:00,2183.2085
2024-09-05 09:15:00,2356.8085
2024-09-05 09:30:00,2759.4085
2024-09-05 09:45:00,2926.0085
2024-09-05 10:00:00,2547.6782
2024-09-05 10:15:00,2497.0782
2024-09-05 10:30:00,2469.0782
2024-09-05 10:45:00,2508.4782
2024-09-05 11:00:00,2215.6629000000003
2024-09-05 11:15:00,2227.0629000000004
2024-09-05 11:30:00,2220.6629
2024-09-05 11:45:00,2212.2628999999997
2024-09-05 12:00:00,2081.3424999999997
2024-09-05 12:15:00,2047.5425
2024-09-05 12:30:00,2029.7425
2024-09-05 12:45:00,1950.9424999999999
2024-09-05 13:00:00,1950.6979000000001
2024-09-05 13:15:00,1897.2979000000003
2024-09-05 13:30:00,1945.2979
2024-09-05 13:45:00,2006.2979
2024-09-05 14:00:00,2182.0290999999997
2024-09-05 14:15:00,2603.4291000000003
2024-09-05 14:30:00,2616.0291
2024-09-05 14:45:00,2647.2291
2024-09-05 15:00:00,3029.6733000000004
2024-09-05 15:15:00,2930.2733
2024-09-05 15:30:00,2875.0733
2024-09-05 15:45:00,3159.6733
2024-09-05 16:00:00,3390.0663999999997
2024-09-05 16:15:00,3242.0664
2024-09-05 16:30:00,3353.8664
2024-09-05 16:45:00,3292.2664
2024-09-05 17:00:00,3612.6266
2024-09-05 17:15:00,3531.0266
2024-09-05 17:30:00,3348.0266
2024-09-05 17:45:00,3094.4266
2024-09-05 18:00:00,3099.0418
2024-09-05 18:15:00,2758.6418
2024-09-05 18:30:00,2517.8418
2024-09-05 18:45:00,2305.2418000000002
2024-09-05 19:00:00,2095.2
2024-09-05 19:15:00,2013.6
2024-09-05 19:30:00,1951.2
2024-09-05 19:45:00,1842.6
2024-09-05 20:00:00,1896.0
2024-09-05 20:15:00,1714.0
2024-09-05 20:30:00,1670.4
2024-09-05 20:45:00,1576.2
2024-09-05 21:00:00,1555.6
2024-09-05 21:15:00,1585.7999999999997
2024-09-05 21:30:00,1647.0
2024-09-05 21:45:00,1493.4
2024-09-05 22:00:00,1350.4
2024-09-05 22:15:00,1307.4
2024-09-05 22:30:00,1231.6000000000001
2024-09-05 22:45:00,1197.0
2024-09-05 23:00:00,1193.6
2024-09-05 23:15:00,1814.0000000000002
2024-09-05 23:30:00,1585.0
2024-09-05 23:45:00,1468.0
2024-09-06 00:00:00,1460.2000000000003
2024-09-06 00:15:00,1303.8000000000002
2024-09-06 00:30:00,1157.2
2024-09-06 00:45:00,1267.1999999999998
2024-09-06 01:00:00,1231.0
2024-09-06 01:15:00,1224.0
2024-09-06 01:30:00,1303.2
2024-09-06 01:45:00,1160.6
2024-09-06 02:00:00,944.8000000000001
2024-09-06 02:15:00,958.5999999999999
2024-09-06 02:30:00,864.4000000000001
2024-09-06 02:45:00,904.2
2024-09-06 03:00:00,1040.4
2024-09-06 03:15:00,1163.6
2024-09-06 03:30:00,1095.8000000000002
2024-09-06 03:45:00,985.1999999999999
2024-09-06 04:00:00,1026.4
2024-09-06 04:15:00,910.9999999999999
2024-09-06 04:30:00,864.0
2024-09-06 04:45:00,796.4
2024-09-06 05:00:00,838.6
2024-09-06 05:15:00,1088.8
2024-09-06 05:30:00,1129.0
2024-09-06 05:45:00,1271.4
2024-09-06 06:00:00,1268.2993000000001
2024-09-06 06:15:00,1178.8993
2024-09-06 06:30:00,1101.8993
2024-09-06 06:45:00,1023.2992999999999
2024-09-06 07:00:00,931.726
2024-09-06 07:15:00,983.126
2024-09-06 07:30:00,1046.326
2024-09-06 07:45:00,1195.726
2024-09-06 08:00:00,1300.1738
2024-09-06 08:15:00,1738.9738
2024-09-06 08:30:00,2186.3738000000003
2024-09-06 08:45:00,2617.3738000000003
2024-09-06 09:00:00,2825.5616
2024-09-06 09:15:00,3269.5616
2024-09-06 09:30:00,3320.1616000000004
2024-09-06 09:45:00,3269.3616
2024-09-06 10:00:00,3287.8757
2024-09-06 10:15:00,3406.0757
2024-09-06 10:30:00,3445.0757
2024-09-06 10:45:00,3276.0757
2024-09-06 11:00:00,3261.286
2024-09-06 11:15:00,3186.886
2024-09-06 11:30:00,3262.486
2024-09-06 11:45:00,3221.286
2024-09-06 12:00:00,3269.5017
2024-09-06 12:15:00,3275.1017
2024-09-06 12:30:00,3275.1017
2024-09-06 12:45:00,3085.5017
2024-09-06 13:00:00,2882.3349
2024-09-06 13:15:00,2841.1349
2024-09-06 13:30:00,2873.9348999999997
2024-09-06 13:45:00,2863.5349
2024-09-06 14:00:00,3180.0638
2024-09-06 14:15:00,3658.0638000000004
2024-09-06 14:30:00,3486.6638
2024-09-06 14:45:00,3410.2637999999997
2024-09-06 15:00:00,3422.3904
2024-09-06 15:15:00,3657.9904
2024-09-06 15:30:00,3457.3904
2024-09-06 15:45:00,3388.3904
2024-09-06 16:00:00,3539.0549
2024-09-06 16:15:00,3529.6549
2024-09-06 16:30:00,3412.4548999999997
2024-09-06 16:45:00,3388.4548999999997
2024-09-06 17:00:00,3431.0374
2024-09-06 17:15:00,3241.2374
2024-09-06 17:30:00,3185.8374
2024-09-06 17:45:00,2989.6373999999996
2024-09-06 18:00:00,2817.1077
2024-09-06 18:15:00,2567.9076999999997
2024-09-06 18:30:00,2401.3077
2024-09-06 18:45:00,2218.9076999999997
2024-09-06 19:00:00,2214.2
2024-09-06 19:15:00,2081.0
2024-09-06 19:30:00,1965.4
2024-09-06 19:45:00,1963.6
2024-09-06 20:00:00,1807.0000000000002
2024-09-06 20:15:00,1734.8000000000002
2024-09-06 20:30:00,1725.4
2024-09-06 20:45:00,1678.4
2024-09-06 21:00:00,1608.8000000000002
2024-09-06 21:15:00,1505.6000000000001
2024-09-06 21:30:00,1472.0
2024-09-06 21:45:00,1388.0
2024-09-06 22:00:00,1320.6000000000001
2024-09-06 22:15:00,1226.0
2024-09-06 22:30:00,1175.8
2024-09-06 22:45:00,1202.0
2024-09-06 23:00:00,1112.0
2024-09-06 23:15:00,1590.3999999999999
2024-09-06 23:30:00,1581.0
2024-09-06 23:45:00,1490.6000000000001
2024-09-07 00:00:00,1481.8
2024-09-07 00:15:00,1156.3999999999999
2024-09-07 00:30:00,1203.0
2024-09-07 00:45:00,1010.1999999999999
2024-09-07 01:00:00,1079.4
2024-09-07 01:15:00,1013.1999999999999
2024-09-07 01:30:00,929.1999999999999
2024-09-07 01:45:00,847.0
2024-09-07 02:00:00,843.8
2024-09-07 02:15:00,968.0
2024-09-07 02:30:00,953.4000000000001
2024-09-07 02:45:00,915.6000000000001
2024-09-07 03:00:00,955.0
2024-09-07 03:15:00,996.0
2024-09-07 03:30:00,941.0
2024-09-07 03:45:00,834.4
2024-09-07 04:00:00,950.9999999999999
2024-09-07 04:15:00,985.0
2024-09-07 04:30:00,932.4
2024-09-07 04:45:00,880.2
2024-09-07 05:00:00,866.2
2024-09-07 05:15:00,928.8
2024-09-07 05:30:00,1306.6
2024-09-07 05:45:00,1226.3999999999999
2024-09-07 06:00:00,1288.0544
2024-09-07 06:15:00,1246.0544
2024-09-07 06:30:00,1152.8544000000002
2024-09-07 06:45:00,904.0544
2024-09-07 07:00:00,668.0052000000001
2024-09-07 07:15:00,699.8051999999999
2024-09-07 07:30:00,633.4052
2024-09-07 07:45:00,658.2052
2024-09-07 08:00:00,657.5963
2024-09-07 08:15:00,742.5962999999999
2024-09-07 08:30:00,964.9963
2024-09-07 08:45:00,1139.3962999999999
2024-09-07 09:00:00,1156.0598
2024-09-07 09:15:00,1342.8598000000002
2024-09-07 09:30:00,1456.4598
2024-09-07 09:45:00,1562.2597999999998
2024-09-07 10:00:00,1542.0639999999999
2024-09-07 10:15:00,1695.864
2024-09-07 10:30:00,1665.6640000000002
2024-09-07 10:45:00,1599.264
2024-09-07 11:00:00,1493.8045
2024-09-07 11:15:00,1482.2045
2024-09-07 11:30:00,1434.2045
2024-09-07 11:45:00,1397.8045
2024-09-07 12:00:00,1363.5309
2024-09-07 12:15:00,1460.1309
2024-09-07 12:30:00,1360.9308999999998
2024-09-07 12:45:00,1270.7309
2024-09-07 13:00:00,1365.0634
2024-09-07 13:15:00,1383.0634
2024-09-07 13:30:00,1371.6634000000001
2024-09-07 13:45:00,1398.8634
2024-09-07 14:00:00,1287.3473
2024-09-07 14:15:00,1264.1473
2024-09-07 14:30:00,1299.7473
2024-09-07 14:45:00,1231.9473
2024-09-07 15:00:00,1407.0860000000002
2024-09-07 15:15:00,1411.6860000000001
2024-09-07 15:30:00,1363.486
2024-09-07 15:45:00,1424.6860000000001
2024-09-07 16:00:00,1583.7899
2024-09-07 16:15:00,1651.5899
2024-09-07 16:30:00,1702.9899
2024-09-07 16:45:00,1557.7898999999998
2024-09-07 17:00:00,1650.7958
2024-09-07 17:15:00,1789.7957999999999
2024-09-07 17:30:00,1802.1957999999997
2024-09-07 17:45:00,1583.5958
2024-09-07 18:00:00,1642.3573
2024-09-07 18:15:00,1476.9573
2024-09-07 18:30:00,1504.9572999999998
2024-09-07 18:45:00,1441.7573000000002
2024-09-07 19:00:00,1341.1999999999998
2024-09-07 19:15:00,1311.8
2024-09-07 19:30:00,1271.0
2024-09-07 19:45:00,1258.4
2024-09-07 20:00:00,1329.4
2024-09-07 20:15:00,1331.0
2024-09-07 20:30:00,1280.0
2024-09-07 20:45:00,1322.8
2024-09-07 21:00:00,1292.0
2024-09-07 21:15:00,1273.6
2024-09-07 21:30:00,1080.2
2024-09-07 21:45:00,1063.0
2024-09-07 22:00:00,1031.2
2024-09-07 22:15:00,976.6
2024-09-07 22:30:00,919.6
2024-09-07 22:45:00,861.8000000000001
2024-09-07 23:00:00,985.4000000000001
2024-09-07 23:15:00,1495.0
2024-09-07 23:30:00,1351.8
2024-09-07 23:45:00,1182.0
2024-09-08 00:00:00,1147.0
2024-09-08 00:15:00,934.8
2024-09-08 00:30:00,1019.0
2024-09-08 00:45:00,1103.8
2024-09-08 01:00:00,1058.2
2024-09-08 01:15:00,1006.2
2024-09-08 01:30:00,1001.3999999999999
2024-09-08 01:45:00,917.0
2024-09-08 02:00:00,835.0
2024-09-08 02:15:00,817.2
2024-09-08 02:30:00,829.6
2024-09-08 02:45:00,953.6
2024-09-08 03:00:00,1064.6
2024-09-08 03:15:00,1052.8000000000002
2024-09-08 03:30:00,1026.0
2024-09-08 03:45:00,1047.2
2024-09-08 04:00:00,1014.2
2024-09-08 04:15:00,948.4
2024-09-08 04:30:00,1038.8
2024-09-08 04:45:00,958.8
2024-09-08 05:00:00,875.2
2024-09-08 05:15:00,1059.8000000000002
2024-09-08 05:30:00,1151.6
2024-09-08 05:45:00,1105.2
2024-09-08 06:00:00,1042.6761
2024-09-08 06:15:00,999.4760999999999
2024-09-08 06:30:00,916.0761
2024-09-08 06:45:00,926.2761
2024-09-08 07:00:00,763.7696000000001
2024-09-08 07:15:00,626.9696
2024-09-08 07:30:00,614.5696
2024-09-08 07:45:00,637.1696
2024-09-08 08:00:00,508.0562
2024-09-08 08:15:00,589.0562
2024-09-08 08:30:00,752.6561999999999
2024-09-08 08:45:00,706.4562
2024-09-08 09:00:00,670.8183999999999
2024-09-08 09:15:00,1062.2184
2024-09-08 09:30:00,1033.8184
2024-09-08 09:45:00,982.6184000000001
2024-09-08 10:00:00,939.8296999999999
2024-09-08 10:15:00,1005.6297
2024-09-08 10:30:00,1157.4297
2024-09-08 10:45:00,1203.4297
2024-09-08 11:00:00,942.1696999999999
2024-09-08 11:15:00,930.3697
2024-09-08 11:30:00,948.3697
2024-09-08 11:45:00,906.7697
2024-09-08 12:00:00,827.6080999999999
2024-09-08 12:15:00,807.0081
2024-09-08 12:30:00,726.6080999999999
2024-09-08 12:45:00,762.8081
2024-09-08 13:00:00,909.7470000000001
2024-09-08 13:15:00,925.7470000000001
2024-09-08 13:30:00,952.1469999999999
2024-09-08 13:45:00,911.347
2024-09-08 14:00:00,996.1888
2024-09-08 14:15:00,1239.3888000000002
2024-09-08 14:30:00,1319.1888000000001
2024-09-08 14:45:00,1246.9888
2024-09-08 15:00:00,1392.2494000000002
2024-09-08 15:15:00,1421.6494
2024-09-08 15:30:00,1630.6494000000002
2024-09-08 15:45:00,1545.8494
2024-09-08 16:00:00,1729.3894000000005
2024-09-08 16:15:00,1629.9894
2024-09-08 16:30:00,1893.7894000000001
2024-09-08 16:45:00,1796.3894
2024-09-08 17:00:00,1898.6861
2024-09-08 17:15:00,1675.0861
2024-09-08 17:30:00,1574.2861
2024-09-08 17:45:00,1594.4861
2024-09-08 18:00:00,1617.4614000000001
2024-09-08 18:15:00,1573.4614
2024-09-08 18:30:00,1554.6614
2024-09-08 18:45:00,1587.6614
2024-09-08 19:00:00,1494.0000000000002
2024-09-08 19:15:00,1512.0
2024-09-08 19:30:00,1403.6
2024-09-08 19:45:00,1342.0
2024-09-08 20:00:00,1349.4
2024-09-08 20:15:00,1328.8000000000002
2024-09-08 20:30:00,1307.4
2024-09-08 20:45:00,1291.6
2024-09-08 21:00:00,1212.2
2024-09-08 21:15:00,1232.6
2024-09-08 21:30:00,1212.4
2024-09-08 21:45:00,1158.6000000000001
2024-09-08 22:00:00,1148.0
2024-09-08 22:15:00,1115.0
2024-09-08 22:30:00,999.0
2024-09-08 22:45:00,956.2
2024-09-08 23:00:00,978.4
2024-09-08 23:15:00,1640.0
2024-09-08 23:30:00,1426.6
2024-09-08 23:45:00,1250.8
2024-09-09 00:00:00,952.1999999999999
2024-09-09 00:15:00,917.0
2024-09-09 00:30:00,818.4000000000001
2024-09-09 00:45:00,864.6
2024-09-09 01:00:00,849.8
2024-09-09 01:15:00,842.4000000000001
2024-09-09 01:30:00,949.8
2024-09-09 01:45:00,834.6
2024-09-09 02:00:00,807.8
2024-09-09 02:15:00,761.1999999999999
2024-09-09 02:30:00,811.4000000000001
2024-09-09 02:45:00,906.8
2024-09-09 03:00:00,944.5999999999999
2024-09-09 03:15:00,830.5999999999999
2024-09-09 03:30:00,751.9999999999999
2024-09-09 03:45:00,783.8
2024-09-09 04:00:00,766.2
2024-09-09 04:15:00,813.8
2024-09-09 04:30:00,718.5999999999999
2024-09-09 04:45:00,663.0
2024-09-09 05:00:00,804.8
2024-09-09 05:15:00,825.3999999999999
2024-09-09 05:30:00,1107.4
2024-09-09 05:45:00,1198.6
2024-09-09 06:00:00,1105.3234
2024-09-09 06:15:00,1050.5234
2024-09-09 06:30:00,1100.5233999999998
2024-09-09 06:45:00,1046.5234
2024-09-09 07:00:00,765.05
2024-09-09 07:15:00,857.05
2024-09-09 07:30:00,890.85
2024-09-09 07:45:00,1161.25
2024-09-09 08:00:00,1185.9501
2024-09-09 08:15:00,1428.1501
2024-09-09 08:30:00,1972.5501
2024-09-09 08:45:00,2255.3500999999997
2024-09-09 09:00:00,2361.3777
2024-09-09 09:15:00,2507.3777
2024-09-09 09:30:00,2827.3777
2024-09-09 09:45:00,3090.5777
2024-09-09 10:00:00,2856.8001
2024-09-09 10:15:00,3079.6001
2024-09-09 10:30:00,3064.6001
2024-09-09 10:45:00,2892.8001
2024-09-09 11:00:00,2863.1247000000003
2024-09-09 11:15:00,2791.7246999999998
2024-09-09 11:30:00,2844.7246999999998
2024-09-09 11:45:00,2727.9247
2024-09-09 12:00:00,2772.0125
2024-09-09 12:15:00,2667.4125
2024-09-09 12:30:00,2606.8125
2024-09-09 12:45:00,2523.6125
2024-09-09 13:00:00,2442.6818999999996
2024-09-09 13:15:00,2193.0819
2024-09-09 13:30:00,2205.6819
2024-09-09 13:45:00,2318.0819
2024-09-09 14:00:00,2507.0354
2024-09-09 14:15:00,2781.0353999999998
2024-09-09 14:30:00,2758.2354
2024-09-09 14:45:00,3159.2354
2024-09-09 15:00:00,3417.4631
2024-09-09 15:15:00,3382.4631
2024-09-09 15:30:00,3225.0631
2024-09-09 15:45:00,3342.8631
2024-09-09 16:00:00,3612.4276000000004
2024-09-09 16:15:00,3656.8276
2024-09-09 16:30:00,3718.0276
2024-09-09 16:45:00,3580.8275999999996
2024-09-09 17:00:00,3873.0011000000004
2024-09-09 17:15:00,3585.4011
2024-09-09 17:30:00,3330.2011
2024-09-09 17:45:00,3028.0011
2024-09-09 18:00:00,2940.6256
2024-09-09 18:15:00,2702.4256
2024-09-09 18:30:00,2588.8256
2024-09-09 18:45:00,2346.0256
2024-09-09 19:00:00,2229.0
2024-09-09 19:15:00,2178.6
2024-09-09 19:30:00,2080.4
2024-09-09 19:45:00,2000.8000000000002
2024-09-09 20:00:00,1891.6
2024-09-09 20:15:00,1830.8
2024-09-09 20:30:00,1803.8000000000002
2024-09-09 20:45:00,1745.8
2024-09-09 21:00:00,1591.4
2024-09-09 21:15:00,1567.6
2024-09-09 21:30:00,1520.0
2024-09-09 21:45:00,1494.4
2024-09-09 22:00:00,1467.0
2024-09-09 22:15:00,1345.0
2024-09-09 22:30:00,1214.6
2024-09-09 22:45:00,1159.2
2024-09-09 23:00:00,1146.6
2024-09-09 23:15:00,1932.8000000000002
2024-09-09 23:30:00,1692.6
2024-09-09 23:45:00,1435.0
2024-09-10 00:00:00,1399.0
2024-09-10 00:15:00,1177.8
2024-09-10 00:30:00,1103.4
2024-09-10 00:45:00,1044.8
2024-09-10 01:00:00,1131.2
2024-09-10 01:15:00,1118.2
2024-09-10 01:30:00,941.8000000000001
2024-09-10 01:45:00,888.0
2024-09-10 02:00:00,966.4
2024-09-10 02:15:00,922.8
2024-09-10 02:30:00,979.8
2024-09-10 02:45:00,906.5999999999999
2024-09-10 03:00:00,846.0
2024-09-10 03:15:00,845.8
2024-09-10 03:30:00,842.2
2024-09-10 03:45:00,852.0
2024-09-10 04:00:00,831.2
2024-09-10 04:15:00,765.8
2024-09-10 04:30:00,789.4
2024-09-10 04:45:00,906.6
2024-09-10 05:00:00,839.0
2024-09-10 05:15:00,1092.8
2024-09-10 05:30:00,1247.6
2024-09-10 05:45:00,1196.8
2024-09-10 06:00:00,1223.1955
2024-09-10 06:15:00,1241.3954999999999
2024-09-10 06:30:00,1245.9955
2024-09-10 06:45:00,1023.7955000000001
2024-09-10 07:00:00,718.9436000000001
2024-09-10 07:15:00,805.1436
2024-09-10 07:30:00,922.3435999999999
2024-09-10 07:45:00,1037.3436000000002
2024-09-10 08:00:00,1000.3244000000002
2024-09-10 08:15:00,1202.7244
2024-09-10 08:30:00,1726.7244
2024-09-10 08:45:00,2373.3244
2024-09-10 09:00:00,2305.7928
2024-09-10 09:15:00,2552.1928
2024-09-10 09:30:00,2716.1928000000003
2024-09-10 09:45:00,2789.3928
2024-09-10 10:00:00,2737.7111
2024-09-10 10:15:00,2865.1111
2024-09-10 10:30:00,2827.9111000000003
2024-09-10 10:45:00,2826.3111
2024-09-10 11:00:00,2682.3842000000004
2024-09-10 11:15:00,2709.5842000000002
2024-09-10 11:30:00,2708.9842
2024-09-10 11:45:00,2694.5842000000002
2024-09-10 12:00:00,2601.3882000000003
2024-09-10 12:15:00,2505.7882
2024-09-10 12:30:00,2535.1882
2024-09-10 12:45:00,2463.5882
2024-09-10 13:00:00,2381.4282000000003
2024-09-10 13:15:00,2276.4282000000003
2024-09-10 13:30:00,2354.0282
2024-09-10 13:45:00,2465.0281999999997
2024-09-10 14:00:00,2516.3498
2024-09-10 14:15:00,2405.5498
2024-09-10 14:30:00,2330.3498
2024-09-10 14:45:00,2339.9498000000003
2024-09-10 15:00:00,2489.1772
2024-09-10 15:15:00,2681.3772
2024-09-10 15:30:00,2667.3772
2024-09-10 15:45:00,2886.3772
2024-09-10 16:00:00,3257.5731000000005
2024-09-10 16:15:00,3058.7731000000003
2024-09-10 16:30:00,2938.9731
2024-09-10 16:45:00,3116.3731
2024-09-10 17:00:00,3265.4123
2024-09-10 17:15:00,3070.0123000000003
2024-09-10 17:30:00,2868.6123
2024-09-10 17:45:00,2793.8123
2024-09-10 18:00:00,2766.9047
2024-09-10 18:15:00,2544.3047
2024-09-10 18:30:00,2599.1047
2024-09-10 18:45:00,2321.5047
2024-09-10 19:00:00,2220.4
2024-09-10 19:15:00,2097.4
2024-09-10 19:30:00,2066.4
2024-09-10 19:45:00,1947.6
2024-09-10 20:00:00,1877.6
2024-09-10 20:15:00,1800.6
2024-09-10 20:30:00,1754.6
2024-09-10 20:45:00,1595.2
2024-09-10 21:00:00,1500.0
2024-09-10 21:15:00,1421.8
2024-09-10 21:30:00,1400.0
2024-09-10 21:45:00,1411.8000000000002
2024-09-10 22:00:00,1297.7999999999997
2024-09-10 22:15:00,1377.0
2024-09-10 22:30:00,1157.0
2024-09-10 22:45:00,1093.2
2024-09-10 23:00:00,1166.6
2024-09-10 23:15:00,1720.6
2024-09-10 23:30:00,1580.3999999999999
2024-09-10 23:45:00,1471.0
2024-09-11 00:00:00,1310.2
2024-09-11 00:15:00,1038.3999999999999
2024-09-11 00:30:00,960.4000000000001
2024-09-11 00:45:00,1096.2
2024-09-11 01:00:00,1199.8
2024-09-11 01:15:00,1255.8
2024-09-11 01:30:00,1109.6
2024-09-11 01:45:00,1051.4
2024-09-11 02:00:00,955.8
2024-09-11 02:15:00,1154.6
2024-09-11 02:30:00,1105.4
2024-09-11 02:45:00,944.8
2024-09-11 03:00:00,978.0
2024-09-11 03:15:00,917.8
2024-09-11 03:30:00,818.0
2024-09-11 03:45:00,755.6
2024-09-11 04:00:00,781.8
2024-09-11 04:15:00,834.4000000000001
2024-09-11 04:30:00,806.4
2024-09-11 04:45:00,851.5999999999999
2024-09-11 05:00:00,752.4000000000001
2024-09-11 05:15:00,976.5999999999999
2024-09-11 05:30:00,1037.4
2024-09-11 05:45:00,1123.0
2024-09-11 06:00:00,1179.8498
2024-09-11 06:15:00,1122.6498
2024-09-11 06:30:00,1163.6498000000001
2024-09-11 06:45:00,1077.8498
2024-09-11 07:00:00,921.7359
2024-09-11 07:15:00,856.3359
2024-09-11 07:30:00,892.9359000000001
2024-09-11 07:45:00,1010.1359
2024-09-11 08:00:00,889.124
2024-09-11 08:15:00,1241.524
2024-09-11 08:30:00,1651.924
2024-09-11 08:45:00,1945.7240000000002
2024-09-11 09:00:00,2102.0578
2024-09-11 09:15:00,2379.0578
2024-09-11 09:30:00,2573.2578000000003
2024-09-11 09:45:00,2629.4578
2024-09-11 10:00:00,2531.5781000000006
2024-09-11 10:15:00,2602.5781
2024-09-11 10:30:00,2671.1781
2024-09-11 10:45:00,2610.3781
2024-09-11 11:00:00,2026.1081000000001
2024-09-11 11:15:00,1996.9081
2024-09-11 11:30:00,2016.9080999999999
2024-09-11 11:45:00,2166.1081000000004
2024-09-11 12:00:00,2415.8206999999998
2024-09-11 12:15:00,2317.0207
2024-09-11 12:30:00,2279.0207
2024-09-11 12:45:00,2208.6207
2024-09-11 13:00:00,1967.6078
2024-09-11 13:15:00,1950.8078000000003
2024-09-11 13:30:00,1848.0078
2024-09-11 13:45:00,1855.6078000000002
2024-09-11 14:00:00,2051.6796999999997
2024-09-11 14:15:00,2148.8797
2024-09-11 14:30:00,2234.2797
2024-09-11 14:45:00,2328.0797
2024-09-11 15:00:00,2684.129
2024-09-11 15:15:00,2741.1290000000004
2024-09-11 15:30:00,2753.3289999999997
2024-09-11 15:45:00,2666.7290000000003
2024-09-11 16:00:00,2947.9021000000002
2024-09-11 16:15:00,2942.1021
2024-09-11 16:30:00,2961.5020999999997
2024-09-11 16:45:00,2913.1021
2024-09-11 17:00:00,2998.1048
2024-09-11 17:15:00,2921.3048
2024-09-11 17:30:00,2702.5048
2024-09-11 17:45:00,2521.9048000000003
2024-09-11 18:00:00,2659.3419000000004
2024-09-11 18:15:00,2473.7419
2024-09-11 18:30:00,2382.3419000000004
2024-09-11 18:45:00,2193.7419
2024-09-11 19:00:00,2071.8
2024-09-11 19:15:00,1991.8000000000002
2024-09-11 19:30:00,1840.0
2024-09-11 19:45:00,1887.6000000000001
2024-09-11 20:00:00,1799.8
2024-09-11 20:15:00,1690.4
2024-09-11 20:30:00,1609.8
2024-09-11 20:45:00,1625.6000000000001
2024-09-11 21:00:00,1529.6000000000001
2024-09-11 21:15:00,1423.6
2024-09-11 21:30:00,1350.6000000000001
2024-09-11 21:45:00,1395.2
2024-09-11 22:00:00,1301.4
2024-09-11 22:15:00,1233.4
2024-09-11 22:30:00,1124.8
2024-09-11 22:45:00,1095.0
2024-09-11 23:00:00,1230.8
2024-09-11 23:15:00,1586.8000000000002
2024-09-11 23:30:00,1281.6000000000001
2024-09-11 23:45:00,1241.8
2024-09-12 00:00:00,1118.3999999999999
2024-09-12 00:15:00,1048.8
2024-09-12 00:30:00,1018.4000000000001
2024-09-12 00:45:00,969.6000000000001
2024-09-12 01:00:00,911.0
2024-09-12 01:15:00,839.9999999999999
2024-09-12 01:30:00,788.4000000000001
2024-09-12 01:45:00,813.1999999999999
2024-09-12 02:00:00,772.0
2024-09-12 02:15:00,728.2
2024-09-12 02:30:00,807.8
2024-09-12 02:45:00,845.1999999999999
2024-09-12 03:00:00,825.0
2024-09-12 03:15:00,925.0
2024-09-12 03:30:00,931.4
2024-09-12 03:45:00,850.0000000000001
2024-09-12 04:00:00,810.6000000000001
2024-09-12 04:15:00,825.4000000000001
2024-09-12 04:30:00,762.6
2024-09-12 04:45:00,732.4000000000001
2024-09-12 05:00:00,718.8
2024-09-12 05:15:00,879.8
2024-09-12 05:30:00,1001.4000000000001
2024-09-12 05:45:00,1040.8
2024-09-12 06:00:00,1007.5406999999999
2024-09-12 06:15:00,1051.3407000000002
2024-09-12 06:30:00,1081.5407
2024-09-12 06:45:00,1022.1407
2024-09-12 07:00:00,677.0452
2024-09-12 07:15:00,802.8452000000001
2024-09-12 07:30:00,776.8452
2024-09-12 07:45:00,742.8452
2024-09-12 08:00:00,623.2779
2024-09-12 08:15:00,741.4779
2024-09-12 08:30:00,1031.0779
2024-09-12 08:45:00,1322.6779000000001
2024-09-12 09:00:00,1416.3000000000002
2024-09-12 09:15:00,1522.7
2024-09-12 09:30:00,1508.5
2024-09-12 09:45:00,1477.9
2024-09-12 10:00:00,1246.9052000000001
2024-09-12 10:15:00,1401.9052000000001
2024-09-12 10:30:00,1366.3052
2024-09-12 10:45:00,1315.1052
2024-09-12 11:00:00,1024.1342
2024-09-12 11:15:00,1024.1342
2024-09-12 11:30:00,1205.1342
2024-09-12 11:45:00,1121.1342
2024-09-12 12:00:00,978.2748000000001
2024-09-12 12:15:00,860.8748
2024-09-12 12:30:00,894.2748000000001
2024-09-12 12:45:00,983.8748
2024-09-12 13:00:00,989.8425
2024-09-12 13:15:00,804.8425
2024-09-12 13:30:00,813.6424999999999
2024-09-12 13:45:00,862.4425000000001
2024-09-12 14:00:00,954.1968000000002
2024-09-12 14:15:00,1033.5968
2024-09-12 14:30:00,1183.7968
2024-09-12 14:45:00,1358.9968000000001
2024-09-12 15:00:00,1291.3965
2024-09-12 15:15:00,1278.3964999999998
2024-09-12 15:30:00,1275.7965
2024-09-12 15:45:00,1263.3964999999998
2024-09-12 16:00:00,1810.321
2024-09-12 16:15:00,1807.521
2024-09-12 16:30:00,1642.7209999999998
2024-09-12 16:45:00,1597.321
2024-09-12 17:00:00,2039.0027
2024-09-12 17:15:00,2003.2026999999998
2024-09-12 17:30:00,1802.8027
2024-09-12 17:45:00,1805.4027
2024-09-12 18:00:00,1746.4042
2024-09-12 18:15:00,1633.2042
2024-09-12 18:30:00,1480.4042
2024-09-12 18:45:00,1442.2042
2024-09-12 19:00:00,1365.0
2024-09-12 19:15:00,1368.6
2024-09-12 19:30:00,1367.4
2024-09-12 19:45:00,1523.8
2024-09-12 20:00:00,1456.6
2024-09-12 20:15:00,1387.6
2024-09-12 20:30:00,1277.6
2024-09-12 20:45:00,1255.3999999999999
2024-09-12 21:00:00,1186.0
2024-09-12 21:15:00,1133.6
2024-09-12 21:30:00,1114.2
2024-09-12 21:45:00,1044.0
2024-09-12 22:00:00,984.2
2024-09-12 22:15:00,972.2
2024-09-12 22:30:00,913.3999999999999
2024-09-12 22:45:00,887.1999999999999
2024-09-12 23:00:00,834.5999999999999
2024-09-12 23:15:00,1350.6
2024-09-12 23:30:00,1228.0
2024-09-12 23:45:00,1157.8
2024-09-13 00:00:00,1059.2
2024-09-13 00:15:00,1022.1999999999999
2024-09-13 00:30:00,927.0
2024-09-13 00:45:00,889.5999999999999
2024-09-13 01:00:00,867.3999999999999
2024-09-13 01:15:00,854.4
2024-09-13 01:30:00,718.4
2024-09-13 01:45:00,755.0
2024-09-13 02:00:00,753.8
2024-09-13 02:15:00,779.0
2024-09-13 02:30:00,775.4000000000001
2024-09-13 02:45:00,775.1999999999999
2024-09-13 03:00:00,797.5999999999999
2024-09-13 03:15:00,849.5999999999999
2024-09-13 03:30:00,745.8
2024-09-13 03:45:00,684.4
2024-09-13 04:00:00,681.0
2024-09-13 04:15:00,804.6
2024-09-13 04:30:00,740.8
2024-09-13 04:45:00,659.4
2024-09-13 05:00:00,580.5999999999999
2024-09-13 05:15:00,928.4
2024-09-13 05:30:00,1047.0
2024-09-13 05:45:00,982.8
2024-09-13 06:00:00,1122.7694000000001
2024-09-13 06:15:00,995.1694
2024-09-13 06:30:00,879.3693999999999
2024-09-13 06:45:00,838.1694
2024-09-13 07:00:00,765.7949
2024-09-13 07:15:00,696.1949000000001
2024-09-13 07:30:00,708.5949
2024-09-13 07:45:00,711.1949
2024-09-13 08:00:00,529.8396
2024-09-13 08:15:00,614.2396000000001
2024-09-13 08:30:00,972.4396
2024-09-13 08:45:00,1270.4396
2024-09-13 09:00:00,1143.3677
2024-09-13 09:15:00,1247.9677000000001
2024-09-13 09:30:00,1400.5677
2024-09-13 09:45:00,1361.9677
2024-09-13 10:00:00,1064.1787
2024-09-13 10:15:00,1169.1787000000002
2024-09-13 10:30:00,1329.7787
2024-09-13 10:45:00,1140.5787
2024-09-13 11:00:00,944.6760999999999
2024-09-13 11:15:00,960.8761
2024-09-13 11:30:00,992.8761
2024-09-13 11:45:00,954.6760999999999
2024-09-13 12:00:00,932.8334
2024-09-13 12:15:00,903.4334
2024-09-13 12:30:00,1011.8334
2024-09-13 12:45:00,936.8334
2024-09-13 13:00:00,1047.8242
2024-09-13 13:15:00,1036.6242
2024-09-13 13:30:00,983.6242
2024-09-13 13:45:00,1064.6242
2024-09-13 14:00:00,1329.5108
2024-09-13 14:15:00,1369.9108
2024-09-13 14:30:00,1366.9107999999999
2024-09-13 14:45:00,1555.1108000000002
2024-09-13 15:00:00,1885.7673
2024-09-13 15:15:00,1753.1672999999998
2024-09-13 15:30:00,1684.7673000000002
2024-09-13 15:45:00,1635.1673
2024-09-13 16:00:00,1797.4434
2024-09-13 16:15:00,1844.0434
2024-09-13 16:30:00,1916.8434
2024-09-13 16:45:00,2015.6434
2024-09-13 17:00:00,2076.7152
2024-09-13 17:15:00,1989.7152
2024-09-13 17:30:00,1890.3152
2024-09-13 17:45:00,1778.3152
2024-09-13 18:00:00,1792.7250000000001
2024-09-13 18:15:00,1633.525
2024-09-13 18:30:00,1685.525
2024-09-13 18:45:00,1547.3249999999998
2024-09-13 19:00:00,1494.0
2024-09-13 19:15:00,1435.0
2024-09-13 19:30:00,1339.3999999999999
2024-09-13 19:45:00,1340.8
2024-09-13 20:00:00,1286.6
2024-09-13 20:15:00,1244.4
2024-09-13 20:30:00,1193.6000000000001
2024-09-13 20:45:00,1167.6
2024-09-13 21:00:00,1157.6
2024-09-13 21:15:00,1108.8
2024-09-13 21:30:00,1090.6000000000001
2024-09-13 21:45:00,988.1999999999999
2024-09-13 22:00:00,972.8
2024-09-13 22:15:00,943.4
2024-09-13 22:30:00,878.4
2024-09-13 22:45:00,857.1999999999999
2024-09-13 23:00:00,836.2
2024-09-13 23:15:00,1030.0
2024-09-13 23:30:00,1047.4
2024-09-13 23:45:00,1021.8
2024-09-14 00:00:00,870.4000000000001
2024-09-14 00:15:00,776.8
2024-09-14 00:30:00,722.4
2024-09-14 00:45:00,832.2
2024-09-14 01:00:00,824.4000000000001
2024-09-14 01:15:00,865.4
2024-09-14 01:30:00,805.8
2024-09-14 01:45:00,815.5999999999999
2024-09-14 02:00:00,748.0
2024-09-14 02:15:00,739.4000000000001
2024-09-14 02:30:00,689.0
2024-09-14 02:45:00,712.0
2024-09-14 03:00:00,725.6
2024-09-14 03:15:00,779.4
2024-09-14 03:30:00,721.9999999999999
2024-09-14 03:45:00,643.4
2024-09-14 04:00:00,692.9999999999999
2024-09-14 04:15:00,704.6
2024-09-14 04:30:00,651.0
2024-09-14 04:45:00,713.2
2024-09-14 05:00:00,772.0
2024-09-14 05:15:00,946.5999999999999
2024-09-14 05:30:00,1049.4
2024-09-14 05:45:00,904.4
2024-09-14 06:00:00,883.6631
2024-09-14 06:15:00,841.0631000000001
2024-09-14 06:30:00,967.4630999999999
2024-09-14 06:45:00,981.6631000000001
2024-09-14 07:00:00,639.5484000000001
2024-09-14 07:15:00,668.3484000000001
2024-09-14 07:30:00,554.3484
2024-09-14 07:45:00,562.5484
2024-09-14 08:00:00,390.5798
2024-09-14 08:15:00,534.7798
2024-09-14 08:30:00,896.3798000000002
2024-09-14 08:45:00,1199.9798
2024-09-14 09:00:00,1057.1072
2024-09-14 09:15:00,1276.7072
2024-09-14 09:30:00,1385.1072
2024-09-14 09:45:00,1552.5071999999998
2024-09-14 10:00:00,1517.9506
2024-09-14 10:15:00,1458.5506
2024-09-14 10:30:00,1421.1506
2024-09-14 10:45:00,1341.3506
2024-09-14 11:00:00,1175.7839000000001
2024-09-14 11:15:00,1090.7839000000001
2024-09-14 11:30:00,1124.3839000000003
2024-09-14 11:45:00,1135.1839000000002
2024-09-14 12:00:00,843.5757000000001
2024-09-14 12:15:00,744.1757
2024-09-14 12:30:00,759.9757000000001
2024-09-14 12:45:00,705.3757
2024-09-14 13:00:00,721.9085
2024-09-14 13:15:00,670.1084999999998
2024-09-14 13:30:00,666.1084999999999
2024-09-14 13:45:00,782.9084999999999
2024-09-14 14:00:00,980.3873000000001
2024-09-14 14:15:00,1453.1873
2024-09-14 14:30:00,1450.1873
2024-09-14 14:45:00,1253.1872999999998
2024-09-14 15:00:00,1632.3233
2024-09-14 15:15:00,1675.9233000000002
2024-09-14 15:30:00,1581.7233
2024-09-14 15:45:00,1548.3233
2024-09-14 16:00:00,1956.9458
2024-09-14 16:15:00,2107.1458000000002
2024-09-14 16:30:00,2101.9458
2024-09-14 16:45:00,1997.3458
2024-09-14 17:00:00,2257.8050000000003
2024-09-14 17:15:00,2260.805
2024-09-14 17:30:00,2007.005
2024-09-14 17:45:00,1914.0049999999999
2024-09-14 18:00:00,1983.1994
2024-09-14 18:15:00,1793.3993999999998
2024-09-14 18:30:00,1625.1994
2024-09-14 18:45:00,1441.7993999999999
2024-09-14 19:00:00,1390.1999999999998
2024-09-14 19:15:00,1317.2
2024-09-14 19:30:00,1320.0
2024-09-14 19:45:00,1380.6
2024-09-14 20:00:00,1341.4
2024-09-14 20:15:00,1186.0
2024-09-14 20:30:00,1194.4
2024-09-14 20:45:00,1141.0
2024-09-14 21:00:00,1095.4
2024-09-14 21:15:00,1080.4
2024-09-14 21:30:00,1082.8
2024-09-14 21:45:00,1029.8
2024-09-14 22:00:00,1017.0
2024-09-14 22:15:00,996.0
2024-09-14 22:30:00,914.2
2024-09-14 22:45:00,913.5999999999999
2024-09-14 23:00:00,998.6
2024-09-14 23:15:00,1379.2
2024-09-14 23:30:00,1356.0
2024-09-14 23:45:00,1249.8
2024-09-15 00:00:00,1026.4
2024-09-15 00:15:00,1297.0
2024-09-15 00:30:00,1034.2
2024-09-15 00:45:00,1217.8
2024-09-15 01:00:00,929.4000000000001
2024-09-15 01:15:00,728.6
2024-09-15 01:30:00,769.2
2024-09-15 01:45:00,766.6
2024-09-15 02:00:00,745.4000000000001
2024-09-15 02:15:00,904.0
2024-09-15 02:30:00,868.8
2024-09-15 02:45:00,780.5999999999999
2024-09-15 03:00:00,816.8000000000001
2024-09-15 03:15:00,686.0
2024-09-15 03:30:00,634.2
2024-09-15 03:45:00,612.8
2024-09-15 04:00:00,648.4
2024-09-15 04:15:00,685.8000000000001
2024-09-15 04:30:00,660.0
2024-09-15 04:45:00,644.6
2024-09-15 05:00:00,735.5999999999999
2024-09-15 05:15:00,944.6
2024-09-15 05:30:00,1038.8
2024-09-15 05:45:00,1012.2
2024-09-15 06:00:00,1052.0
2024-09-15 06:15:00,1102.0
2024-09-15 06:30:00,822.8
2024-09-15 06:45:00,771.6
2024-09-15 07:00:00,615.8813
2024-09-15 07:15:00,568.2813
2024-09-15 07:30:00,560.6813
2024-09-15 07:45:00,629.6813
2024-09-15 08:00:00,592.4523
2024-09-15 08:15:00,613.2523
2024-09-15 08:30:00,640.6523
2024-09-15 08:45:00,713.4522999999999
2024-09-15 09:00:00,770.0335
2024-09-15 09:15:00,774.2335
2024-09-15 09:30:00,699.6335
2024-09-15 09:45:00,712.6334999999999
2024-09-15 10:00:00,812.5418
2024-09-15 10:15:00,1019.3417999999999
2024-09-15 10:30:00,1041.9418
2024-09-15 10:45:00,997.3417999999999
2024-09-15 11:00:00,879.4711
2024-09-15 11:15:00,848.6710999999999
2024-09-15 11:30:00,987.0711
2024-09-15 11:45:00,975.6711
2024-09-15 12:00:00,909.5151
2024-09-15 12:15:00,852.5151000000001
2024-09-15 12:30:00,844.9150999999999
2024-09-15 12:45:00,828.5151
2024-09-15 13:00:00,827.2541000000001
2024-09-15 13:15:00,878.4541
2024-09-15 13:30:00,844.8541
2024-09-15 13:45:00,878.2541000000001
2024-09-15 14:00:00,1024.7154
2024-09-15 14:15:00,1141.1154000000001
2024-09-15 14:30:00,1312.3154
2024-09-15 14:45:00,1103.3154
2024-09-15 15:00:00,1253.3723
2024-09-15 15:15:00,1206.1723000000002
2024-09-15 15:30:00,1234.9723
2024-09-15 15:45:00,1271.3723
2024-09-15 16:00:00,1295.0395
2024-09-15 16:15:00,1331.8395
2024-09-15 16:30:00,1286.6395
2024-09-15 16:45:00,1271.4395
2024-09-15 17:00:00,1340.5697
2024-09-15 17:15:00,1273.3697000000002
2024-09-15 17:30:00,1064.1697000000001
2024-09-15 17:45:00,1113.7697
2024-09-15 18:00:00,1009.4000000000001
2024-09-15 18:15:00,958.4000000000001
2024-09-15 18:30:00,956.4000000000001
2024-09-15 18:45:00,942.0
2024-09-15 19:00:00,947.8
2024-09-15 19:15:00,982.4
2024-09-15 19:30:00,937.0
2024-09-15 19:45:00,928.0
2024-09-15 20:00:00,918.0
2024-09-15 20:15:00,943.0
2024-09-15 20:30:00,895.4
2024-09-15 20:45:00,883.0
2024-09-15 21:00:00,908.6
2024-09-15 21:15:00,872.0
2024-09-15 21:30:00,879.8
2024-09-15 21:45:00,857.0
2024-09-15 22:00:00,852.8
2024-09-15 22:15:00,804.4000000000001
2024-09-15 22:30:00,707.8
2024-09-15 22:45:00,683.1999999999999
2024-09-15 23:00:00,655.2
2024-09-15 23:15:00,984.8
2024-09-15 23:30:00,1043.4
2024-09-15 23:45:00,966.4000000000001
2024-09-16 00:00:00,843.8000000000001
2024-09-16 00:15:00,975.0
2024-09-16 00:30:00,778.4
2024-09-16 00:45:00,808.5999999999999
2024-09-16 01:00:00,829.0
2024-09-16 01:15:00,736.2
2024-09-16 01:30:00,762.3999999999999
2024-09-16 01:45:00,818.0
2024-09-16 02:00:00,718.4000000000001
2024-09-16 02:15:00,694.6000000000001
2024-09-16 02:30:00,641.0
2024-09-16 02:45:00,746.0
2024-09-16 03:00:00,698.6
2024-09-16 03:15:00,661.5999999999999
2024-09-16 03:30:00,590.2
2024-09-16 03:45:00,552.1999999999999
2024-09-16 04:00:00,776.6
2024-09-16 04:15:00,737.4000000000001
2024-09-16 04:30:00,701.0
2024-09-16 04:45:00,687.5999999999999
2024-09-16 05:00:00,676.2
2024-09-16 05:15:00,647.4000000000001
2024-09-16 05:30:00,1026.6
2024-09-16 05:45:00,956.3999999999999
2024-09-16 06:00:00,818.1615
2024-09-16 06:15:00,733.1615
2024-09-16 06:30:00,649.3615
2024-09-16 06:45:00,572.3615
2024-09-16 07:00:00,373.41240000000005
2024-09-16 07:15:00,419.01240000000007
2024-09-16 07:30:00,423.41240000000005
2024-09-16 07:45:00,387.0124
2024-09-16 08:00:00,190.34359999999998
2024-09-16 08:15:00,178.54359999999997
2024-09-16 08:30:00,255.74359999999996
2024-09-16 08:45:00,298.1436
2024-09-16 09:00:00,100.63119999999998
2024-09-16 09:15:00,99.43119999999999
2024-09-16 09:30:00,105.83119999999997
2024-09-16 09:45:00,135.83119999999997
2024-09-16 10:00:00,121.79120000000003
2024-09-16 10:15:00,71.3912
2024-09-16 10:30:00,166.1912
2024-09-16 10:45:00,168.9912
2024-09-16 11:00:00,-47.3554000000001
2024-09-16 11:15:00,-53.555400000000134
2024-09-16 11:30:00,-94.15540000000007
2024-09-16 11:45:00,-65.95540000000013
2024-09-16 12:00:00,-63.219799999999964
2024-09-16 12:15:00,-62.41979999999997
2024-09-16 12:30:00,-62.41979999999995
2024-09-16 12:45:00,-46.21979999999995
2024-09-16 13:00:00,29.792299999999955
2024-09-16 13:15:00,26.592299999999966
2024-09-16 13:30:00,21.19229999999996
2024-09-16 13:45:00,2.192299999999989
2024-09-16 14:00:00,122.29520000000002
2024-09-16 14:15:00,414.2952000000001
2024-09-16 14:30:00,362.49519999999995
2024-09-16 14:45:00,342.49519999999995
2024-09-16 15:00:00,557.2152
2024-09-16 15:15:00,584.2152
2024-09-16 15:30:00,465.4152
2024-09-16 15:45:00,331.2152
2024-09-16 16:00:00,539.6051000000001
2024-09-16 16:15:00,545.2051
2024-09-16 16:30:00,596.8051
2024-09-16 16:45:00,543.0051000000001
2024-09-16 17:00:00,840.8732
2024-09-16 17:15:00,781.2732
2024-09-16 17:30:00,753.0731999999999
2024-09-16 17:45:00,741.6732
2024-09-16 18:00:00,896.2
2024-09-16 18:15:00,882.8000000000001
2024-09-16 18:30:00,905.8000000000001
2024-09-16 18:45:00,906.2
2024-09-16 19:00:00,896.4000000000001
2024-09-16 19:15:00,978.4000000000001
2024-09-16 19:30:00,865.8
2024-09-16 19:45:00,849.2
2024-09-16 20:00:00,849.6
2024-09-16 20:15:00,862.4
2024-09-16 20:30:00,823.4
2024-09-16 20:45:00,839.9999999999999
2024-09-16 21:00:00,857.5999999999999
2024-09-16 21:15:00,824.8
2024-09-16 21:30:00,809.4
2024-09-16 21:45:00,800.4
2024-09-16 22:00:00,709.8
2024-09-16 22:15:00,665.4
2024-09-16 22:30:00,624.2
2024-09-16 22:45:00,611.2
2024-09-16 23:00:00,648.0
2024-09-16 23:15:00,975.4
2024-09-16 23:30:00,1086.2
2024-09-16 23:45:00,939.6000000000001
2024-09-17 00:00:00,710.4
2024-09-17 00:15:00,616.0
2024-09-17 00:30:00,638.6
2024-09-17 00:45:00,571.1999999999999
2024-09-17 01:00:00,566.6
2024-09-17 01:15:00,659.4
2024-09-17 01:30:00,631.4
2024-09-17 01:45:00,611.2
2024-09-17 02:00:00,544.2
2024-09-17 02:15:00,660.8
2024-09-17 02:30:00,626.0
2024-09-17 02:45:00,650.4
2024-09-17 03:00:00,594.6
2024-09-17 03:15:00,551.1999999999999
2024-09-17 03:30:00,581.8000000000001
2024-09-17 03:45:00,583.4
2024-09-17 04:00:00,604.6
2024-09-17 04:15:00,700.0
2024-09-17 04:30:00,634.6
2024-09-17 04:45:00,695.4
2024-09-17 05:00:00,692.2
2024-09-17 05:15:00,652.6
2024-09-17 05:30:00,612.6
2024-09-17 05:45:00,692.5999999999999
2024-09-17 06:00:00,772.0606
2024-09-17 06:15:00,706.4606
2024-09-17 06:30:00,650.4606
2024-09-17 06:45:00,573.6606
2024-09-17 07:00:00,309.47869999999995
2024-09-17 07:15:00,290.8787
2024-09-17 07:30:00,246.07869999999997
2024-09-17 07:45:00,306.6787
2024-09-17 08:00:00,66.54730000000004
2024-09-17 08:15:00,63.34730000000002
2024-09-17 08:30:00,77.94730000000006
2024-09-17 08:45:00,95.34730000000002
2024-09-17 09:00:00,-17.678500000000014
2024-09-17 09:15:00,-32.678500000000014
2024-09-17 09:30:00,-1.0785000000000338
2024-09-17 09:45:00,21.52149999999999
2024-09-17 10:00:00,-146.14520000000002
2024-09-17 10:15:00,-130.7452
2024-09-17 10:30:00,64.65479999999997
2024-09-17 10:45:00,31.054799999999986
2024-09-17 11:00:00,-68.27399999999999
2024-09-17 11:15:00,-143.274
2024-09-17 11:30:00,-144.874
2024-09-17 11:45:00,-122.274
2024-09-17 12:00:00,-121.51559999999998
2024-09-17 12:15:00,-179.91559999999998
2024-09-17 12:30:00,-213.91559999999996
2024-09-17 12:45:00,-179.31560000000002
2024-09-17 13:00:00,-209.83960000000008
2024-09-17 13:15:00,-158.63960000000006
2024-09-17 13:30:00,-147.43960000000004
2024-09-17 13:45:00,-50.23960000000007
2024-09-17 14:00:00,-10.453699999999985
2024-09-17 14:15:00,85.14630000000001
2024-09-17 14:30:00,107.94629999999995
2024-09-17 14:45:00,141.34630000000004
2024-09-17 15:00:00,458.4734
2024-09-17 15:15:00,390.47339999999997
2024-09-17 15:30:00,441.4734000000001
2024-09-17 15:45:00,449.27340000000004
2024-09-17 16:00:00,587.4736999999999
2024-09-17 16:15:00,653.8737
2024-09-17 16:30:00,660.0737
2024-09-17 16:45:00,618.2737
2024-09-17 17:00:00,860.7944
2024-09-17 17:15:00,899.5944
2024-09-17 17:30:00,882.3943999999999
2024-09-17 17:45:00,865.9944
2024-09-17 18:00:00,895.5999999999999
2024-09-17 18:15:00,828.3999999999999
2024-09-17 18:30:00,842.4
2024-09-17 18:45:00,847.4000000000001
2024-09-17 19:00:00,820.5999999999999
2024-09-17 19:15:00,850.8
2024-09-17 19:30:00,869.0
2024-09-17 19:45:00,832.8000000000001
2024-09-17 20:00:00,836.5999999999999
2024-09-17 20:15:00,862.4000000000001
2024-09-17 20:30:00,838.4000000000001
2024-09-17 20:45:00,864.8
2024-09-17 21:00:00,849.0
2024-09-17 21:15:00,846.8000000000001
2024-09-17 21:30:00,939.4000000000001
2024-09-17 21:45:00,970.2
2024-09-17 22:00:00,939.8000000000001
2024-09-17 22:15:00,851.8
2024-09-17 22:30:00,756.8
2024-09-17 22:45:00,671.8000000000001
2024-09-17 23:00:00,638.6
2024-09-17 23:15:00,1169.0
2024-09-17 23:30:00,1302.6000000000001
2024-09-17 23:45:00,1133.3999999999999
2024-09-18 00:00:00,926.2
2024-09-18 00:15:00,980.8000000000001
2024-09-18 00:30:00,909.2
2024-09-18 00:45:00,975.8
2024-09-18 01:00:00,814.8
2024-09-18 01:15:00,800.8
2024-09-18 01:30:00,728.8
2024-09-18 01:45:00,758.0
2024-09-18 02:00:00,794.4000000000001
2024-09-18 02:15:00,712.5999999999999
2024-09-18 02:30:00,605.5999999999999
2024-09-18 02:45:00,584.5999999999999
2024-09-18 03:00:00,661.2
2024-09-18 03:15:00,629.0
2024-09-18 03:30:00,673.0
2024-09-18 03:45:00,659.4000000000001
2024-09-18 04:00:00,707.6
2024-09-18 04:15:00,722.2
2024-09-18 04:30:00,748.2
2024-09-18 04:45:00,711.2
2024-09-18 05:00:00,760.8000000000001
2024-09-18 05:15:00,860.2
2024-09-18 05:30:00,935.8
2024-09-18 05:45:00,832.2
2024-09-18 06:00:00,977.4789999999999
2024-09-18 06:15:00,867.8789999999999
2024-09-18 06:30:00,921.2790000000001
2024-09-18 06:45:00,981.6790000000001
2024-09-18 07:00:00,734.9926
2024-09-18 07:15:00,677.5926
2024-09-18 07:30:00,733.9926
2024-09-18 07:45:00,827.3926
2024-09-18 08:00:00,752.1376
2024-09-18 08:15:00,1030.7376
2024-09-18 08:30:00,1465.9376000000002
2024-09-18 08:45:00,1930.7376
2024-09-18 09:00:00,2011.3591000000001
2024-09-18 09:15:00,2158.3591
2024-09-18 09:30:00,2327.3591
2024-09-18 09:45:00,2381.9591
2024-09-18 10:00:00,2339.1778
2024-09-18 10:15:00,2276.7778
2024-09-18 10:30:00,2222.3777999999998
2024-09-18 10:45:00,2217.3777999999998
2024-09-18 11:00:00,2069.2667
2024-09-18 11:15:00,2008.8666999999998
2024-09-18 11:30:00,2251.2667
2024-09-18 11:45:00,2119.6666999999998
2024-09-18 12:00:00,2031.6944
2024-09-18 12:15:00,2111.8944
2024-09-18 12:30:00,2225.2944
2024-09-18 12:45:00,2145.6944
2024-09-18 13:00:00,2092.0086
2024-09-18 13:15:00,2099.6086
2024-09-18 13:30:00,2047.0086000000001
2024-09-18 13:45:00,2093.2086
2024-09-18 14:00:00,2226.2294
2024-09-18 14:15:00,2493.2294
2024-09-18 14:30:00,2429.2294
2024-09-18 14:45:00,2419.2294
2024-09-18 15:00:00,2702.0456999999997
2024-09-18 15:15:00,2830.8457
2024-09-18 15:30:00,2627.8457
2024-09-18 15:45:00,2641.0456999999997
2024-09-18 16:00:00,2906.6372
2024-09-18 16:15:00,2976.0371999999998
2024-09-18 16:30:00,3045.0372
2024-09-18 16:45:00,3025.8372
2024-09-18 17:00:00,3100.4440000000004
2024-09-18 17:15:00,2942.844
2024-09-18 17:30:00,2762.644
2024-09-18 17:45:00,2585.244
2024-09-18 18:00:00,2432.2
2024-09-18 18:15:00,2149.0
2024-09-18 18:30:00,2109.6
2024-09-18 18:45:00,1959.1999999999998
2024-09-18 19:00:00,1911.2
2024-09-18 19:15:00,1843.0
2024-09-18 19:30:00,1723.4
2024-09-18 19:45:00,1719.8000000000002
2024-09-18 20:00:00,1728.3999999999999
2024-09-18 20:15:00,1616.8000000000002
2024-09-18 20:30:00,1523.4
2024-09-18 20:45:00,1469.0000000000002
2024-09-18 21:00:00,1355.2
2024-09-18 21:15:00,1363.3999999999999
2024-09-18 21:30:00,1348.8000000000002
2024-09-18 21:45:00,1229.3999999999999
2024-09-18 22:00:00,1123.3999999999999
2024-09-18 22:15:00,1044.2
2024-09-18 22:30:00,962.2
2024-09-18 22:45:00,925.5999999999999
2024-09-18 23:00:00,987.4
2024-09-18 23:15:00,1442.6
2024-09-18 23:30:00,1326.8000000000002
2024-09-18 23:45:00,1246.4
2024-09-19 00:00:00,1158.6
2024-09-19 00:15:00,1013.2
2024-09-19 00:30:00,1092.0
2024-09-19 00:45:00,978.0
2024-09-19 01:00:00,917.5999999999999
2024-09-19 01:15:00,801.0
2024-09-19 01:30:00,832.1999999999999
2024-09-19 01:45:00,929.3999999999999
2024-09-19 02:00:00,938.8
2024-09-19 02:15:00,803.8
2024-09-19 02:30:00,690.1999999999999
2024-09-19 02:45:00,695.3999999999999
2024-09-19 03:00:00,731.4000000000001
2024-09-19 03:15:00,774.2
2024-09-19 03:30:00,725.9999999999999
2024-09-19 03:45:00,724.6
2024-09-19 04:00:00,803.4000000000001
2024-09-19 04:15:00,855.6
2024-09-19 04:30:00,919.1999999999999
2024-09-19 04:45:00,813.8000000000001
2024-09-19 05:00:00,769.4000000000001
2024-09-19 05:15:00,850.5999999999999
2024-09-19 05:30:00,1064.4
2024-09-19 05:45:00,1022.8
2024-09-19 06:00:00,1008.3568
2024-09-19 06:15:00,1010.9568
2024-09-19 06:30:00,1027.9568
2024-09-19 06:45:00,980.9568
2024-09-19 07:00:00,615.0808
2024-09-19 07:15:00,564.2808
2024-09-19 07:30:00,793.6808
2024-09-19 07:45:00,795.8807999999999
2024-09-19 08:00:00,651.389
2024-09-19 08:15:00,888.589
2024-09-19 08:30:00,1229.7890000000002
2024-09-19 08:45:00,1528.189
2024-09-19 09:00:00,1936.5718
2024-09-19 09:15:00,2090.9718
2024-09-19 09:30:00,2242.3718
2024-09-19 09:45:00,2189.5717999999997
2024-09-19 10:00:00,1956.6256999999998
2024-09-19 10:15:00,2105.6257
2024-09-19 10:30:00,2180.8257000000003
2024-09-19 10:45:00,2016.0257
2024-09-19 11:00:00,1685.1201
2024-09-19 11:15:00,1641.5201000000002
2024-09-19 11:30:00,1615.1201
2024-09-19 11:45:00,1599.7201
2024-09-19 12:00:00,1736.431
2024-09-19 12:15:00,1799.831
2024-09-19 12:30:00,1765.0310000000002
2024-09-19 12:45:00,1745.0310000000002
2024-09-19 13:00:00,1686.5065
2024-09-19 13:15:00,1602.7065000000002
2024-09-19 13:30:00,1543.9065
2024-09-19 13:45:00,1535.7065000000002
2024-09-19 14:00:00,1924.4942
2024-09-19 14:15:00,1998.0942
2024-09-19 14:30:00,2064.4942
2024-09-19 14:45:00,2072.4942
2024-09-19 15:00:00,1793.9765000000002
2024-09-19 15:15:00,1972.7765
2024-09-19 15:30:00,1946.9765000000002
2024-09-19 15:45:00,1823.9765000000002
2024-09-19 16:00:00,2100.3678
2024-09-19 16:15:00,2231.5678000000003
2024-09-19 16:30:00,2098.7678
2024-09-19 16:45:00,2145.5678000000003
2024-09-19 17:00:00,2287.7021
2024-09-19 17:15:00,2149.9021000000002
2024-09-19 17:30:00,2075.7021
2024-09-19 17:45:00,1942.3021000000003
2024-09-19 18:00:00,2008.5584
2024-09-19 18:15:00,1775.3584
2024-09-19 18:30:00,1705.9584
2024-09-19 18:45:00,1696.9584
2024-09-19 19:00:00,1720.4
2024-09-19 19:15:00,1644.6
2024-09-19 19:30:00,1651.8000000000002
2024-09-19 19:45:00,1477.0
2024-09-19 20:00:00,1465.4
2024-09-19 20:15:00,1436.2
2024-09-19 20:30:00,1396.6000000000001
2024-09-19 20:45:00,1315.0
2024-09-19 21:00:00,1276.1999999999998
2024-09-19 21:15:00,1232.8
2024-09-19 21:30:00,1222.6
2024-09-19 21:45:00,1150.8
2024-09-19 22:00:00,1118.6
2024-09-19 22:15:00,1067.4
2024-09-19 22:30:00,913.4000000000001
2024-09-19 22:45:00,914.4
2024-09-19 23:00:00,973.8
2024-09-19 23:15:00,1428.0
2024-09-19 23:30:00,1297.6000000000001
2024-09-19 23:45:00,1256.6000000000001
2024-09-20 00:00:00,1012.4
2024-09-20 00:15:00,804.4
2024-09-20 00:30:00,707.5999999999999
2024-09-20 00:45:00,664.6
2024-09-20 01:00:00,734.6
2024-09-20 01:15:00,803.2
2024-09-20 01:30:00,729.2
2024-09-20 01:45:00,712.4000000000001
2024-09-20 02:00:00,633.5999999999999
2024-09-20 02:15:00,637.0
2024-09-20 02:30:00,614.2
2024-09-20 02:45:00,613.6
2024-09-20 03:00:00,689.4
2024-09-20 03:15:00,710.5999999999999
2024-09-20 03:30:00,739.4000000000001
2024-09-20 03:45:00,740.8
2024-09-20 04:00:00,788.4
2024-09-20 04:15:00,809.0
2024-09-20 04:30:00,774.4
2024-09-20 04:45:00,751.2
2024-09-20 05:00:00,803.8
2024-09-20 05:15:00,840.8
2024-09-20 05:30:00,956.6
2024-09-20 05:45:00,1035.2
2024-09-20 06:00:00,1014.9871
2024-09-20 06:15:00,1018.5871
2024-09-20 06:30:00,1051.1871
2024-09-20 06:45:00,836.1871
2024-09-20 07:00:00,518.7247
2024-09-20 07:15:00,530.1247000000001
2024-09-20 07:30:00,542.7247
2024-09-20 07:45:00,597.1247000000001
2024-09-20 08:00:00,275.1177
2024-09-20 08:15:00,480.71770000000004
2024-09-20 08:30:00,695.1177
2024-09-20 08:45:00,902.7177
2024-09-20 09:00:00,892.5594000000001
2024-09-20 09:15:00,985.3594
2024-09-20 09:30:00,1280.9594
2024-09-20 09:45:00,1216.1594
2024-09-20 10:00:00,989.8753
2024-09-20 10:15:00,1070.8753000000002
2024-09-20 10:30:00,930.2753
2024-09-20 10:45:00,962.8753
2024-09-20 11:00:00,767.3741
2024-09-20 11:15:00,796.5741
2024-09-20 11:30:00,763.5741
2024-09-20 11:45:00,732.9741000000001
2024-09-20 12:00:00,636.8991000000001
2024-09-20 12:15:00,683.4991
2024-09-20 12:30:00,632.4991
2024-09-20 12:45:00,603.6991
2024-09-20 13:00:00,807.8644000000002
2024-09-20 13:15:00,816.4644000000002
2024-09-20 13:30:00,676.4644000000001
2024-09-20 13:45:00,677.0644000000002
2024-09-20 14:00:00,943.0784000000001
2024-09-20 14:15:00,1097.4784
2024-09-20 14:30:00,1175.0783999999999
2024-09-20 14:45:00,1235.0783999999999
2024-09-20 15:00:00,1655.0695999999998
2024-09-20 15:15:00,1634.2696
2024-09-20 15:30:00,1606.8696
2024-09-20 15:45:00,1616.8696
2024-09-20 16:00:00,2051.9831
2024-09-20 16:15:00,1969.1831
2024-09-20 16:30:00,1883.1831000000002
2024-09-20 16:45:00,2041.7830999999999
2024-09-20 17:00:00,2198.4371
2024-09-20 17:15:00,2095.0371
2024-09-20 17:30:00,2019.0371
2024-09-20 17:45:00,1881.4371
2024-09-20 18:00:00,1946.8
2024-09-20 18:15:00,1759.4
2024-09-20 18:30:00,1709.6000000000001
2024-09-20 18:45:00,1605.8000000000002
2024-09-20 19:00:00,1567.2
2024-09-20 19:15:00,1428.0
2024-09-20 19:30:00,1346.8000000000002
2024-09-20 19:45:00,1412.0
2024-09-20 20:00:00,1392.8
2024-09-20 20:15:00,1353.4
2024-09-20 20:30:00,1319.6
2024-09-20 20:45:00,1368.0
2024-09-20 21:00:00,1225.6
2024-09-20 21:15:00,1218.3999999999999
2024-09-20 21:30:00,1184.8
2024-09-20 21:45:00,1140.8
2024-09-20 22:00:00,1098.2
2024-09-20 22:15:00,988.1999999999999
2024-09-20 22:30:00,922.4
2024-09-20 22:45:00,854.6
2024-09-20 23:00:00,869.2
2024-09-20 23:15:00,1321.8
2024-09-20 23:30:00,1205.8
2024-09-20 23:45:00,1060.4
2024-09-21 00:00:00,1027.0
2024-09-21 00:15:00,912.8
2024-09-21 00:30:00,867.8000000000001
2024-09-21 00:45:00,796.8
2024-09-21 01:00:00,782.2
2024-09-21 01:15:00,739.0
2024-09-21 01:30:00,739.8
2024-09-21 01:45:00,797.8000000000001
2024-09-21 02:00:00,802.1999999999999
2024-09-21 02:15:00,791.8
2024-09-21 02:30:00,782.8000000000001
2024-09-21 02:45:00,884.0
2024-09-21 03:00:00,903.5999999999999
2024-09-21 03:15:00,848.8
2024-09-21 03:30:00,806.8
2024-09-21 03:45:00,778.5999999999999
2024-09-21 04:00:00,771.4
2024-09-21 04:15:00,787.4
2024-09-21 04:30:00,883.4
2024-09-21 04:45:00,821.0
2024-09-21 05:00:00,857.5999999999999
2024-09-21 05:15:00,962.8
2024-09-21 05:30:00,1056.2
2024-09-21 05:45:00,908.0000000000001
2024-09-21 06:00:00,854.1618
2024-09-21 06:15:00,958.5618
2024-09-21 06:30:00,886.3618
2024-09-21 06:45:00,951.9618
2024-09-21 07:00:00,545.4309000000001
2024-09-21 07:15:00,367.0309
2024-09-21 07:30:00,349.6309
2024-09-21 07:45:00,368.8309
2024-09-21 08:00:00,-107.64639999999997
2024-09-21 08:15:00,24.75360000000002
2024-09-21 08:30:00,104.1536
2024-09-21 08:45:00,198.55360000000002
2024-09-21 09:00:00,-104.26129999999998
2024-09-21 09:15:00,-16.46129999999988
2024-09-21 09:30:00,125.33869999999996
2024-09-21 09:45:00,303.93870000000004
2024-09-21 10:00:00,42.03270000000013
2024-09-21 10:15:00,35.63270000000012
2024-09-21 10:30:00,110.23270000000014
2024-09-21 10:45:00,2.232700000000115
2024-09-21 11:00:00,102.75259999999997
2024-09-21 11:15:00,-32.24739999999997
2024-09-21 11:30:00,-185.04739999999998
2024-09-21 11:45:00,-257.4474
2024-09-21 12:00:00,-292.90070000000003
2024-09-21 12:15:00,-327.3007000000001
2024-09-21 12:30:00,-387.5007
2024-09-21 12:45:00,-452.30070000000006
2024-09-21 13:00:00,-370.43449999999996
2024-09-21 13:15:00,-320.03450000000004
2024-09-21 13:30:00,-364.0345
2024-09-21 13:45:00,-295.0345
2024-09-21 14:00:00,-48.31960000000004
2024-09-21 14:15:00,27.680400000000077
2024-09-21 14:30:00,12.280399999999986
2024-09-21 14:45:00,97.88040000000012
2024-09-21 15:00:00,406.7833999999999
2024-09-21 15:15:00,500.7833999999999
2024-09-21 15:30:00,544.7833999999998
2024-09-21 15:45:00,538.9833999999998
2024-09-21 16:00:00,835.7191000000001
2024-09-21 16:15:00,839.5191
2024-09-21 16:30:00,865.9191000000001
2024-09-21 16:45:00,971.5191000000001
2024-09-21 17:00:00,1383.9830000000002
2024-09-21 17:15:00,1305.383
2024-09-21 17:30:00,1284.7830000000001
2024-09-21 17:45:00,1219.3829999999998
2024-09-21 18:00:00,1384.4
2024-09-21 18:15:00,1279.6
2024-09-21 18:30:00,1256.4
2024-09-21 18:45:00,1120.8
2024-09-21 19:00:00,1041.0
2024-09-21 19:15:00,1021.2
2024-09-21 19:30:00,1014.4
2024-09-21 19:45:00,1090.2
2024-09-21 20:00:00,1000.0
2024-09-21 20:15:00,964.5999999999999
2024-09-21 20:30:00,1003.4
2024-09-21 20:45:00,968.4000000000001
2024-09-21 21:00:00,957.4
2024-09-21 21:15:00,922.0000000000001
2024-09-21 21:30:00,897.2
2024-09-21 21:45:00,875.2
2024-09-21 22:00:00,827.8000000000001
2024-09-21 22:15:00,737.5999999999999
2024-09-21 22:30:00,699.6
2024-09-21 22:45:00,683.4
2024-09-21 23:00:00,668.6
2024-09-21 23:15:00,1264.6
2024-09-21 23:30:00,1128.4
2024-09-21 23:45:00,1008.5999999999999
2024-09-22 00:00:00,959.4
2024-09-22 00:15:00,990.0
2024-09-22 00:30:00,964.4
2024-09-22 00:45:00,880.6
2024-09-22 01:00:00,682.4
2024-09-22 01:15:00,648.6
2024-09-22 01:30:00,601.4
2024-09-22 01:45:00,693.4
2024-09-22 02:00:00,798.4000000000001
2024-09-22 02:15:00,801.4
2024-09-22 02:30:00,841.0
2024-09-22 02:45:00,763.6
2024-09-22 03:00:00,641.4
2024-09-22 03:15:00,575.6
2024-09-22 03:30:00,531.8
2024-09-22 03:45:00,538.8
2024-09-22 04:00:00,587.8
2024-09-22 04:15:00,666.6
2024-09-22 04:30:00,686.0
2024-09-22 04:45:00,735.8000000000001
2024-09-22 05:00:00,620.2
2024-09-22 05:15:00,748.8000000000001
2024-09-22 05:30:00,1028.4
2024-09-22 05:45:00,987.4
2024-09-22 06:00:00,818.7088000000001
2024-09-22 06:15:00,799.7088000000001
2024-09-22 06:30:00,738.7088000000001
2024-09-22 06:45:00,641.3088
2024-09-22 07:00:00,384.2416
2024-09-22 07:15:00,338.6416
2024-09-22 07:30:00,346.64160000000004
2024-09-22 07:45:00,429.64160000000004
2024-09-22 08:00:00,89.62549999999999
2024-09-22 08:15:00,134.22549999999995
2024-09-22 08:30:00,107.02549999999997
2024-09-22 08:45:00,121.82550000000003
2024-09-22 09:00:00,-243.23930000000004
2024-09-22 09:15:00,-195.83929999999998
2024-09-22 09:30:00,-64.83929999999997
2024-09-22 09:45:00,-174.23930000000001
2024-09-22 10:00:00,-228.49239999999995
2024-09-22 10:15:00,-251.69239999999996
2024-09-22 10:30:00,-125.49240000000002
2024-09-22 10:45:00,-148.49239999999998
2024-09-22 11:00:00,-458.7748
2024-09-22 11:15:00,-524.5748000000001
2024-09-22 11:30:00,-550.1748
2024-09-22 11:45:00,-536.9748
2024-09-22 12:00:00,-478.07
2024-09-22 12:15:00,-308.87
2024-09-22 12:30:00,-391.47
2024-09-22 12:45:00,-419.47
2024-09-22 13:00:00,-376.53679999999997
2024-09-22 13:15:00,-415.33680000000004
2024-09-22 13:30:00,-387.93680000000006
2024-09-22 13:45:00,-422.93679999999995
2024-09-22 14:00:00,-455.39650000000006
2024-09-22 14:15:00,-404.9965
2024-09-22 14:30:00,-424.9965000000001
2024-09-22 14:45:00,-215.19650000000007
2024-09-22 15:00:00,50.724099999999964
2024-09-22 15:15:00,-55.07590000000002
2024-09-22 15:30:00,-59.075900000000004
2024-09-22 15:45:00,-50.275900000000036
2024-09-22 16:00:00,450.5576
2024-09-22 16:15:00,383.75759999999997
2024-09-22 16:30:00,372.5576
2024-09-22 16:45:00,560.1576
2024-09-22 17:00:00,825.095
2024-09-22 17:15:00,709.695
2024-09-22 17:30:00,665.895
2024-09-22 17:45:00,605.295
2024-09-22 18:00:00,786.0
2024-09-22 18:15:00,770.2
2024-09-22 18:30:00,768.8
2024-09-22 18:45:00,799.1999999999999
2024-09-22 19:00:00,790.0
2024-09-22 19:15:00,783.8
2024-09-22 19:30:00,774.9999999999999
2024-09-22 19:45:00,841.8
2024-09-22 20:00:00,802.4000000000001
2024-09-22 20:15:00,706.0
2024-09-22 20:30:00,678.0
2024-09-22 20:45:00,696.8
2024-09-22 21:00:00,657.8
2024-09-22 21:15:00,680.4000000000001
2024-09-22 21:30:00,631.8000000000001
2024-09-22 21:45:00,656.4
2024-09-22 22:00:00,624.1999999999999
2024-09-22 22:15:00,613.8000000000001
2024-09-22 22:30:00,618.2
2024-09-22 22:45:00,592.8
2024-09-22 23:00:00,579.2
2024-09-22 23:15:00,1157.2
2024-09-22 23:30:00,1013.8
2024-09-22 23:45:00,848.8
2024-09-23 00:00:00,840.6
2024-09-23 00:15:00,735.2
2024-09-23 00:30:00,709.2
2024-09-23 00:45:00,657.0
2024-09-23 01:00:00,634.6
2024-09-23 01:15:00,652.0000000000001
2024-09-23 01:30:00,774.0
2024-09-23 01:45:00,680.0
2024-09-23 02:00:00,682.2
2024-09-23 02:15:00,601.0
2024-09-23 02:30:00,555.2
2024-09-23 02:45:00,623.8
2024-09-23 03:00:00,532.8
2024-09-23 03:15:00,514.6
2024-09-23 03:30:00,509.20000000000005
2024-09-23 03:45:00,546.8
2024-09-23 04:00:00,611.0
2024-09-23 04:15:00,617.8
2024-09-23 04:30:00,625.6
2024-09-23 04:45:00,672.4
2024-09-23 05:00:00,666.8
2024-09-23 05:15:00,815.5999999999999
2024-09-23 05:30:00,893.0
2024-09-23 05:45:00,804.2
2024-09-23 06:00:00,815.8
2024-09-23 06:15:00,689.2
2024-09-23 06:30:00,672.5999999999999
2024-09-23 06:45:00,665.8
2024-09-23 07:00:00,555.0350000000001
2024-09-23 07:15:00,518.035
2024-09-23 07:30:00,490.635
2024-09-23 07:45:00,562.835
2024-09-23 08:00:00,524.2102
2024-09-23 08:15:00,600.0101999999999
2024-09-23 08:30:00,648.0102
2024-09-23 08:45:00,813.8101999999999
2024-09-23 09:00:00,768.7566
2024-09-23 09:15:00,813.9566
2024-09-23 09:30:00,928.9566
2024-09-23 09:45:00,980.3566
2024-09-23 10:00:00,884.8529000000001
2024-09-23 10:15:00,984.6529
2024-09-23 10:30:00,989.6529
2024-09-23 10:45:00,919.8529
2024-09-23 11:00:00,729.5404
2024-09-23 11:15:00,706.5404000000001
2024-09-23 11:30:00,641.5404000000001
2024-09-23 11:45:00,669.9404000000001
2024-09-23 12:00:00,857.9543
2024-09-23 12:15:00,791.9543000000001
2024-09-23 12:30:00,872.5543
2024-09-23 12:45:00,755.7543000000001
2024-09-23 13:00:00,849.6479
2024-09-23 13:15:00,845.4479
2024-09-23 13:30:00,820.2479000000001
2024-09-23 13:45:00,1028.0479
2024-09-23 14:00:00,1094.7649999999999
2024-09-23 14:15:00,1201.165
2024-09-23 14:30:00,1240.765
2024-09-23 14:45:00,1148.565
2024-09-23 15:00:00,1257.6847
2024-09-23 15:15:00,1475.2847
2024-09-23 15:30:00,1438.8846999999998
2024-09-23 15:45:00,1533.6847000000002
2024-09-23 16:00:00,1654.2493
2024-09-23 16:15:00,1633.0493000000001
2024-09-23 16:30:00,1563.4493
2024-09-23 16:45:00,1561.4493000000002
2024-09-23 17:00:00,1772.2557
2024-09-23 17:15:00,1638.8557
2024-09-23 17:30:00,1442.0557000000001
2024-09-23 17:45:00,1356.2557
2024-09-23 18:00:00,1346.8
2024-09-23 18:15:00,1320.8
2024-09-23 18:30:00,1278.6
2024-09-23 18:45:00,1225.8
2024-09-23 19:00:00,1186.0
2024-09-23 19:15:00,1183.4
2024-09-23 19:30:00,1128.4
2024-09-23 19:45:00,1151.0
2024-09-23 20:00:00,1066.6000000000001
2024-09-23 20:15:00,1065.3999999999999
2024-09-23 20:30:00,1028.4
2024-09-23 20:45:00,1032.6
2024-09-23 21:00:00,1002.0
2024-09-23 21:15:00,1018.2
2024-09-23 21:30:00,927.1999999999999
2024-09-23 21:45:00,920.1999999999999
2024-09-23 22:00:00,899.5999999999999
2024-09-23 22:15:00,851.0
2024-09-23 22:30:00,809.0
2024-09-23 22:45:00,791.0000000000001
2024-09-23 23:00:00,848.4
2024-09-23 23:15:00,1102.0
2024-09-23 23:30:00,963.2
2024-09-23 23:45:00,804.2
2024-09-24 00:00:00,708.0
2024-09-24 00:15:00,604.0
2024-09-24 00:30:00,552.2
2024-09-24 00:45:00,539.0
2024-09-24 01:00:00,598.2
2024-09-24 01:15:00,642.6
2024-09-24 01:30:00,616.2
2024-09-24 01:45:00,699.6
2024-09-24 02:00:00,619.8
2024-09-24 02:15:00,685.2
2024-09-24 02:30:00,694.8000000000001
2024-09-24 02:45:00,652.4
2024-09-24 03:00:00,784.2
2024-09-24 03:15:00,736.4
2024-09-24 03:30:00,744.2
2024-09-24 03:45:00,687.5999999999999
2024-09-24 04:00:00,762.5999999999999
2024-09-24 04:15:00,742.8000000000001
2024-09-24 04:30:00,767.8000000000001
2024-09-24 04:45:00,730.2
2024-09-24 05:00:00,766.6
2024-09-24 05:15:00,750.4
2024-09-24 05:30:00,709.6
2024-09-24 05:45:00,790.0
2024-09-24 06:00:00,684.0279
2024-09-24 06:15:00,649.4279
2024-09-24 06:30:00,985.8279
2024-09-24 06:45:00,961.2278999999999
2024-09-24 07:00:00,560.985
2024-09-24 07:15:00,430.785
2024-09-24 07:30:00,370.985
2024-09-24 07:45:00,422.58500000000004
2024-09-24 08:00:00,150.7586
2024-09-24 08:15:00,282.3586
2024-09-24 08:30:00,492.1586
2024-09-24 08:45:00,465.3586
2024-09-24 09:00:00,243.69449999999998
2024-09-24 09:15:00,289.0945
2024-09-24 09:30:00,452.2945
2024-09-24 09:45:00,674.4944999999999
2024-09-24 10:00:00,406.16599999999994
2024-09-24 10:15:00,391.566
2024-09-24 10:30:00,449.366
2024-09-24 10:45:00,554.566
2024-09-24 11:00:00,377.10340000000014
2024-09-24 11:15:00,348.3034000000002
2024-09-24 11:30:00,319.50340000000017
2024-09-24 11:45:00,356.90340000000015
2024-09-24 12:00:00,336.3075
2024-09-24 12:15:00,362.3075
2024-09-24 12:30:00,326.3075
2024-09-24 12:45:00,325.3075000000001
2024-09-24 13:00:00,351.0688
2024-09-24 13:15:00,286.8688000000001
2024-09-24 13:30:00,352.2688
2024-09-24 13:45:00,498.0688
2024-09-24 14:00:00,741.1929
2024-09-24 14:15:00,857.1929
2024-09-24 14:30:00,927.1929
2024-09-24 14:45:00,1030.5929
2024-09-24 15:00:00,1234.976
2024-09-24 15:15:00,1235.576
2024-09-24 15:30:00,1307.376
2024-09-24 15:45:00,1323.576
2024-09-24 16:00:00,1587.2785
2024-09-24 16:15:00,1589.8784999999998
2024-09-24 16:30:00,1423.6785
2024-09-24 16:45:00,1589.6785
2024-09-24 17:00:00,1819.7531
2024-09-24 17:15:00,1719.1531
2024-09-24 17:30:00,1645.1531000000002
2024-09-24 17:45:00,1554.3531
2024-09-24 18:00:00,1523.6
2024-09-24 18:15:00,1419.4
2024-09-24 18:30:00,1367.0
2024-09-24 18:45:00,1323.8
2024-09-24 19:00:00,1322.4
2024-09-24 19:15:00,1259.0
2024-09-24 19:30:00,1226.6
2024-09-24 19:45:00,1253.8000000000002
2024-09-24 20:00:00,1223.2
2024-09-24 20:15:00,1219.6
2024-09-24 20:30:00,1138.6000000000001
2024-09-24 20:45:00,1068.2
2024-09-24 21:00:00,1043.8
2024-09-24 21:15:00,1010.1999999999999
2024-09-24 21:30:00,987.4000000000001
2024-09-24 21:45:00,952.4000000000001
2024-09-24 22:00:00,918.5999999999999
2024-09-24 22:15:00,889.8
2024-09-24 22:30:00,884.2
2024-09-24 22:45:00,825.2
2024-09-24 23:00:00,804.1999999999999
2024-09-24 23:15:00,1416.2
2024-09-24 23:30:00,1200.4
2024-09-24 23:45:00,937.4000000000001
2024-09-25 00:00:00,891.6
2024-09-25 00:15:00,919.0
2024-09-25 00:30:00,774.4
2024-09-25 00:45:00,688.8
2024-09-25 01:00:00,628.0
2024-09-25 01:15:00,766.5999999999999
2024-09-25 01:30:00,839.0
2024-09-25 01:45:00,735.2
2024-09-25 02:00:00,674.4
2024-09-25 02:15:00,649.8
2024-09-25 02:30:00,602.2
2024-09-25 02:45:00,552.8
2024-09-25 03:00:00,564.4
2024-09-25 03:15:00,565.8000000000001
2024-09-25 03:30:00,626.6
2024-09-25 03:45:00,638.4
2024-09-25 04:00:00,584.5999999999999
2024-09-25 04:15:00,621.2
2024-09-25 04:30:00,627.4
2024-09-25 04:45:00,582.4
2024-09-25 05:00:00,647.6
2024-09-25 05:15:00,798.8000000000001
2024-09-25 05:30:00,865.6
2024-09-25 05:45:00,743.2
2024-09-25 06:00:00,907.7933
2024-09-25 06:15:00,868.7933
2024-09-25 06:30:00,834.5933
2024-09-25 06:45:00,812.5933
2024-09-25 07:00:00,445.65990000000005
2024-09-25 07:15:00,388.2599
2024-09-25 07:30:00,397.6599
2024-09-25 07:45:00,514.0599
2024-09-25 08:00:00,205.66949999999997
2024-09-25 08:15:00,234.8695
2024-09-25 08:30:00,432.8695000000001
2024-09-25 08:45:00,602.6695
2024-09-25 09:00:00,386.8384
2024-09-25 09:15:00,508.83840000000004
2024-09-25 09:30:00,678.6384
2024-09-25 09:45:00,752.8384000000001
2024-09-25 10:00:00,705.3473999999999
2024-09-25 10:15:00,578.7474
2024-09-25 10:30:00,586.9473999999998
2024-09-25 10:45:00,607.1473999999998
2024-09-25 11:00:00,531.0971
2024-09-25 11:15:00,485.69709999999986
2024-09-25 11:30:00,431.6970999999999
2024-09-25 11:45:00,460.69709999999986
2024-09-25 12:00:00,501.69030000000004
2024-09-25 12:15:00,533.4903
2024-09-25 12:30:00,553.2902999999999
2024-09-25 12:45:00,454.4903
2024-09-25 13:00:00,324.82699999999994
2024-09-25 13:15:00,317.82699999999994
2024-09-25 13:30:00,349.027
2024-09-25 13:45:00,387.227
2024-09-25 14:00:00,647.6197999999999
2024-09-25 14:15:00,783.8198
2024-09-25 14:30:00,871.8197999999999
2024-09-25 14:45:00,993.2198000000001
2024-09-25 15:00:00,1129.8182
2024-09-25 15:15:00,1136.8182
2024-09-25 15:30:00,1284.0182
2024-09-25 15:45:00,1128.6182
2024-09-25 16:00:00,1628.3095
2024-09-25 16:15:00,1742.9095000000002
2024-09-25 16:30:00,1779.9095
2024-09-25 16:45:00,1865.5095000000001
2024-09-25 17:00:00,2057.0572
2024-09-25 17:15:00,2017.6572
2024-09-25 17:30:00,1784.8572000000004
2024-09-25 17:45:00,1693.0572000000002
2024-09-25 18:00:00,1651.8000000000002
2024-09-25 18:15:00,1576.2
2024-09-25 18:30:00,1543.1999999999998
2024-09-25 18:45:00,1417.0
2024-09-25 19:00:00,1369.4
2024-09-25 19:15:00,1382.8000000000002
2024-09-25 19:30:00,1294.8
2024-09-25 19:45:00,1228.2
2024-09-25 20:00:00,1235.6
2024-09-25 20:15:00,1198.0
2024-09-25 20:30:00,1167.6
2024-09-25 20:45:00,1169.2
2024-09-25 21:00:00,1077.8000000000002
2024-09-25 21:15:00,1059.0
2024-09-25 21:30:00,1024.6
2024-09-25 21:45:00,998.4
2024-09-25 22:00:00,983.8000000000001
2024-09-25 22:15:00,951.5999999999999
2024-09-25 22:30:00,924.9999999999999
2024-09-25 22:45:00,893.5999999999999
2024-09-25 23:00:00,881.8000000000001
2024-09-25 23:15:00,1193.6000000000001
2024-09-25 23:30:00,1138.0
2024-09-25 23:45:00,1000.0
2024-09-26 00:00:00,1066.4
2024-09-26 00:15:00,937.8
2024-09-26 00:30:00,973.4
2024-09-26 00:45:00,870.4
2024-09-26 01:00:00,833.6
2024-09-26 01:15:00,761.8
2024-09-26 01:30:00,788.3999999999999
2024-09-26 01:45:00,797.6
2024-09-26 02:00:00,883.6000000000001
2024-09-26 02:15:00,836.5999999999999
2024-09-26 02:30:00,702.0
2024-09-26 02:45:00,626.4
2024-09-26 03:00:00,595.6
2024-09-26 03:15:00,587.4
2024-09-26 03:30:00,654.8
2024-09-26 03:45:00,676.0
2024-09-26 04:00:00,727.0
2024-09-26 04:15:00,773.5999999999999
2024-09-26 04:30:00,726.4
2024-09-26 04:45:00,649.0
2024-09-26 05:00:00,657.0
2024-09-26 05:15:00,797.6
2024-09-26 05:30:00,947.8000000000001
2024-09-26 05:45:00,918.8
2024-09-26 06:00:00,829.8042
2024-09-26 06:15:00,771.6042
2024-09-26 06:30:00,876.2042
2024-09-26 06:45:00,874.6042
2024-09-26 07:00:00,566.5987
2024-09-26 07:15:00,535.3987
2024-09-26 07:30:00,506.9987000000001
2024-09-26 07:45:00,533.7987
2024-09-26 08:00:00,261.6761
2024-09-26 08:15:00,359.6761
2024-09-26 08:30:00,474.4761
2024-09-26 08:45:00,836.6761
2024-09-26 09:00:00,695.0230000000001
2024-09-26 09:15:00,759.2230000000002
2024-09-26 09:30:00,928.6230000000002
2024-09-26 09:45:00,961.8230000000001
2024-09-26 10:00:00,830.6283
2024-09-26 10:15:00,819.8282999999999
2024-09-26 10:30:00,833.2283
2024-09-26 10:45:00,833.2283
2024-09-26 11:00:00,604.7715
2024-09-26 11:15:00,704.9715000000001
2024-09-26 11:30:00,884.3715
2024-09-26 11:45:00,792.1714999999999
2024-09-26 12:00:00,713.1723999999999
2024-09-26 12:15:00,689.1724
2024-09-26 12:30:00,653.7724000000001
2024-09-26 12:45:00,661.7724000000001
2024-09-26 13:00:00,744.0129999999998
2024-09-26 13:15:00,780.8129999999999
2024-09-26 13:30:00,899.6129999999998
2024-09-26 13:45:00,802.4129999999997
2024-09-26 14:00:00,975.1441
2024-09-26 14:15:00,1134.5440999999998
2024-09-26 14:30:00,1149.7441
2024-09-26 14:45:00,1369.5440999999998
2024-09-26 15:00:00,1516.083
2024-09-26 15:15:00,1515.283
2024-09-26 15:30:00,1470.683
2024-09-26 15:45:00,1624.483
2024-09-26 16:00:00,2069.5607
2024-09-26 16:15:00,1836.9607
2024-09-26 16:30:00,1829.5607
2024-09-26 16:45:00,2010.9607
2024-09-26 17:00:00,2172.4644000000003
2024-09-26 17:15:00,2060.2644
2024-09-26 17:30:00,1862.6644000000001
2024-09-26 17:45:00,1739.8644
2024-09-26 18:00:00,1724.6
2024-09-26 18:15:00,1602.0
2024-09-26 18:30:00,1553.0
2024-09-26 18:45:00,1469.0
2024-09-26 19:00:00,1426.2
2024-09-26 19:15:00,1396.6000000000001
2024-09-26 19:30:00,1388.1999999999998
2024-09-26 19:45:00,1333.6
2024-09-26 20:00:00,1311.8
2024-09-26 20:15:00,1322.4
2024-09-26 20:30:00,1257.8
2024-09-26 20:45:00,1211.2
2024-09-26 21:00:00,1165.2
2024-09-26 21:15:00,1136.6
2024-09-26 21:30:00,1150.6
2024-09-26 21:45:00,1101.8000000000002
2024-09-26 22:00:00,1049.6000000000001
2024-09-26 22:15:00,995.8
2024-09-26 22:30:00,924.4000000000001
2024-09-26 22:45:00,912.8000000000001
2024-09-26 23:00:00,937.4
2024-09-26 23:15:00,1468.2
2024-09-26 23:30:00,1281.8
2024-09-26 23:45:00,1184.8
2024-09-27 00:00:00,1057.4
2024-09-27 00:15:00,867.0
2024-09-27 00:30:00,747.0
2024-09-27 00:45:00,699.8
2024-09-27 01:00:00,738.0
2024-09-27 01:15:00,609.5999999999999
2024-09-27 01:30:00,793.6
2024-09-27 01:45:00,701.8
2024-09-27 02:00:00,833.1999999999999
2024-09-27 02:15:00,898.4
2024-09-27 02:30:00,822.0
2024-09-27 02:45:00,840.2
2024-09-27 03:00:00,685.6
2024-09-27 03:15:00,659.0
2024-09-27 03:30:00,723.0
2024-09-27 03:45:00,665.0
2024-09-27 04:00:00,638.2
2024-09-27 04:15:00,606.6
2024-09-27 04:30:00,607.2
2024-09-27 04:45:00,598.1999999999999
2024-09-27 05:00:00,684.6
2024-09-27 05:15:00,854.4
2024-09-27 05:30:00,972.4000000000001
2024-09-27 05:45:00,793.4
2024-09-27 06:00:00,946.9548
2024-09-27 06:15:00,896.1547999999999
2024-09-27 06:30:00,826.1548000000001
2024-09-27 06:45:00,850.7547999999999
2024-09-27 07:00:00,703.7504
2024-09-27 07:15:00,661.9504
2024-09-27 07:30:00,671.9504
2024-09-27 07:45:00,828.3503999999999
2024-09-27 08:00:00,632.9096000000001
2024-09-27 08:15:00,674.7096
2024-09-27 08:30:00,862.5096
2024-09-27 08:45:00,1009.9096000000001
2024-09-27 09:00:00,1057.8458999999998
2024-09-27 09:15:00,1322.2459
2024-09-27 09:30:00,1493.8459
2024-09-27 09:45:00,1479.6459
2024-09-27 10:00:00,1533.7897
2024-09-27 10:15:00,1630.9897
2024-09-27 10:30:00,1633.5897
2024-09-27 10:45:00,1709.9897
2024-09-27 11:00:00,1421.6157
2024-09-27 11:15:00,1487.4157
2024-09-27 11:30:00,1563.6157
2024-09-27 11:45:00,1618.2157000000002
2024-09-27 12:00:00,1382.9474
2024-09-27 12:15:00,1384.9473999999998
2024-09-27 12:30:00,1313.9474
2024-09-27 12:45:00,1202.7474
2024-09-27 13:00:00,1137.7914
2024-09-27 13:15:00,1114.1914000000002
2024-09-27 13:30:00,1135.5914000000002
2024-09-27 13:45:00,1302.7914
2024-09-27 14:00:00,1554.5885
2024-09-27 14:15:00,1640.9885
2024-09-27 14:30:00,1774.1885000000002
2024-09-27 14:45:00,1850.5884999999998
2024-09-27 15:00:00,1992.2395000000001
2024-09-27 15:15:00,1964.2395000000001
2024-09-27 15:30:00,1873.4395
2024-09-27 15:45:00,2026.4395
2024-09-27 16:00:00,2211.9861
2024-09-27 16:15:00,2436.7861
2024-09-27 16:30:00,2248.7861000000003
2024-09-27 16:45:00,2203.7861
2024-09-27 17:00:00,2297.0348000000004
2024-09-27 17:15:00,2214.8348
2024-09-27 17:30:00,2043.2348
2024-09-27 17:45:00,1863.8347999999999
2024-09-27 18:00:00,1834.8000000000002
2024-09-27 18:15:00,1609.7999999999997
2024-09-27 18:30:00,1639.3999999999999
2024-09-27 18:45:00,1604.2
2024-09-27 19:00:00,1481.8000000000002
2024-09-27 19:15:00,1418.0
2024-09-27 19:30:00,1454.0
2024-09-27 19:45:00,1296.2
2024-09-27 20:00:00,1278.8
2024-09-27 20:15:00,1330.0
2024-09-27 20:30:00,1255.8
2024-09-27 20:45:00,1199.4
2024-09-27 21:00:00,1161.6
2024-09-27 21:15:00,1160.8
2024-09-27 21:30:00,1117.6
2024-09-27 21:45:00,1132.0
2024-09-27 22:00:00,1074.0
2024-09-27 22:15:00,1048.6000000000001
2024-09-27 22:30:00,955.2
2024-09-27 22:45:00,924.8
2024-09-27 23:00:00,875.2
2024-09-27 23:15:00,1225.6
2024-09-27 23:30:00,1136.2
2024-09-27 23:45:00,1047.8
2024-09-28 00:00:00,988.3999999999999
2024-09-28 00:15:00,903.2
2024-09-28 00:30:00,831.6
2024-09-28 00:45:00,651.8
2024-09-28 01:00:00,791.8000000000001
2024-09-28 01:15:00,765.2
2024-09-28 01:30:00,775.6
2024-09-28 01:45:00,755.4
2024-09-28 02:00:00,730.2
2024-09-28 02:15:00,689.4000000000001
2024-09-28 02:30:00,822.4
2024-09-28 02:45:00,844.2
2024-09-28 03:00:00,826.8
2024-09-28 03:15:00,759.0
2024-09-28 03:30:00,754.0
2024-09-28 03:45:00,626.2
2024-09-28 04:00:00,767.1999999999999
2024-09-28 04:15:00,672.8
2024-09-28 04:30:00,678.3999999999999
2024-09-28 04:45:00,710.8
2024-09-28 05:00:00,715.0
2024-09-28 05:15:00,892.8
2024-09-28 05:30:00,999.4
2024-09-28 05:45:00,876.8
2024-09-28 06:00:00,811.9298
2024-09-28 06:15:00,942.7298000000001
2024-09-28 06:30:00,860.1297999999999
2024-09-28 06:45:00,812.7298000000001
2024-09-28 07:00:00,653.5831000000001
2024-09-28 07:15:00,573.3831
2024-09-28 07:30:00,581.7831
2024-09-28 07:45:00,634.1831
2024-09-28 08:00:00,673.1772000000001
2024-09-28 08:15:00,695.7772000000001
2024-09-28 08:30:00,732.5772
2024-09-28 08:45:00,796.7772
2024-09-28 09:00:00,787.0880000000001
2024-09-28 09:15:00,1074.888
2024-09-28 09:30:00,1319.488
2024-09-28 09:45:00,1255.288
2024-09-28 10:00:00,1193.7677999999999
2024-09-28 10:15:00,1223.3678
2024-09-28 10:30:00,1303.5678
2024-09-28 10:45:00,1262.9678
2024-09-28 11:00:00,1179.5451
2024-09-28 11:15:00,1291.3451
2024-09-28 11:30:00,1245.1451
2024-09-28 11:45:00,1177.9451
2024-09-28 12:00:00,1191.8404
2024-09-28 12:15:00,1112.0404
2024-09-28 12:30:00,1113.6404
2024-09-28 12:45:00,1071.4404
2024-09-28 13:00:00,1085.836
2024-09-28 13:15:00,1116.4360000000001
2024-09-28 13:30:00,1129.036
2024-09-28 13:45:00,1161.8359999999998
2024-09-28 14:00:00,1236.2259999999999
2024-09-28 14:15:00,1578.826
2024-09-28 14:30:00,1641.6260000000002
2024-09-28 14:45:00,1587.0259999999998
2024-09-28 15:00:00,1483.9035999999999
2024-09-28 15:15:00,1640.1036
2024-09-28 15:30:00,1552.1036
2024-09-28 15:45:00,1531.5036
2024-09-28 16:00:00,1710.2145
2024-09-28 16:15:00,1700.4145
2024-09-28 16:30:00,1525.4145
2024-09-28 16:45:00,1563.8145
2024-09-28 17:00:00,1591.6426
2024-09-28 17:15:00,1537.4425999999999
2024-09-28 17:30:00,1492.4425999999999
2024-09-28 17:45:00,1481.4425999999999
2024-09-28 18:00:00,1386.0
2024-09-28 18:15:00,1318.8
2024-09-28 18:30:00,1307.8000000000002
2024-09-28 18:45:00,1303.0
2024-09-28 19:00:00,1244.0
2024-09-28 19:15:00,1231.4
2024-09-28 19:30:00,1201.8
2024-09-28 19:45:00,1161.6
2024-09-28 20:00:00,1128.3999999999999
2024-09-28 20:15:00,1144.6
2024-09-28 20:30:00,1103.4
2024-09-28 20:45:00,1210.4
2024-09-28 21:00:00,1129.6
2024-09-28 21:15:00,1089.8
2024-09-28 21:30:00,1072.0
2024-09-28 21:45:00,1064.4
2024-09-28 22:00:00,1013.4
2024-09-28 22:15:00,972.5999999999999
2024-09-28 22:30:00,933.4
2024-09-28 22:45:00,915.9999999999999
2024-09-28 23:00:00,951.6
2024-09-28 23:15:00,1199.2
2024-09-28 23:30:00,1086.0
2024-09-28 23:45:00,932.2
2024-09-29 00:00:00,710.6000000000001
2024-09-29 00:15:00,694.4
2024-09-29 00:30:00,826.0
2024-09-29 00:45:00,868.0
2024-09-29 01:00:00,821.4
2024-09-29 01:15:00,1173.8
2024-09-29 01:30:00,1013.2
2024-09-29 01:45:00,858.6000000000001
2024-09-29 02:00:00,728.4
2024-09-29 02:15:00,718.4
2024-09-29 02:30:00,776.6
2024-09-29 02:45:00,825.0
2024-09-29 03:00:00,800.6
2024-09-29 03:15:00,708.8
2024-09-29 03:30:00,630.4
2024-09-29 03:45:00,687.0000000000001
2024-09-29 04:00:00,637.4
2024-09-29 04:15:00,650.2
2024-09-29 04:30:00,666.0
2024-09-29 04:45:00,700.8000000000001
2024-09-29 05:00:00,760.2
2024-09-29 05:15:00,855.5999999999999
2024-09-29 05:30:00,1160.8000000000002
2024-09-29 05:45:00,1084.0
2024-09-29 06:00:00,955.2271999999999
2024-09-29 06:15:00,934.2271999999999
2024-09-29 06:30:00,892.8272
2024-09-29 06:45:00,782.8272
2024-09-29 07:00:00,740.4760000000001
2024-09-29 07:15:00,755.276
2024-09-29 07:30:00,792.0760000000001
2024-09-29 07:45:00,915.6759999999999
2024-09-29 08:00:00,999.5711000000001
2024-09-29 08:15:00,1311.3711
2024-09-29 08:30:00,1560.7711
2024-09-29 08:45:00,2070.5711
2024-09-29 09:00:00,2447.9619999999995
2024-09-29 09:15:00,2433.7619999999997
2024-09-29 09:30:00,2593.162
2024-09-29 09:45:00,2515.1620000000003
2024-09-29 10:00:00,2659.9695
2024-09-29 10:15:00,2864.3695
2024-09-29 10:30:00,2895.7695000000003
2024-09-29 10:45:00,2777.9695
2024-09-29 11:00:00,2797.5153
2024-09-29 11:15:00,2720.1153
2024-09-29 11:30:00,2761.1153
2024-09-29 11:45:00,2805.3153
2024-09-29 12:00:00,2693.9587
2024-09-29 12:15:00,2636.3586999999998
2024-09-29 12:30:00,2620.5587
2024-09-29 12:45:00,2539.5587
2024-09-29 13:00:00,2528.6554
2024-09-29 13:15:00,2470.4554
2024-09-29 13:30:00,2501.2554
2024-09-29 13:45:00,2596.8554
2024-09-29 14:00:00,2572.3049
2024-09-29 14:15:00,2899.9049
2024-09-29 14:30:00,2802.7049
2024-09-29 14:45:00,3012.7049
2024-09-29 15:00:00,3218.3383
2024-09-29 15:15:00,3132.9383000000003
2024-09-29 15:30:00,3180.3383
2024-09-29 15:45:00,3020.3383000000003
2024-09-29 16:00:00,2976.6359
2024-09-29 16:15:00,2971.6359
2024-09-29 16:30:00,2789.0359
2024-09-29 16:45:00,2854.8359
2024-09-29 17:00:00,2936.0945
2024-09-29 17:15:00,2808.0945
2024-09-29 17:30:00,2694.8945
2024-09-29 17:45:00,2566.8945000000003
2024-09-29 18:00:00,2437.8
2024-09-29 18:15:00,2088.0
2024-09-29 18:30:00,1991.8000000000002
2024-09-29 18:45:00,1840.4
2024-09-29 19:00:00,1756.8000000000002
2024-09-29 19:15:00,1692.1999999999998
2024-09-29 19:30:00,1705.0
2024-09-29 19:45:00,1678.4
2024-09-29 20:00:00,1557.0
2024-09-29 20:15:00,1403.6000000000001
2024-09-29 20:30:00,1381.2
2024-09-29 20:45:00,1363.6
2024-09-29 21:00:00,1261.2
2024-09-29 21:15:00,1248.0
2024-09-29 21:30:00,1211.0
2024-09-29 21:45:00,1176.4
2024-09-29 22:00:00,1078.6
2024-09-29 22:15:00,1010.0
2024-09-29 22:30:00,917.4000000000001
2024-09-29 22:45:00,903.8
2024-09-29 23:00:00,846.8
2024-09-29 23:15:00,1480.6000000000001
2024-09-29 23:30:00,1383.6000000000001
2024-09-29 23:45:00,1181.4
2024-09-30 00:00:00,1046.4
2024-09-30 00:15:00,909.3999999999999
2024-09-30 00:30:00,887.0
2024-09-30 00:45:00,894.1999999999999
2024-09-30 01:00:00,846.2
2024-09-30 01:15:00,823.4
2024-09-30 01:30:00,894.5999999999999
2024-09-30 01:45:00,801.4000000000001
2024-09-30 02:00:00,837.0
2024-09-30 02:15:00,810.8000000000001
2024-09-30 02:30:00,741.5999999999999
2024-09-30 02:45:00,910.0
2024-09-30 03:00:00,954.5999999999999
2024-09-30 03:15:00,957.0
2024-09-30 03:30:00,1043.1999999999998
2024-09-30 03:45:00,833.4000000000001
2024-09-30 04:00:00,887.8
2024-09-30 04:15:00,876.0000000000001
2024-09-30 04:30:00,831.4
2024-09-30 04:45:00,738.2
2024-09-30 05:00:00,755.4
2024-09-30 05:15:00,946.8
2024-09-30 05:30:00,1170.0
2024-09-30 05:45:00,1071.6
2024-09-30 06:00:00,954.2638
2024-09-30 06:15:00,995.6638
2024-09-30 06:30:00,933.0638
2024-09-30 06:45:00,930.6638
2024-09-30 07:00:00,829.787
2024-09-30 07:15:00,811.187
2024-09-30 07:30:00,752.587
2024-09-30 07:45:00,756.1870000000001
2024-09-30 08:00:00,647.6295
2024-09-30 08:15:00,908.8295
2024-09-30 08:30:00,1298.6295
2024-09-30 08:45:00,1521.2295
2024-09-30 09:00:00,1693.643
2024-09-30 09:15:00,1865.643
2024-09-30 09:30:00,1968.0430000000001
2024-09-30 09:45:00,2066.643
2024-09-30 10:00:00,1977.6203999999998
2024-09-30 10:15:00,2083.2204
2024-09-30 10:30:00,2036.0204000000003
2024-09-30 10:45:00,1965.4204
2024-09-30 11:00:00,1657.9764
2024-09-30 11:15:00,1695.1764000000003
2024-09-30 11:30:00,1695.1764
2024-09-30 11:45:00,1700.7764000000002
2024-09-30 12:00:00,1562.3832
2024-09-30 12:15:00,1545.3832
2024-09-30 12:30:00,1658.3832
2024-09-30 12:45:00,1455.1832
2024-09-30 13:00:00,2009.7042999999999
2024-09-30 13:15:00,1985.7042999999999
2024-09-30 13:30:00,1948.7042999999999
2024-09-30 13:45:00,1932.7042999999999
2024-09-30 14:00:00,1544.1287
2024-09-30 14:15:00,1854.9287
2024-09-30 14:30:00,1924.9287
2024-09-30 14:45:00,1878.7287000000001
2024-09-30 15:00:00,2079.3324000000002
2024-09-30 15:15:00,1964.9324
2024-09-30 15:30:00,1996.3324000000002
2024-09-30 15:45:00,1951.1324000000004
2024-09-30 16:00:00,2435.4926
2024-09-30 16:15:00,2276.4926
2024-09-30 16:30:00,2227.8926
2024-09-30 16:45:00,2329.8926
2024-09-30 17:00:00,2405.924
2024-09-30 17:15:00,2193.724
2024-09-30 17:30:00,1899.724
2024-09-30 17:45:00,1759.324
2024-09-30 18:00:00,1551.0
2024-09-30 18:15:00,1366.8000000000002
2024-09-30 18:30:00,1355.2
2024-09-30 18:45:00,1273.2
2024-09-30 19:00:00,1137.8
2024-09-30 19:15:00,1077.2
2024-09-30 19:30:00,1018.2
2024-09-30 19:45:00,1023.2
2024-09-30 20:00:00,998.6
2024-09-30 20:15:00,959.2
2024-09-30 20:30:00,893.0000000000001
2024-09-30 20:45:00,817.2
2024-09-30 21:00:00,778.2
2024-09-30 21:15:00,790.4
2024-09-30 21:30:00,780.1999999999999
2024-09-30 21:45:00,757.6
2024-09-30 22:00:00,715.0
2024-09-30 22:15:00,709.2
2024-09-30 22:30:00,675.6
2024-09-30 22:45:00,645.4
2024-09-30 23:00:00,619.2
2024-09-30 23:15:00,1110.6
2024-09-30 23:30:00,1007.5999999999999
2024-09-30 23:45:00,775.6
2024-10-01 00:00:00,743.6
2024-10-01 00:15:00,693.2
2024-10-01 00:30:00,852.1999999999999
2024-10-01 00:45:00,765.0
2024-10-01 01:00:00,873.2
2024-10-01 01:15:00,746.4
2024-10-01 01:30:00,700.1999999999999
2024-10-01 01:45:00,778.8000000000001
2024-10-01 02:00:00,716.0
2024-10-01 02:15:00,726.2
2024-10-01 02:30:00,725.0
2024-10-01 02:45:00,598.4
2024-10-01 03:00:00,737.5999999999999
2024-10-01 03:15:00,655.2
2024-10-01 03:30:00,635.0
2024-10-01 03:45:00,585.8000000000001
2024-10-01 04:00:00,555.1999999999999
2024-10-01 04:15:00,642.4
2024-10-01 04:30:00,692.0
2024-10-01 04:45:00,685.8000000000001
2024-10-01 05:00:00,589.2
2024-10-01 05:15:00,597.4
2024-10-01 05:30:00,761.0
2024-10-01 05:45:00,901.1999999999999
2024-10-01 06:00:00,756.1086
2024-10-01 06:15:00,764.5085999999999
2024-10-01 06:30:00,656.3086000000001
2024-10-01 06:45:00,609.5086000000001
2024-10-01 07:00:00,395.12059999999997
2024-10-01 07:15:00,341.52060000000006
2024-10-01 07:30:00,341.7206
2024-10-01 07:45:00,370.52060000000006
2024-10-01 08:00:00,108.19230000000002
2024-10-01 08:15:00,126.39230000000003
2024-10-01 08:30:00,98.79230000000001
2024-10-01 08:45:00,181.99230000000003
2024-10-01 09:00:00,-117.51580000000003
2024-10-01 09:15:00,-178.91580000000002
2024-10-01 09:30:00,-87.11580000000002
2024-10-01 09:45:00,-7.315800000000024
2024-10-01 10:00:00,-242.62259999999998
2024-10-01 10:15:00,-320.82259999999997
2024-10-01 10:30:00,-314.82259999999997
2024-10-01 10:45:00,-201.82260000000005
2024-10-01 11:00:00,-287.35339999999997
2024-10-01 11:15:00,-375.7534
2024-10-01 11:30:00,-346.7534
2024-10-01 11:45:00,-385.5534
2024-10-01 12:00:00,-458.2758
2024-10-01 12:15:00,-461.8758
2024-10-01 12:30:00,-427.0758
2024-10-01 12:45:00,-446.8758
2024-10-01 13:00:00,-514.8754999999999
2024-10-01 13:15:00,-454.8754999999999
2024-10-01 13:30:00,-468.8755
2024-10-01 13:45:00,-449.2754999999999
2024-10-01 14:00:00,-397.1726
2024-10-01 14:15:00,-316.5726
2024-10-01 14:30:00,-371.1726
2024-10-01 14:45:00,-401.37260000000003
2024-10-01 15:00:00,-192.63670000000002
2024-10-01 15:15:00,-90.23669999999997
2024-10-01 15:30:00,-83.83670000000005
2024-10-01 15:45:00,51.5633
2024-10-01 16:00:00,512.2735
2024-10-01 16:15:00,430.0734999999999
2024-10-01 16:30:00,381.27349999999996
2024-10-01 16:45:00,532.2735
2024-10-01 17:00:00,746.3621
2024-10-01 17:15:00,561.7620999999999
2024-10-01 17:30:00,517.3620999999999
2024-10-01 17:45:00,484.7621
2024-10-01 18:00:00,620.8
2024-10-01 18:15:00,605.0
2024-10-01 18:30:00,641.2
2024-10-01 18:45:00,615.0
2024-10-01 19:00:00,643.2
2024-10-01 19:15:00,599.0
2024-10-01 19:30:00,622.0
2024-10-01 19:45:00,612.1999999999999
2024-10-01 20:00:00,598.8
2024-10-01 20:15:00,582.8
2024-10-01 20:30:00,606.2
2024-10-01 20:45:00,668.6
2024-10-01 21:00:00,619.2
2024-10-01 21:15:00,600.6
2024-10-01 21:30:00,555.6
2024-10-01 21:45:00,600.2
2024-10-01 22:00:00,635.1999999999999
2024-10-01 22:15:00,559.6
2024-10-01 22:30:00,518.6
2024-10-01 22:45:00,502.6
2024-10-01 23:00:00,473.8
2024-10-01 23:15:00,882.1999999999999
2024-10-01 23:30:00,734.4
2024-10-01 23:45:00,678.1999999999999
2024-10-02 00:00:00,645.1999999999999
2024-10-02 00:15:00,554.1999999999999
2024-10-02 00:30:00,583.0
2024-10-02 00:45:00,518.4
2024-10-02 01:00:00,638.8000000000001
2024-10-02 01:15:00,598.2
2024-10-02 01:30:00,604.6
2024-10-02 01:45:00,554.4000000000001
2024-10-02 02:00:00,561.2
2024-10-02 02:15:00,576.1999999999999
2024-10-02 02:30:00,655.0
2024-10-02 02:45:00,610.8
2024-10-02 03:00:00,526.0
2024-10-02 03:15:00,573.4
2024-10-02 03:30:00,763.0
2024-10-02 03:45:00,730.3999999999999
2024-10-02 04:00:00,608.8
2024-10-02 04:15:00,598.4000000000001
2024-10-02 04:30:00,511.0
2024-10-02 04:45:00,488.0
2024-10-02 05:00:00,512.4
2024-10-02 05:15:00,573.8000000000001
2024-10-02 05:30:00,934.0000000000001
2024-10-02 05:45:00,1001.4000000000001
2024-10-02 06:00:00,722.8
2024-10-02 06:15:00,651.3999999999999
2024-10-02 06:30:00,503.20000000000005
2024-10-02 06:45:00,478.2
2024-10-02 07:00:00,490.4547
2024-10-02 07:15:00,480.6547
2024-10-02 07:30:00,419.4547
2024-10-02 07:45:00,453.25469999999996
2024-10-02 08:00:00,367.86460000000005
2024-10-02 08:15:00,415.6646
2024-10-02 08:30:00,411.46459999999996
2024-10-02 08:45:00,424.26460000000003
2024-10-02 09:00:00,445.37940000000003
2024-10-02 09:15:00,372.5794
2024-10-02 09:30:00,340.37940000000003
2024-10-02 09:45:00,367.7794
2024-10-02 10:00:00,311.2222
2024-10-02 10:15:00,307.42220000000003
2024-10-02 10:30:00,369.4222
2024-10-02 10:45:00,356.4222
2024-10-02 11:00:00,326.704
2024-10-02 11:15:00,288.304
2024-10-02 11:30:00,267.304
2024-10-02 11:45:00,253.70399999999998
2024-10-02 12:00:00,263.72929999999997
2024-10-02 12:15:00,263.1293
2024-10-02 12:30:00,254.7293
2024-10-02 12:45:00,257.3293
2024-10-02 13:00:00,294.42869999999994
2024-10-02 13:15:00,301.42869999999994
2024-10-02 13:30:00,292.6287
2024-10-02 13:45:00,357.6287
2024-10-02 14:00:00,429.4909
2024-10-02 14:15:00,435.49089999999995
2024-10-02 14:30:00,469.69089999999994
2024-10-02 14:45:00,495.4908999999999
2024-10-02 15:00:00,630.1242
2024-10-02 15:15:00,677.9241999999999
2024-10-02 15:30:00,651.1242
2024-10-02 15:45:00,618.3242
2024-10-02 16:00:00,597.5036
2024-10-02 16:15:00,611.5036
2024-10-02 16:30:00,674.3036
2024-10-02 16:45:00,791.5036
2024-10-02 17:00:00,779.5583
2024-10-02 17:15:00,623.1583
2024-10-02 17:30:00,566.5583
2024-10-02 17:45:00,589.7583000000001
2024-10-02 18:00:00,573.4
2024-10-02 18:15:00,583.4
2024-10-02 18:30:00,574.8
2024-10-02 18:45:00,582.0
2024-10-02 19:00:00,621.6
2024-10-02 19:15:00,583.2
2024-10-02 19:30:00,600.2
2024-10-02 19:45:00,636.8
2024-10-02 20:00:00,644.2
2024-10-02 20:15:00,562.4
2024-10-02 20:30:00,568.0
2024-10-02 20:45:00,572.1999999999999
2024-10-02 21:00:00,589.6
2024-10-02 21:15:00,579.8
2024-10-02 21:30:00,591.8
2024-10-02 21:45:00,575.6
2024-10-02 22:00:00,567.6
2024-10-02 22:15:00,551.0
2024-10-02 22:30:00,550.0
2024-10-02 22:45:00,521.4
2024-10-02 23:00:00,599.4
2024-10-02 23:15:00,972.8000000000001
2024-10-02 23:30:00,1026.8
2024-10-02 23:45:00,842.0
2024-10-03 00:00:00,857.6
2024-10-03 00:15:00,789.4000000000001
2024-10-03 00:30:00,637.6
2024-10-03 00:45:00,570.8000000000001
2024-10-03 01:00:00,542.6
2024-10-03 01:15:00,602.4
2024-10-03 01:30:00,531.0
2024-10-03 01:45:00,745.0
2024-10-03 02:00:00,815.4
2024-10-03 02:15:00,583.2
2024-10-03 02:30:00,485.0
2024-10-03 02:45:00,439.0
2024-10-03 03:00:00,513.2
2024-10-03 03:15:00,501.2
2024-10-03 03:30:00,496.8
2024-10-03 03:45:00,463.4
2024-10-03 04:00:00,451.8
2024-10-03 04:15:00,450.2
2024-10-03 04:30:00,489.8
2024-10-03 04:45:00,587.2
2024-10-03 05:00:00,569.4
2024-10-03 05:15:00,593.6
2024-10-03 05:30:00,707.4
2024-10-03 05:45:00,757.0
2024-10-03 06:00:00,731.3063999999999
2024-10-03 06:15:00,674.3064
2024-10-03 06:30:00,559.7064
2024-10-03 06:45:00,609.1064
2024-10-03 07:00:00,289.2346
2024-10-03 07:15:00,334.4346
2024-10-03 07:30:00,252.83460000000002
2024-10-03 07:45:00,288.2346
2024-10-03 08:00:00,-23.743900000000025
2024-10-03 08:15:00,-63.54390000000001
2024-10-03 08:30:00,-11.943900000000014
2024-10-03 08:45:00,-28.943900000000014
2024-10-03 09:00:00,-422.4529
2024-10-03 09:15:00,-390.4529
2024-10-03 09:30:00,-338.8529
2024-10-03 09:45:00,-299.25289999999995
2024-10-03 10:00:00,-572.1536000000001
2024-10-03 10:15:00,-546.9536
2024-10-03 10:30:00,-597.5536000000001
2024-10-03 10:45:00,-616.1536
2024-10-03 11:00:00,-812.5564
2024-10-03 11:15:00,-810.9564
2024-10-03 11:30:00,-814.3564000000001
2024-10-03 11:45:00,-830.5564000000002
2024-10-03 12:00:00,-907.6801
2024-10-03 12:15:00,-907.0800999999999
2024-10-03 12:30:00,-924.0801
2024-10-03 12:45:00,-759.0801
2024-10-03 13:00:00,-763.3246999999999
2024-10-03 13:15:00,-775.7247
2024-10-03 13:30:00,-716.5246999999999
2024-10-03 13:45:00,-760.3247
2024-10-03 14:00:00,-506.01030000000003
2024-10-03 14:15:00,-440.4103
2024-10-03 14:30:00,-487.61030000000005
2024-10-03 14:45:00,-506.61030000000005
2024-10-03 15:00:00,-174.85230000000013
2024-10-03 15:15:00,-81.65230000000012
2024-10-03 15:30:00,-88.85230000000013
2024-10-03 15:45:00,-113.8523000000001
2024-10-03 16:00:00,172.0836
2024-10-03 16:15:00,231.08360000000005
2024-10-03 16:30:00,422.08360000000005
2024-10-03 16:45:00,368.6836
2024-10-03 17:00:00,597.2475000000001
2024-10-03 17:15:00,478.0475
2024-10-03 17:30:00,512.8475000000001
2024-10-03 17:45:00,478.64750000000004
2024-10-03 18:00:00,620.8000000000001
2024-10-03 18:15:00,552.4
2024-10-03 18:30:00,612.8
2024-10-03 18:45:00,591.6
2024-10-03 19:00:00,581.6
2024-10-03 19:15:00,632.4
2024-10-03 19:30:00,579.5999999999999
2024-10-03 19:45:00,566.4
2024-10-03 20:00:00,587.6
2024-10-03 20:15:00,572.1999999999999
2024-10-03 20:30:00,567.4000000000001
2024-10-03 20:45:00,572.8
2024-10-03 21:00:00,546.6
2024-10-03 21:15:00,547.6
2024-10-03 21:30:00,552.0
2024-10-03 21:45:00,541.1999999999999
2024-10-03 22:00:00,530.8000000000001
2024-10-03 22:15:00,529.2
2024-10-03 22:30:00,500.0
2024-10-03 22:45:00,486.2
2024-10-03 23:00:00,467.6
2024-10-03 23:15:00,632.8
2024-10-03 23:30:00,824.0
2024-10-03 23:45:00,733.8
2024-10-04 00:00:00,641.0
2024-10-04 00:15:00,590.6
2024-10-04 00:30:00,523.2
2024-10-04 00:45:00,611.6
2024-10-04 01:00:00,638.6
2024-10-04 01:15:00,536.8
2024-10-04 01:30:00,571.6
2024-10-04 01:45:00,503.59999999999997
2024-10-04 02:00:00,475.6
2024-10-04 02:15:00,488.79999999999995
2024-10-04 02:30:00,489.0
2024-10-04 02:45:00,441.4
2024-10-04 03:00:00,449.0
2024-10-04 03:15:00,514.6
2024-10-04 03:30:00,505.59999999999997
2024-10-04 03:45:00,475.2
2024-10-04 04:00:00,437.79999999999995
2024-10-04 04:15:00,632.8
2024-10-04 04:30:00,608.8
2024-10-04 04:45:00,537.2
2024-10-04 05:00:00,588.8
2024-10-04 05:15:00,564.4
2024-10-04 05:30:00,773.1999999999999
2024-10-04 05:45:00,732.2
2024-10-04 06:00:00,640.8000000000001
2024-10-04 06:15:00,740.6
2024-10-04 06:30:00,657.4
2024-10-04 06:45:00,572.4
2024-10-04 07:00:00,313.1873
2024-10-04 07:15:00,275.38730000000004
2024-10-04 07:30:00,263.1873
2024-10-04 07:45:00,234.5873
2024-10-04 08:00:00,-33.780100000000004
2024-10-04 08:15:00,-96.18009999999998
2024-10-04 08:30:00,-85.5801
2024-10-04 08:45:00,-63.580100000000016
2024-10-04 09:00:00,-419.7505
2024-10-04 09:15:00,-417.95050000000003
2024-10-04 09:30:00,-383.3505
2024-10-04 09:45:00,-267.7505
2024-10-04 10:00:00,-585.54
2024-10-04 10:15:00,-483.94000000000005
2024-10-04 10:30:00,-493.53999999999996
2024-10-04 10:45:00,-566.94
2024-10-04 11:00:00,-646.3316
2024-10-04 11:15:00,-624.7316000000001
2024-10-04 11:30:00,-643.3316
2024-10-04 11:45:00,-640.3316
2024-10-04 12:00:00,-691.9713
2024-10-04 12:15:00,-662.3713
2024-10-04 12:30:00,-683.3713
2024-10-04 12:45:00,-696.5713000000001
2024-10-04 13:00:00,-568.3051
2024-10-04 13:15:00,-510.30510000000004
2024-10-04 13:30:00,-531.5051000000001
2024-10-04 13:45:00,-548.9051000000001
2024-10-04 14:00:00,-327.49299999999994
2024-10-04 14:15:00,-158.89299999999992
2024-10-04 14:30:00,-197.893
2024-10-04 14:45:00,-221.493
2024-10-04 15:00:00,185.09420000000003
2024-10-04 15:15:00,207.69420000000005
2024-10-04 15:30:00,202.2942
2024-10-04 15:45:00,307.4942
2024-10-04 16:00:00,573.4059
2024-10-04 16:15:00,539.0059
2024-10-04 16:30:00,470.8059
2024-10-04 16:45:00,505.80589999999995
2024-10-04 17:00:00,651.9743
2024-10-04 17:15:00,601.1743
2024-10-04 17:30:00,520.1743
2024-10-04 17:45:00,598.1743
2024-10-04 18:00:00,687.2
2024-10-04 18:15:00,626.0
2024-10-04 18:30:00,643.4
2024-10-04 18:45:00,618.2
2024-10-04 19:00:00,656.3999999999999
2024-10-04 19:15:00,623.8
2024-10-04 19:30:00,627.6
2024-10-04 19:45:00,615.0
2024-10-04 20:00:00,692.8000000000001
2024-10-04 20:15:00,718.8
2024-10-04 20:30:00,605.0
2024-10-04 20:45:00,605.6
2024-10-04 21:00:00,587.8
2024-10-04 21:15:00,603.8
2024-10-04 21:30:00,598.0
2024-10-04 21:45:00,601.2
2024-10-04 22:00:00,614.0
2024-10-04 22:15:00,546.2
2024-10-04 22:30:00,568.8
2024-10-04 22:45:00,525.0
2024-10-04 23:00:00,496.20000000000005
2024-10-04 23:15:00,501.40000000000003
2024-10-04 23:30:00,653.9999999999999
2024-10-04 23:45:00,848.2
2024-10-05 00:00:00,984.6
2024-10-05 00:15:00,782.0
2024-10-05 00:30:00,707.8
2024-10-05 00:45:00,555.1999999999999
2024-10-05 01:00:00,599.8000000000001
2024-10-05 01:15:00,559.2
2024-10-05 01:30:00,621.6
2024-10-05 01:45:00,601.6
2024-10-05 02:00:00,738.8
2024-10-05 02:15:00,674.8
2024-10-05 02:30:00,553.2
2024-10-05 02:45:00,487.4
2024-10-05 03:00:00,512.6
2024-10-05 03:15:00,606.4
2024-10-05 03:30:00,668.8
2024-10-05 03:45:00,591.0
2024-10-05 04:00:00,681.8
2024-10-05 04:15:00,548.2
2024-10-05 04:30:00,530.1999999999999
2024-10-05 04:45:00,571.8
2024-10-05 05:00:00,589.8000000000001
2024-10-05 05:15:00,757.6
2024-10-05 05:30:00,701.0
2024-10-05 05:45:00,574.6
2024-10-05 06:00:00,550.2
2024-10-05 06:15:00,703.2
2024-10-05 06:30:00,632.0
2024-10-05 06:45:00,539.8
2024-10-05 07:00:00,151.04180000000002
2024-10-05 07:15:00,137.8418
2024-10-05 07:30:00,170.64180000000002
2024-10-05 07:45:00,156.8418
2024-10-05 08:00:00,-259.24649999999997
2024-10-05 08:15:00,-193.84649999999996
2024-10-05 08:30:00,-164.24649999999997
2024-10-05 08:45:00,-140.24649999999997
2024-10-05 09:00:00,-570.8033
2024-10-05 09:15:00,-516.2033
2024-10-05 09:30:00,-471.80330000000004
2024-10-05 09:45:00,-525.6033
2024-10-05 10:00:00,-786.6444
2024-10-05 10:15:00,-678.2443999999999
2024-10-05 10:30:00,-646.0444
2024-10-05 10:45:00,-735.4444
2024-10-05 11:00:00,-891.9398
2024-10-05 11:15:00,-882.3398
2024-10-05 11:30:00,-884.1398
2024-10-05 11:45:00,-918.1398000000002
2024-10-05 12:00:00,-909.1356999999999
2024-10-05 12:15:00,-921.9357
2024-10-05 12:30:00,-856.1357
2024-10-05 12:45:00,-839.3357000000001
2024-10-05 13:00:00,-768.0051
2024-10-05 13:15:00,-775.0050999999999
2024-10-05 13:30:00,-756.2051
2024-10-05 13:45:00,-781.0051000000001
2024-10-05 14:00:00,-531.5130999999999
2024-10-05 14:15:00,-293.5130999999999
2024-10-05 14:30:00,-302.5131
2024-10-05 14:45:00,-351.71309999999994
2024-10-05 15:00:00,-82.19659999999998
2024-10-05 15:15:00,200.20340000000004
2024-10-05 15:30:00,44.203399999999945
2024-10-05 15:45:00,-23.79659999999997
2024-10-05 16:00:00,339.4258
2024-10-05 16:15:00,315.8258000000001
2024-10-05 16:30:00,294.6258
2024-10-05 16:45:00,287.4258
2024-10-05 17:00:00,688.1015
2024-10-05 17:15:00,675.9015
2024-10-05 17:30:00,719.1015
2024-10-05 17:45:00,581.3014999999999
2024-10-05 18:00:00,674.8000000000001
2024-10-05 18:15:00,677.0
2024-10-05 18:30:00,731.0
2024-10-05 18:45:00,666.0
2024-10-05 19:00:00,701.0
2024-10-05 19:15:00,680.4
2024-10-05 19:30:00,689.0
2024-10-05 19:45:00,665.0
2024-10-05 20:00:00,674.0
2024-10-05 20:15:00,651.8
2024-10-05 20:30:00,658.8000000000001
2024-10-05 20:45:00,628.2
2024-10-05 21:00:00,683.0
2024-10-05 21:15:00,613.8
2024-10-05 21:30:00,705.5999999999999
2024-10-05 21:45:00,658.2
2024-10-05 22:00:00,670.5999999999999
2024-10-05 22:15:00,598.0
2024-10-05 22:30:00,606.6
2024-10-05 22:45:00,546.6
2024-10-05 23:00:00,515.4
2024-10-05 23:15:00,691.2
2024-10-05 23:30:00,648.2
2024-10-05 23:45:00,638.8000000000001
2024-10-06 00:00:00,617.1999999999999
2024-10-06 00:15:00,558.0
2024-10-06 00:30:00,705.1999999999999
2024-10-06 00:45:00,636.0
2024-10-06 01:00:00,676.1999999999999
2024-10-06 01:15:00,603.4
2024-10-06 01:30:00,570.2
2024-10-06 01:45:00,446.40000000000003
2024-10-06 02:00:00,602.6
2024-10-06 02:15:00,716.2
2024-10-06 02:30:00,707.1999999999999
2024-10-06 02:45:00,647.0
2024-10-06 03:00:00,715.4000000000001
2024-10-06 03:15:00,767.4000000000001
2024-10-06 03:30:00,679.6
2024-10-06 03:45:00,549.4
2024-10-06 04:00:00,563.2
2024-10-06 04:15:00,703.1999999999999
2024-10-06 04:30:00,691.8
2024-10-06 04:45:00,580.0
2024-10-06 05:00:00,534.4
2024-10-06 05:15:00,468.4
2024-10-06 05:30:00,628.4000000000001
2024-10-06 05:45:00,837.4
2024-10-06 06:00:00,834.0
2024-10-06 06:15:00,799.8000000000001
2024-10-06 06:30:00,652.2
2024-10-06 06:45:00,578.6
2024-10-06 07:00:00,203.3208
2024-10-06 07:15:00,201.12079999999997
2024-10-06 07:30:00,204.7208
2024-10-06 07:45:00,208.92079999999999
2024-10-06 08:00:00,-159.6014
2024-10-06 08:15:00,-56.80139999999999
2024-10-06 08:30:00,2.5985999999999905
2024-10-06 08:45:00,-39.6014
2024-10-06 09:00:00,-95.03959999999998
2024-10-06 09:15:00,-86.43959999999996
2024-10-06 09:30:00,-119.03959999999998
2024-10-06 09:45:00,-89.23959999999997
2024-10-06 10:00:00,117.20419999999999
2024-10-06 10:15:00,173.20419999999996
2024-10-06 10:30:00,220.40419999999995
2024-10-06 10:45:00,204.8042
2024-10-06 11:00:00,-288.1037000000001
2024-10-06 11:15:00,-161.3037000000002
2024-10-06 11:30:00,-180.90370000000013
2024-10-06 11:45:00,-205.30370000000016
2024-10-06 12:00:00,-494.1479000000001
2024-10-06 12:15:00,-543.7479000000001
2024-10-06 12:30:00,-530.5479
2024-10-06 12:45:00,-519.7479000000001
2024-10-06 13:00:00,-76.082
2024-10-06 13:15:00,-178.28200000000004
2024-10-06 13:30:00,-95.28199999999995
2024-10-06 13:45:00,-144.882
2024-10-06 14:00:00,279.9325
2024-10-06 14:15:00,329.5325
2024-10-06 14:30:00,349.3325000000001
2024-10-06 14:45:00,308.3325
2024-10-06 15:00:00,553.0806
2024-10-06 15:15:00,526.2806
2024-10-06 15:30:00,476.0806000000001
2024-10-06 15:45:00,465.6806
2024-10-06 16:00:00,536.9403
2024-10-06 16:15:00,575.3403
2024-10-06 16:30:00,572.7402999999999
2024-10-06 16:45:00,478.74030000000005
2024-10-06 17:00:00,904.3372
2024-10-06 17:15:00,941.5372000000001
2024-10-06 17:30:00,827.7372
2024-10-06 17:45:00,751.9372
2024-10-06 18:00:00,728.0
2024-10-06 18:15:00,729.5999999999999
2024-10-06 18:30:00,755.5999999999999
2024-10-06 18:45:00,743.4000000000001
2024-10-06 19:00:00,724.1999999999999
2024-10-06 19:15:00,697.6
2024-10-06 19:30:00,723.5999999999999
2024-10-06 19:45:00,718.2
2024-10-06 20:00:00,681.4
2024-10-06 20:15:00,698.2
2024-10-06 20:30:00,667.0
2024-10-06 20:45:00,699.8
2024-10-06 21:00:00,647.2
2024-10-06 21:15:00,644.0
2024-10-06 21:30:00,632.0
2024-10-06 21:45:00,634.8
2024-10-06 22:00:00,634.8
2024-10-06 22:15:00,583.0
2024-10-06 22:30:00,567.0
2024-10-06 22:45:00,581.6
2024-10-06 23:00:00,577.4
2024-10-06 23:15:00,1031.3999999999999
2024-10-06 23:30:00,1044.3999999999999
2024-10-06 23:45:00,947.6
2024-10-07 00:00:00,814.8
2024-10-07 00:15:00,851.6
2024-10-07 00:30:00,753.2
2024-10-07 00:45:00,656.0
2024-10-07 01:00:00,662.1999999999999
2024-10-07 01:15:00,577.0
2024-10-07 01:30:00,528.0
2024-10-07 01:45:00,634.4
2024-10-07 02:00:00,616.2
2024-10-07 02:15:00,631.0
2024-10-07 02:30:00,635.6
2024-10-07 02:45:00,681.0
2024-10-07 03:00:00,555.0
2024-10-07 03:15:00,510.2
2024-10-07 03:30:00,537.0
2024-10-07 03:45:00,506.4
2024-10-07 04:00:00,510.4
2024-10-07 04:15:00,473.4
2024-10-07 04:30:00,514.8
2024-10-07 04:45:00,469.79999999999995
2024-10-07 05:00:00,772.8000000000001
2024-10-07 05:15:00,923.4
2024-10-07 05:30:00,856.3999999999999
2024-10-07 05:45:00,739.6
2024-10-07 06:00:00,604.6563
2024-10-07 06:15:00,695.6563
2024-10-07 06:30:00,673.2563
2024-10-07 06:45:00,636.6563
2024-10-07 07:00:00,328.0493
2024-10-07 07:15:00,190.2493
2024-10-07 07:30:00,193.84929999999997
2024-10-07 07:45:00,249.84929999999997
2024-10-07 08:00:00,-5.552500000000002
2024-10-07 08:15:00,-9.752500000000012
2024-10-07 08:30:00,-7.952499999999986
2024-10-07 08:45:00,-48.1525
2024-10-07 09:00:00,-373.8307000000001
2024-10-07 09:15:00,-256.23070000000007
2024-10-07 09:30:00,-249.63070000000005
2024-10-07 09:45:00,-346.83070000000004
2024-10-07 10:00:00,-398.6729
2024-10-07 10:15:00,-433.27290000000005
2024-10-07 10:30:00,-465.4729
2024-10-07 10:45:00,-465.07290000000006
2024-10-07 11:00:00,-212.0778
2024-10-07 11:15:00,-216.27779999999996
2024-10-07 11:30:00,-191.87779999999995
2024-10-07 11:45:00,-232.0778
2024-10-07 12:00:00,-156.0202
2024-10-07 12:15:00,-187.02020000000002
2024-10-07 12:30:00,-176.42020000000002
2024-10-07 12:45:00,-178.42020000000002
2024-10-07 13:00:00,-27.709399999999974
2024-10-07 13:15:00,19.690600000000018
2024-10-07 13:30:00,78.4906
2024-10-07 13:45:00,95.89059999999998
2024-10-07 14:00:00,-191.3791
2024-10-07 14:15:00,-40.5791
2024-10-07 14:30:00,-31.979099999999974
2024-10-07 14:45:00,-113.17909999999998
2024-10-07 15:00:00,135.45739999999998
2024-10-07 15:15:00,117.05740000000003
2024-10-07 15:30:00,69.4574
2024-10-07 15:45:00,103.65739999999997
2024-10-07 16:00:00,251.03570000000002
2024-10-07 16:15:00,240.2357
2024-10-07 16:30:00,253.0357
2024-10-07 16:45:00,324.8357
2024-10-07 17:00:00,688.2321000000001
2024-10-07 17:15:00,690.4320999999999
2024-10-07 17:30:00,686.4321
2024-10-07 17:45:00,669.0321
2024-10-07 18:00:00,731.9999999999999
2024-10-07 18:15:00,685.8
2024-10-07 18:30:00,642.0
2024-10-07 18:45:00,675.2
2024-10-07 19:00:00,634.8
2024-10-07 19:15:00,687.8
2024-10-07 19:30:00,649.0
2024-10-07 19:45:00,643.4
2024-10-07 20:00:00,657.2
2024-10-07 20:15:00,625.6
2024-10-07 20:30:00,661.4
2024-10-07 20:45:00,600.8
2024-10-07 21:00:00,661.0
2024-10-07 21:15:00,642.4
2024-10-07 21:30:00,624.4
2024-10-07 21:45:00,590.8000000000001
2024-10-07 22:00:00,664.4000000000001
2024-10-07 22:15:00,679.5999999999999
2024-10-07 22:30:00,644.8
2024-10-07 22:45:00,600.6
2024-10-07 23:00:00,826.4
2024-10-07 23:15:00,991.6
2024-10-07 23:30:00,1145.4
2024-10-07 23:45:00,974.4
2024-10-08 00:00:00,841.6
2024-10-08 00:15:00,746.4
2024-10-08 00:30:00,648.8
2024-10-08 00:45:00,761.4
2024-10-08 01:00:00,867.2
2024-10-08 01:15:00,822.0
2024-10-08 01:30:00,703.8000000000001
2024-10-08 01:45:00,886.2
2024-10-08 02:00:00,888.6
2024-10-08 02:15:00,851.6
2024-10-08 02:30:00,854.6
2024-10-08 02:45:00,836.0
2024-10-08 03:00:00,755.8
2024-10-08 03:15:00,742.6
2024-10-08 03:30:00,643.4
2024-10-08 03:45:00,603.2
2024-10-08 04:00:00,642.0
2024-10-08 04:15:00,712.5999999999999
2024-10-08 04:30:00,685.0
2024-10-08 04:45:00,769.4
2024-10-08 05:00:00,798.8
2024-10-08 05:15:00,737.4000000000001
2024-10-08 05:30:00,1008.8000000000001
2024-10-08 05:45:00,947.2
2024-10-08 06:00:00,858.8405
2024-10-08 06:15:00,815.6405
2024-10-08 06:30:00,666.4405
2024-10-08 06:45:00,610.8405
2024-10-08 07:00:00,563.0166999999999
2024-10-08 07:15:00,549.2167
2024-10-08 07:30:00,648.4167000000001
2024-10-08 07:45:00,652.8167000000001
2024-10-08 08:00:00,553.8541
2024-10-08 08:15:00,582.4540999999999
2024-10-08 08:30:00,702.0541
2024-10-08 08:45:00,782.6541
2024-10-08 09:00:00,710.0519
2024-10-08 09:15:00,803.2519000000001
2024-10-08 09:30:00,945.8519000000001
2024-10-08 09:45:00,1009.4519
2024-10-08 10:00:00,1005.2589
2024-10-08 10:15:00,1138.8589
2024-10-08 10:30:00,977.6589000000001
2024-10-08 10:45:00,922.4589000000001
2024-10-08 11:00:00,560.5261
2024-10-08 11:15:00,569.1261
2024-10-08 11:30:00,601.9261
2024-10-08 11:45:00,531.3261
2024-10-08 12:00:00,448.37620000000004
2024-10-08 12:15:00,418.7762
2024-10-08 12:30:00,331.7762
2024-10-08 12:45:00,338.5762000000001
2024-10-08 13:00:00,232.66349999999994
2024-10-08 13:15:00,237.46350000000004
2024-10-08 13:30:00,230.66349999999997
2024-10-08 13:45:00,306.46349999999995
2024-10-08 14:00:00,394.9919
2024-10-08 14:15:00,793.9919
2024-10-08 14:30:00,644.5919
2024-10-08 14:45:00,543.3919
2024-10-08 15:00:00,700.5069
2024-10-08 15:15:00,766.9069000000001
2024-10-08 15:30:00,885.5069
2024-10-08 15:45:00,832.5069
2024-10-08 16:00:00,1109.3231999999998
2024-10-08 16:15:00,1049.1232
2024-10-08 16:30:00,1155.9232000000002
2024-10-08 16:45:00,1170.7232
2024-10-08 17:00:00,1247.2205
2024-10-08 17:15:00,1207.2205000000001
2024-10-08 17:30:00,1135.0205
2024-10-08 17:45:00,1192.8205
2024-10-08 18:00:00,1168.1999999999998
2024-10-08 18:15:00,1121.4
2024-10-08 18:30:00,1102.4
2024-10-08 18:45:00,1031.8
2024-10-08 19:00:00,1013.6
2024-10-08 19:15:00,978.8
2024-10-08 19:30:00,969.8000000000001
2024-10-08 19:45:00,1013.4
2024-10-08 20:00:00,991.2
2024-10-08 20:15:00,939.4000000000001
2024-10-08 20:30:00,933.1999999999999
2024-10-08 20:45:00,922.5999999999999
2024-10-08 21:00:00,894.0000000000001
2024-10-08 21:15:00,873.0
2024-10-08 21:30:00,842.6
2024-10-08 21:45:00,825.0
2024-10-08 22:00:00,809.6
2024-10-08 22:15:00,818.2
2024-10-08 22:30:00,810.8
2024-10-08 22:45:00,781.8
2024-10-08 23:00:00,822.1999999999999
2024-10-08 23:15:00,1518.2000000000003
2024-10-08 23:30:00,1398.2
2024-10-08 23:45:00,1240.2
2024-10-09 00:00:00,892.2
2024-10-09 00:15:00,879.5999999999999
2024-10-09 00:30:00,717.1999999999999
2024-10-09 00:45:00,794.6000000000001
2024-10-09 01:00:00,701.4
2024-10-09 01:15:00,671.0
2024-10-09 01:30:00,755.3999999999999
2024-10-09 01:45:00,776.0
2024-10-09 02:00:00,967.4
2024-10-09 02:15:00,892.4
2024-10-09 02:30:00,797.8
2024-10-09 02:45:00,732.2
2024-10-09 03:00:00,619.0
2024-10-09 03:15:00,752.6
2024-10-09 03:30:00,702.8
2024-10-09 03:45:00,659.1999999999999
2024-10-09 04:00:00,636.4
2024-10-09 04:15:00,678.0
2024-10-09 04:30:00,755.8
2024-10-09 04:45:00,691.8
2024-10-09 05:00:00,718.4
2024-10-09 05:15:00,716.0
2024-10-09 05:30:00,987.0
2024-10-09 05:45:00,1064.8
2024-10-09 06:00:00,956.0
2024-10-09 06:15:00,877.4
2024-10-09 06:30:00,899.6000000000001
2024-10-09 06:45:00,829.8
2024-10-09 07:00:00,571.2189000000001
2024-10-09 07:15:00,584.4189
2024-10-09 07:30:00,582.6189
2024-10-09 07:45:00,565.8189
2024-10-09 08:00:00,279.06190000000004
2024-10-09 08:15:00,318.06190000000004
2024-10-09 08:30:00,461.86190000000005
2024-10-09 08:45:00,597.6619000000001
2024-10-09 09:00:00,469.418
2024-10-09 09:15:00,415.2180000000001
2024-10-09 09:30:00,399.418
2024-10-09 09:45:00,470.0180000000001
2024-10-09 10:00:00,901.2806
2024-10-09 10:15:00,916.0806
2024-10-09 10:30:00,896.0806000000001
2024-10-09 10:45:00,880.2806
2024-10-09 11:00:00,717.6
2024-10-09 11:15:00,661.0
2024-10-09 11:30:00,725.2
2024-10-09 11:45:00,759.6
2024-10-09 12:00:00,546.8124
2024-10-09 12:15:00,484.81239999999997
2024-10-09 12:30:00,494.0124
2024-10-09 12:45:00,428.41240000000005
2024-10-09 13:00:00,219.2787
2024-10-09 13:15:00,163.2787
2024-10-09 13:30:00,209.47869999999995
2024-10-09 13:45:00,258.27869999999996
2024-10-09 14:00:00,538.9445000000001
2024-10-09 14:15:00,715.5445
2024-10-09 14:30:00,667.5445
2024-10-09 14:45:00,759.1445
2024-10-09 15:00:00,1149.5402000000001
2024-10-09 15:15:00,1130.7402
2024-10-09 15:30:00,1154.3402
2024-10-09 15:45:00,1003.1402
2024-10-09 16:00:00,1322.2428
2024-10-09 16:15:00,1261.8428
2024-10-09 16:30:00,1189.0428000000002
2024-10-09 16:45:00,1230.8428
2024-10-09 17:00:00,1570.9665
2024-10-09 17:15:00,1526.7665
2024-10-09 17:30:00,1400.5665000000001
2024-10-09 17:45:00,1349.5665000000001
2024-10-09 18:00:00,1388.0000000000002
2024-10-09 18:15:00,1335.6
2024-10-09 18:30:00,1253.8
2024-10-09 18:45:00,1226.8
2024-10-09 19:00:00,1254.6
2024-10-09 19:15:00,1131.2
2024-10-09 19:30:00,1080.8
2024-10-09 19:45:00,1093.8
2024-10-09 20:00:00,1106.4
2024-10-09 20:15:00,1063.8000000000002
2024-10-09 20:30:00,1104.2
2024-10-09 20:45:00,1108.4
2024-10-09 21:00:00,1021.2
2024-10-09 21:15:00,1016.4
2024-10-09 21:30:00,955.2
2024-10-09 21:45:00,1010.4
2024-10-09 22:00:00,955.5999999999999
2024-10-09 22:15:00,992.0
2024-10-09 22:30:00,857.5999999999999
2024-10-09 22:45:00,862.2
2024-10-09 23:00:00,872.0
2024-10-09 23:15:00,1123.2
2024-10-09 23:30:00,1201.0
2024-10-09 23:45:00,935.8
2024-10-10 00:00:00,760.4
2024-10-10 00:15:00,743.6
2024-10-10 00:30:00,721.1999999999999
2024-10-10 00:45:00,862.6
2024-10-10 01:00:00,727.8
2024-10-10 01:15:00,663.2
2024-10-10 01:30:00,652.4000000000001
2024-10-10 01:45:00,732.5999999999999
2024-10-10 02:00:00,732.2
2024-10-10 02:15:00,801.8
2024-10-10 02:30:00,746.8
2024-10-10 02:45:00,700.1999999999999
2024-10-10 03:00:00,674.0
2024-10-10 03:15:00,728.0
2024-10-10 03:30:00,668.4000000000001
2024-10-10 03:45:00,676.0
2024-10-10 04:00:00,662.6
2024-10-10 04:15:00,748.0
2024-10-10 04:30:00,659.2
2024-10-10 04:45:00,702.5999999999999
2024-10-10 05:00:00,681.8
2024-10-10 05:15:00,555.8
2024-10-10 05:30:00,986.3999999999999
2024-10-10 05:45:00,1054.6
2024-10-10 06:00:00,930.6000000000001
2024-10-10 06:15:00,805.4000000000001
2024-10-10 06:30:00,838.5999999999999
2024-10-10 06:45:00,757.9999999999999
2024-10-10 07:00:00,638.6546000000001
2024-10-10 07:15:00,689.8546
2024-10-10 07:30:00,744.6546
2024-10-10 07:45:00,622.8546
2024-10-10 08:00:00,603.9114
2024-10-10 08:15:00,739.9114
2024-10-10 08:30:00,736.5114000000001
2024-10-10 08:45:00,866.9114
2024-10-10 09:00:00,950.4254000000001
2024-10-10 09:15:00,966.2254
2024-10-10 09:30:00,1108.6254000000001
2024-10-10 09:45:00,1078.0254
2024-10-10 10:00:00,1078.1088000000002
2024-10-10 10:15:00,1087.9088
2024-10-10 10:30:00,1168.5088
2024-10-10 10:45:00,1151.1088
2024-10-10 11:00:00,977.8018999999999
2024-10-10 11:15:00,946.2019
2024-10-10 11:30:00,1021.6018999999999
2024-10-10 11:45:00,977.6019000000001
2024-10-10 12:00:00,997.4843
2024-10-10 12:15:00,1013.2843000000001
2024-10-10 12:30:00,1052.6843
2024-10-10 12:45:00,983.6842999999999
2024-10-10 13:00:00,964.3802
2024-10-10 13:15:00,928.5802000000001
2024-10-10 13:30:00,909.5802000000001
2024-10-10 13:45:00,1026.3802
2024-10-10 14:00:00,1114.1898999999999
2024-10-10 14:15:00,1397.1898999999999
2024-10-10 14:30:00,1471.7899
2024-10-10 14:45:00,1365.7899
2024-10-10 15:00:00,1530.2288999999998
2024-10-10 15:15:00,1460.4288999999999
2024-10-10 15:30:00,1635.4288999999999
2024-10-10 15:45:00,1783.0288999999998
2024-10-10 16:00:00,1719.1738
2024-10-10 16:15:00,1663.1738
2024-10-10 16:30:00,1634.3738
2024-10-10 16:45:00,1640.5738
2024-10-10 17:00:00,1701.7975000000001
2024-10-10 17:15:00,1663.5974999999999
2024-10-10 17:30:00,1542.5974999999999
2024-10-10 17:45:00,1526.5974999999999
2024-10-10 18:00:00,1449.1999999999998
2024-10-10 18:15:00,1313.0
2024-10-10 18:30:00,1304.8
2024-10-10 18:45:00,1208.4
2024-10-10 19:00:00,1207.8
2024-10-10 19:15:00,1171.4
2024-10-10 19:30:00,1115.8
2024-10-10 19:45:00,1180.2
2024-10-10 20:00:00,1152.6
2024-10-10 20:15:00,1091.3999999999999
2024-10-10 20:30:00,1089.2
2024-10-10 20:45:00,1039.4
2024-10-10 21:00:00,984.4000000000001
2024-10-10 21:15:00,986.8
2024-10-10 21:30:00,987.6
2024-10-10 21:45:00,985.1999999999999
2024-10-10 22:00:00,919.0
2024-10-10 22:15:00,893.6
2024-10-10 22:30:00,872.0
2024-10-10 22:45:00,878.3999999999999
2024-10-10 23:00:00,802.9999999999999
2024-10-10 23:15:00,1296.2
2024-10-10 23:30:00,1221.6
2024-10-10 23:45:00,972.1999999999999
2024-10-11 00:00:00,762.0
2024-10-11 00:15:00,783.8000000000001
2024-10-11 00:30:00,736.4000000000001
2024-10-11 00:45:00,911.8
2024-10-11 01:00:00,944.4000000000001
2024-10-11 01:15:00,863.8000000000001
2024-10-11 01:30:00,689.6
2024-10-11 01:45:00,596.2
2024-10-11 02:00:00,648.1999999999999
2024-10-11 02:15:00,651.9999999999999
2024-10-11 02:30:00,644.2
2024-10-11 02:45:00,671.8000000000001
2024-10-11 03:00:00,646.4
2024-10-11 03:15:00,635.2
2024-10-11 03:30:00,699.8
2024-10-11 03:45:00,767.5999999999999
2024-10-11 04:00:00,749.0
2024-10-11 04:15:00,635.6
2024-10-11 04:30:00,675.0
2024-10-11 04:45:00,637.0
2024-10-11 05:00:00,664.8
2024-10-11 05:15:00,691.5999999999999
2024-10-11 05:30:00,806.8000000000001
2024-10-11 05:45:00,902.6
2024-10-11 06:00:00,917.8
2024-10-11 06:15:00,958.0
2024-10-11 06:30:00,976.4
2024-10-11 06:45:00,995.2
2024-10-11 07:00:00,894.4165000000002
2024-10-11 07:15:00,696.2165
2024-10-11 07:30:00,684.2165
2024-10-11 07:45:00,667.4165
2024-10-11 08:00:00,577.1225999999999
2024-10-11 08:15:00,669.3226
2024-10-11 08:30:00,772.7226
2024-10-11 08:45:00,880.1226000000001
2024-10-11 09:00:00,1037.1153
2024-10-11 09:15:00,1084.3153000000002
2024-10-11 09:30:00,1109.7153
2024-10-11 09:45:00,1169.1153
2024-10-11 10:00:00,1176.8487
2024-10-11 10:15:00,1168.8487
2024-10-11 10:30:00,1249.0487
2024-10-11 10:45:00,1218.4487
2024-10-11 11:00:00,1172.2157
2024-10-11 11:15:00,1132.8157
2024-10-11 11:30:00,1141.2157
2024-10-11 11:45:00,1175.6156999999998
2024-10-11 12:00:00,1097.2566000000002
2024-10-11 12:15:00,1115.4566
2024-10-11 12:30:00,1067.4566
2024-10-11 12:45:00,1016.0565999999999
2024-10-11 13:00:00,1061.7792
2024-10-11 13:15:00,1042.3791999999999
2024-10-11 13:30:00,1087.3792
2024-10-11 13:45:00,1114.1792
2024-10-11 14:00:00,1218.4738000000002
2024-10-11 14:15:00,1289.0738000000001
2024-10-11 14:30:00,1594.0738000000001
2024-10-11 14:45:00,1485.2738
2024-10-11 15:00:00,1466.2106
2024-10-11 15:15:00,1517.6106
2024-10-11 15:30:00,1486.8106
2024-10-11 15:45:00,1529.2105999999999
2024-10-11 16:00:00,1727.7881000000002
2024-10-11 16:15:00,1717.3881000000001
2024-10-11 16:30:00,1656.5881000000002
2024-10-11 16:45:00,1639.5881000000002
2024-10-11 17:00:00,1721.0464
2024-10-11 17:15:00,1520.8464
2024-10-11 17:30:00,1515.0463999999997
2024-10-11 17:45:00,1536.8464000000001
2024-10-11 18:00:00,1424.4
2024-10-11 18:15:00,1398.6
2024-10-11 18:30:00,1297.8
2024-10-11 18:45:00,1240.8000000000002
2024-10-11 19:00:00,1252.8
2024-10-11 19:15:00,1232.0
2024-10-11 19:30:00,1194.6
2024-10-11 19:45:00,1220.6
2024-10-11 20:00:00,1204.8
2024-10-11 20:15:00,1155.0
2024-10-11 20:30:00,1172.0
2024-10-11 20:45:00,1105.8
2024-10-11 21:00:00,1067.0
2024-10-11 21:15:00,995.8
2024-10-11 21:30:00,1010.0
2024-10-11 21:45:00,987.6
2024-10-11 22:00:00,947.4
2024-10-11 22:15:00,961.0
2024-10-11 22:30:00,891.0
2024-10-11 22:45:00,874.2
2024-10-11 23:00:00,959.8000000000001
2024-10-11 23:15:00,1429.2
2024-10-11 23:30:00,1377.4
2024-10-11 23:45:00,1152.2
2024-10-12 00:00:00,990.4
2024-10-12 00:15:00,938.2
2024-10-12 00:30:00,884.1999999999999
2024-10-12 00:45:00,856.8000000000001
2024-10-12 01:00:00,780.8
2024-10-12 01:15:00,675.0
2024-10-12 01:30:00,848.9999999999999
2024-10-12 01:45:00,805.8
2024-10-12 02:00:00,802.9999999999999
2024-10-12 02:15:00,727.2
2024-10-12 02:30:00,730.2
2024-10-12 02:45:00,824.8000000000001
2024-10-12 03:00:00,702.6
2024-10-12 03:15:00,612.4
2024-10-12 03:30:00,715.1999999999999
2024-10-12 03:45:00,691.2
2024-10-12 04:00:00,695.2
2024-10-12 04:15:00,722.5999999999999
2024-10-12 04:30:00,744.6
2024-10-12 04:45:00,766.6
2024-10-12 05:00:00,703.0
2024-10-12 05:15:00,706.4
2024-10-12 05:30:00,959.2
2024-10-12 05:45:00,1119.0
2024-10-12 06:00:00,989.2
2024-10-12 06:15:00,910.2
2024-10-12 06:30:00,823.8
2024-10-12 06:45:00,831.1999999999999
2024-10-12 07:00:00,713.9704999999999
2024-10-12 07:15:00,693.5705
2024-10-12 07:30:00,689.7705
2024-10-12 07:45:00,674.7705
2024-10-12 08:00:00,631.9549999999999
2024-10-12 08:15:00,789.5550000000001
2024-10-12 08:30:00,971.9549999999999
2024-10-12 08:45:00,1046.955
2024-10-12 09:00:00,903.097
2024-10-12 09:15:00,959.6970000000001
2024-10-12 09:30:00,1058.297
2024-10-12 09:45:00,1042.497
2024-10-12 10:00:00,1202.3176
2024-10-12 10:15:00,1303.7176
2024-10-12 10:30:00,1347.1176
2024-10-12 10:45:00,1239.5176000000001
2024-10-12 11:00:00,1163.6839
2024-10-12 11:15:00,1151.6839
2024-10-12 11:30:00,1162.8839
2024-10-12 11:45:00,1159.6839
2024-10-12 12:00:00,1162.5708
2024-10-12 12:15:00,1143.7708
2024-10-12 12:30:00,1137.1707999999999
2024-10-12 12:45:00,1112.7708
2024-10-12 13:00:00,1153.4769999999999
2024-10-12 13:15:00,1143.277
2024-10-12 13:30:00,1141.077
2024-10-12 13:45:00,1210.477
2024-10-12 14:00:00,1236.5877
2024-10-12 14:15:00,1413.3877
2024-10-12 14:30:00,1431.7877
2024-10-12 14:45:00,1474.5877
2024-10-12 15:00:00,1689.6025
2024-10-12 15:15:00,1594.0025
2024-10-12 15:30:00,1514.6025
2024-10-12 15:45:00,1473.0025000000003
2024-10-12 16:00:00,1643.1738
2024-10-12 16:15:00,1650.5738
2024-10-12 16:30:00,1669.7738
2024-10-12 16:45:00,1502.9738
2024-10-12 17:00:00,1579.9300000000003
2024-10-12 17:15:00,1690.33
2024-10-12 17:30:00,1579.33
2024-10-12 17:45:00,1595.93
2024-10-12 18:00:00,1459.0
2024-10-12 18:15:00,1320.4
2024-10-12 18:30:00,1341.8
2024-10-12 18:45:00,1286.0
2024-10-12 19:00:00,1287.8
2024-10-12 19:15:00,1206.8
2024-10-12 19:30:00,1187.6
2024-10-12 19:45:00,1177.6000000000001
2024-10-12 20:00:00,1219.4
2024-10-12 20:15:00,1179.6000000000001
2024-10-12 20:30:00,1159.3999999999999
2024-10-12 20:45:00,1131.0
2024-10-12 21:00:00,1030.0
2024-10-12 21:15:00,989.6
2024-10-12 21:30:00,987.5999999999999
2024-10-12 21:45:00,968.5999999999999
2024-10-12 22:00:00,918.1999999999999
2024-10-12 22:15:00,932.8000000000001
2024-10-12 22:30:00,903.9999999999999
2024-10-12 22:45:00,869.8
2024-10-12 23:00:00,824.6
2024-10-12 23:15:00,1146.0000000000002
2024-10-12 23:30:00,1159.6
2024-10-12 23:45:00,1165.0
2024-10-13 00:00:00,1024.1999999999998
2024-10-13 00:15:00,1143.0
2024-10-13 00:30:00,1003.8
2024-10-13 00:45:00,954.8
2024-10-13 01:00:00,810.2
2024-10-13 01:15:00,860.1999999999999
2024-10-13 01:30:00,855.4
2024-10-13 01:45:00,906.1999999999999
2024-10-13 02:00:00,799.8
2024-10-13 02:15:00,745.0
2024-10-13 02:30:00,756.1999999999999
2024-10-13 02:45:00,720.8000000000001
2024-10-13 03:00:00,658.0
2024-10-13 03:15:00,717.8000000000001
2024-10-13 03:30:00,679.8000000000001
2024-10-13 03:45:00,679.4
2024-10-13 04:00:00,680.0
2024-10-13 04:15:00,624.4
2024-10-13 04:30:00,716.0
2024-10-13 04:45:00,801.2
2024-10-13 05:00:00,762.6
2024-10-13 05:15:00,798.0
2024-10-13 05:30:00,730.1999999999999
2024-10-13 05:45:00,964.8000000000001
2024-10-13 06:00:00,932.6
2024-10-13 06:15:00,827.8
2024-10-13 06:30:00,823.8
2024-10-13 06:45:00,744.8
2024-10-13 07:00:00,567.7429
2024-10-13 07:15:00,528.1428999999999
2024-10-13 07:30:00,526.9429
2024-10-13 07:45:00,545.3429000000001
2024-10-13 08:00:00,418.5612
2024-10-13 08:15:00,486.1612
2024-10-13 08:30:00,497.1612
2024-10-13 08:45:00,499.96119999999996
2024-10-13 09:00:00,417.4086
2024-10-13 09:15:00,394.4086
2024-10-13 09:30:00,406.6086
2024-10-13 09:45:00,456.0086
2024-10-13 10:00:00,377.3079
2024-10-13 10:15:00,372.1079
2024-10-13 10:30:00,433.1079
2024-10-13 10:45:00,399.7079
2024-10-13 11:00:00,388.4196
2024-10-13 11:15:00,433.61960000000005
2024-10-13 11:30:00,513.0196
2024-10-13 11:45:00,512.8196
2024-10-13 12:00:00,345.12289999999996
2024-10-13 12:15:00,324.1228999999999
2024-10-13 12:30:00,262.12289999999996
2024-10-13 12:45:00,279.92289999999997
2024-10-13 13:00:00,243.53690000000003
2024-10-13 13:15:00,252.1369
2024-10-13 13:30:00,243.73690000000002
2024-10-13 13:45:00,252.93689999999995
2024-10-13 14:00:00,203.7728
2024-10-13 14:15:00,294.37279999999987
2024-10-13 14:30:00,400.57280000000003
2024-10-13 14:45:00,496.9728000000001
2024-10-13 15:00:00,727.6639
2024-10-13 15:15:00,770.4639
2024-10-13 15:30:00,663.0639
2024-10-13 15:45:00,608.2638999999999
2024-10-13 16:00:00,702.5595000000001
2024-10-13 16:15:00,886.5595000000001
2024-10-13 16:30:00,944.9594999999999
2024-10-13 16:45:00,849.9594999999999
2024-10-13 17:00:00,968.4409999999999
2024-10-13 17:15:00,917.241
2024-10-13 17:30:00,872.0409999999999
2024-10-13 17:45:00,935.641
2024-10-13 18:00:00,1045.0
2024-10-13 18:15:00,951.0
2024-10-13 18:30:00,911.8
2024-10-13 18:45:00,886.0
2024-10-13 19:00:00,985.9999999999999
2024-10-13 19:15:00,991.1999999999999
2024-10-13 19:30:00,931.0
2024-10-13 19:45:00,882.4
2024-10-13 20:00:00,855.8
2024-10-13 20:15:00,854.5999999999999
2024-10-13 20:30:00,841.5999999999999
2024-10-13 20:45:00,873.0
2024-10-13 21:00:00,816.9999999999999
2024-10-13 21:15:00,841.4
2024-10-13 21:30:00,795.9999999999999
2024-10-13 21:45:00,811.0000000000001
2024-10-13 22:00:00,777.6
2024-10-13 22:15:00,800.6
2024-10-13 22:30:00,749.1999999999999
2024-10-13 22:45:00,756.2
2024-10-13 23:00:00,797.0
2024-10-13 23:15:00,1138.6
2024-10-13 23:30:00,1074.2
2024-10-13 23:45:00,866.3999999999999
2024-10-14 00:00:00,925.8
2024-10-14 00:15:00,726.3999999999999
2024-10-14 00:30:00,762.2
2024-10-14 00:45:00,877.6
2024-10-14 01:00:00,816.2
2024-10-14 01:15:00,777.6
2024-10-14 01:30:00,652.0
2024-10-14 01:45:00,741.4
2024-10-14 02:00:00,714.0
2024-10-14 02:15:00,792.8
2024-10-14 02:30:00,768.1999999999999
2024-10-14 02:45:00,788.3999999999999
2024-10-14 03:00:00,718.8
2024-10-14 03:15:00,619.0
2024-10-14 03:30:00,601.0
2024-10-14 03:45:00,625.4
2024-10-14 04:00:00,688.6
2024-10-14 04:15:00,675.8
2024-10-14 04:30:00,669.0
2024-10-14 04:45:00,613.5999999999999
2024-10-14 05:00:00,680.6
2024-10-14 05:15:00,863.2
2024-10-14 05:30:00,1078.4
2024-10-14 05:45:00,1146.8000000000002
2024-10-14 06:00:00,1081.686
2024-10-14 06:15:00,1024.6860000000001
2024-10-14 06:30:00,934.4860000000001
2024-10-14 06:45:00,943.886
2024-10-14 07:00:00,669.604
2024-10-14 07:15:00,590.804
2024-10-14 07:30:00,533.2040000000001
2024-10-14 07:45:00,566.2040000000001
2024-10-14 08:00:00,332.1021
2024-10-14 08:15:00,412.3021
2024-10-14 08:30:00,417.7021000000001
2024-10-14 08:45:00,541.9021
2024-10-14 09:00:00,439.0034
2024-10-14 09:15:00,590.2034
2024-10-14 09:30:00,650.2034
2024-10-14 09:45:00,878.2034
2024-10-14 10:00:00,630.6419000000003
2024-10-14 10:15:00,585.8419
2024-10-14 10:30:00,389.4419000000001
2024-10-14 10:45:00,373.6419000000002
2024-10-14 11:00:00,260.4444
2024-10-14 11:15:00,223.64439999999996
2024-10-14 11:30:00,178.44440000000003
2024-10-14 11:45:00,159.4444
2024-10-14 12:00:00,73.34660000000008
2024-10-14 12:15:00,73.7466
2024-10-14 12:30:00,-25.45340000000003
2024-10-14 12:45:00,-23.253399999999985
2024-10-14 13:00:00,-74.53600000000003
2024-10-14 13:15:00,-63.73600000000003
2024-10-14 13:30:00,-36.536000000000016
2024-10-14 13:45:00,25.863999999999976
2024-10-14 14:00:00,322.5821000000001
2024-10-14 14:15:00,462.7821
2024-10-14 14:30:00,569.7821
2024-10-14 14:45:00,494.38210000000004
2024-10-14 15:00:00,710.7007000000001
2024-10-14 15:15:00,663.1007
2024-10-14 15:30:00,754.5007
2024-10-14 15:45:00,812.9006999999999
2024-10-14 16:00:00,988.9419
2024-10-14 16:15:00,1002.7419
2024-10-14 16:30:00,1043.1419
2024-10-14 16:45:00,1125.3419000000001
2024-10-14 17:00:00,1484.0435
2024-10-14 17:15:00,1466.4435
2024-10-14 17:30:00,1414.6435
2024-10-14 17:45:00,1277.2435
2024-10-14 18:00:00,1241.2
2024-10-14 18:15:00,1270.6
2024-10-14 18:30:00,1221.6
2024-10-14 18:45:00,1179.3999999999999
2024-10-14 19:00:00,1122.4
2024-10-14 19:15:00,1069.6
2024-10-14 19:30:00,1075.4
2024-10-14 19:45:00,1046.0
2024-10-14 20:00:00,1098.6
2024-10-14 20:15:00,1044.2
2024-10-14 20:30:00,1023.0
2024-10-14 20:45:00,1013.0
2024-10-14 21:00:00,972.4
2024-10-14 21:15:00,965.2
2024-10-14 21:30:00,928.6
2024-10-14 21:45:00,933.8
2024-10-14 22:00:00,914.2
2024-10-14 22:15:00,940.4000000000001
2024-10-14 22:30:00,828.8000000000001
2024-10-14 22:45:00,800.5999999999999
2024-10-14 23:00:00,1007.2
2024-10-14 23:15:00,1500.6000000000001
2024-10-14 23:30:00,1316.0
2024-10-14 23:45:00,1073.2
2024-10-15 00:00:00,1082.6000000000001
2024-10-15 00:15:00,982.4
2024-10-15 00:30:00,967.0000000000001
2024-10-15 00:45:00,839.4
2024-10-15 01:00:00,816.5999999999999
2024-10-15 01:15:00,843.8000000000001
2024-10-15 01:30:00,916.2
2024-10-15 01:45:00,765.8
2024-10-15 02:00:00,679.8000000000001
2024-10-15 02:15:00,602.0
2024-10-15 02:30:00,663.8
2024-10-15 02:45:00,652.2
2024-10-15 03:00:00,640.6
2024-10-15 03:15:00,657.4000000000001
2024-10-15 03:30:00,665.4
2024-10-15 03:45:00,804.8
2024-10-15 04:00:00,754.1999999999999
2024-10-15 04:15:00,730.1999999999999
2024-10-15 04:30:00,755.6
2024-10-15 04:45:00,663.0
2024-10-15 05:00:00,719.8
2024-10-15 05:15:00,758.4
2024-10-15 05:30:00,897.2
2024-10-15 05:45:00,893.5999999999999
2024-10-15 06:00:00,843.0
2024-10-15 06:15:00,708.4000000000001
2024-10-15 06:30:00,767.0
2024-10-15 06:45:00,806.8
2024-10-15 07:00:00,732.3221
2024-10-15 07:15:00,629.1221
2024-10-15 07:30:00,572.7221
2024-10-15 07:45:00,573.9221
2024-10-15 08:00:00,333.37430000000006
2024-10-15 08:15:00,474.77430000000004
2024-10-15 08:30:00,573.7743
2024-10-15 08:45:00,598.7743
2024-10-15 09:00:00,654.7121999999999
2024-10-15 09:15:00,744.3122
2024-10-15 09:30:00,655.7121999999999
2024-10-15 09:45:00,650.5122
2024-10-15 10:00:00,399.6123999999999
2024-10-15 10:15:00,579.6124
2024-10-15 10:30:00,643.8124
2024-10-15 10:45:00,558.4123999999999
2024-10-15 11:00:00,477.5937
2024-10-15 11:15:00,317.7937
2024-10-15 11:30:00,340.19370000000004
2024-10-15 11:45:00,327.5937
2024-10-15 12:00:00,369.0263
2024-10-15 12:15:00,281.4263
2024-10-15 12:30:00,289.4263
2024-10-15 12:45:00,217.8263
2024-10-15 13:00:00,265.0864
2024-10-15 13:15:00,292.28639999999996
2024-10-15 13:30:00,275.88640000000004
2024-10-15 13:45:00,316.08639999999997
2024-10-15 14:00:00,762.7656
2024-10-15 14:15:00,931.5656
2024-10-15 14:30:00,931.5656000000001
2024-10-15 14:45:00,1052.3656
2024-10-15 15:00:00,1322.181
2024-10-15 15:15:00,1286.3809999999999
2024-10-15 15:30:00,1316.381
2024-10-15 15:45:00,1270.7810000000002
2024-10-15 16:00:00,1302.1138999999998
2024-10-15 16:15:00,1388.9139
2024-10-15 16:30:00,1357.7138999999997
2024-10-15 16:45:00,1301.7139
2024-10-15 17:00:00,1534.5781
2024-10-15 17:15:00,1533.1781
2024-10-15 17:30:00,1377.9780999999998
2024-10-15 17:45:00,1350.9781000000003
2024-10-15 18:00:00,1282.2
2024-10-15 18:15:00,1200.2
2024-10-15 18:30:00,1165.0
2024-10-15 18:45:00,1144.0
2024-10-15 19:00:00,1109.4
2024-10-15 19:15:00,1079.0
2024-10-15 19:30:00,1086.8
2024-10-15 19:45:00,1091.2
2024-10-15 20:00:00,1066.8
2024-10-15 20:15:00,1028.6
2024-10-15 20:30:00,1041.4
2024-10-15 20:45:00,992.8000000000001
2024-10-15 21:00:00,973.8
2024-10-15 21:15:00,965.2
2024-10-15 21:30:00,949.2
2024-10-15 21:45:00,917.0
2024-10-15 22:00:00,867.0000000000001
2024-10-15 22:15:00,845.0
2024-10-15 22:30:00,816.8000000000001
2024-10-15 22:45:00,807.0
2024-10-15 23:00:00,812.4
2024-10-15 23:15:00,1188.6
2024-10-15 23:30:00,1396.3999999999999
2024-10-15 23:45:00,1228.6
2024-10-16 00:00:00,1126.6000000000001
2024-10-16 00:15:00,863.8000000000001
2024-10-16 00:30:00,743.4
2024-10-16 00:45:00,873.0
2024-10-16 01:00:00,823.5999999999999
2024-10-16 01:15:00,933.4
2024-10-16 01:30:00,847.1999999999999
2024-10-16 01:45:00,790.8000000000001
2024-10-16 02:00:00,719.4
2024-10-16 02:15:00,694.8
2024-10-16 02:30:00,654.6000000000001
2024-10-16 02:45:00,650.2
2024-10-16 03:00:00,664.0
2024-10-16 03:15:00,654.8000000000001
2024-10-16 03:30:00,677.8
2024-10-16 03:45:00,683.8
2024-10-16 04:00:00,667.2
2024-10-16 04:15:00,734.2
2024-10-16 04:30:00,728.6
2024-10-16 04:45:00,828.6
2024-10-16 05:00:00,720.5999999999999
2024-10-16 05:15:00,826.5999999999999
2024-10-16 05:30:00,1083.6
2024-10-16 05:45:00,1035.4
2024-10-16 06:00:00,948.0
2024-10-16 06:15:00,836.2
2024-10-16 06:30:00,737.0
2024-10-16 06:45:00,752.8
2024-10-16 07:00:00,660.3502000000001
2024-10-16 07:15:00,614.7502000000001
2024-10-16 07:30:00,596.1502
2024-10-16 07:45:00,647.9502
2024-10-16 08:00:00,488.07099999999997
2024-10-16 08:15:00,581.8710000000001
2024-10-16 08:30:00,647.471
2024-10-16 08:45:00,690.471
2024-10-16 09:00:00,708.6514000000001
2024-10-16 09:15:00,670.0514
2024-10-16 09:30:00,779.4513999999999
2024-10-16 09:45:00,760.8514
2024-10-16 10:00:00,758.5003000000002
2024-10-16 10:15:00,800.5002999999999
2024-10-16 10:30:00,835.9003
2024-10-16 10:45:00,890.3002999999999
2024-10-16 11:00:00,716.9443
2024-10-16 11:15:00,656.3443
2024-10-16 11:30:00,646.1443000000002
2024-10-16 11:45:00,682.3443000000001
2024-10-16 12:00:00,526.3162
2024-10-16 12:15:00,497.7162
2024-10-16 12:30:00,496.1162000000001
2024-10-16 12:45:00,444.5162
2024-10-16 13:00:00,439.77299999999997
2024-10-16 13:15:00,574.9730000000001
2024-10-16 13:30:00,432.97299999999996
2024-10-16 13:45:00,521.7730000000001
2024-10-16 14:00:00,626.5404
2024-10-16 14:15:00,825.3404
2024-10-16 14:30:00,812.7404000000001
2024-10-16 14:45:00,876.1403999999999
2024-10-16 15:00:00,975.0897
2024-10-16 15:15:00,1143.8897
2024-10-16 15:30:00,990.8897
2024-10-16 15:45:00,1039.6897000000001
2024-10-16 16:00:00,1199.6109000000001
2024-10-16 16:15:00,1170.4108999999999
2024-10-16 16:30:00,1281.6109000000001
2024-10-16 16:45:00,1382.8109
2024-10-16 17:00:00,1540.6461
2024-10-16 17:15:00,1537.2460999999998
2024-10-16 17:30:00,1509.6461
2024-10-16 17:45:00,1386.4461000000001
2024-10-16 18:00:00,1269.4
2024-10-16 18:15:00,1219.6
2024-10-16 18:30:00,1234.8000000000002
2024-10-16 18:45:00,1174.6000000000001
2024-10-16 19:00:00,1147.6000000000001
2024-10-16 19:15:00,1096.6
2024-10-16 19:30:00,1085.2
2024-10-16 19:45:00,1090.2
2024-10-16 20:00:00,1163.4
2024-10-16 20:15:00,1141.6
2024-10-16 20:30:00,1013.2
2024-10-16 20:45:00,980.2
2024-10-16 21:00:00,965.1999999999999
2024-10-16 21:15:00,934.8
2024-10-16 21:30:00,951.8
2024-10-16 21:45:00,941.0
2024-10-16 22:00:00,919.8000000000001
2024-10-16 22:15:00,904.2
2024-10-16 22:30:00,874.0
2024-10-16 22:45:00,867.1999999999999
2024-10-16 23:00:00,908.4
2024-10-16 23:15:00,1531.0
2024-10-16 23:30:00,1299.8000000000002
2024-10-16 23:45:00,1133.4
2024-10-17 00:00:00,1038.0
2024-10-17 00:15:00,991.4
2024-10-17 00:30:00,1179.8
2024-10-17 00:45:00,1067.6
2024-10-17 01:00:00,921.4000000000001
2024-10-17 01:15:00,885.1999999999999
2024-10-17 01:30:00,882.1999999999999
2024-10-17 01:45:00,789.6
2024-10-17 02:00:00,774.0
2024-10-17 02:15:00,839.0
2024-10-17 02:30:00,828.1999999999999
2024-10-17 02:45:00,788.0
2024-10-17 03:00:00,806.4
2024-10-17 03:15:00,804.4
2024-10-17 03:30:00,843.0
2024-10-17 03:45:00,751.2
2024-10-17 04:00:00,726.4
2024-10-17 04:15:00,693.3999999999999
2024-10-17 04:30:00,746.8
2024-10-17 04:45:00,826.0
2024-10-17 05:00:00,789.0
2024-10-17 05:15:00,748.2
2024-10-17 05:30:00,945.5999999999999
2024-10-17 05:45:00,940.0
2024-10-17 06:00:00,981.6000000000001
2024-10-17 06:15:00,1024.0
2024-10-17 06:30:00,898.8000000000001
2024-10-17 06:45:00,890.8
2024-10-17 07:00:00,728.817
2024-10-17 07:15:00,655.017
2024-10-17 07:30:00,683.417
2024-10-17 07:45:00,669.217
2024-10-17 08:00:00,742.9229999999999
2024-10-17 08:15:00,801.723
2024-10-17 08:30:00,781.9229999999999
2024-10-17 08:45:00,841.3230000000001
2024-10-17 09:00:00,786.016
2024-10-17 09:15:00,837.016
2024-10-17 09:30:00,984.2160000000001
2024-10-17 09:45:00,963.2159999999999
2024-10-17 10:00:00,1014.1164999999999
2024-10-17 10:15:00,1088.7165
2024-10-17 10:30:00,947.7165
2024-10-17 10:45:00,868.5165
2024-10-17 11:00:00,677.7993999999999
2024-10-17 11:15:00,695.7994000000001
2024-10-17 11:30:00,667.3994
2024-10-17 11:45:00,658.7994000000001
2024-10-17 12:00:00,733.9073000000002
2024-10-17 12:15:00,679.1073
2024-10-17 12:30:00,580.7073
2024-10-17 12:45:00,604.1072999999999
2024-10-17 13:00:00,647.7864000000001
2024-10-17 13:15:00,674.7864
2024-10-17 13:30:00,679.9864
2024-10-17 13:45:00,723.3864
2024-10-17 14:00:00,865.9966
2024-10-17 14:15:00,1082.1966
2024-10-17 14:30:00,1043.1966
2024-10-17 14:45:00,1039.3966
2024-10-17 15:00:00,1262.2407
2024-10-17 15:15:00,1209.8407000000002
2024-10-17 15:30:00,1275.0407
2024-10-17 15:45:00,1373.8407
2024-10-17 16:00:00,1543.6655
2024-10-17 16:15:00,1499.6655
2024-10-17 16:30:00,1651.6655
2024-10-17 16:45:00,1605.8654999999999
2024-10-17 17:00:00,1638.0988
2024-10-17 17:15:00,1758.8988
2024-10-17 17:30:00,1575.4988
2024-10-17 17:45:00,1509.0988000000002
2024-10-17 18:00:00,1407.4
2024-10-17 18:15:00,1367.9999999999998
2024-10-17 18:30:00,1377.8
2024-10-17 18:45:00,1338.6
2024-10-17 19:00:00,1320.3999999999999
2024-10-17 19:15:00,1332.0
2024-10-17 19:30:00,1227.3999999999999
2024-10-17 19:45:00,1199.6000000000001
2024-10-17 20:00:00,1171.0
2024-10-17 20:15:00,1117.2
2024-10-17 20:30:00,1107.8
2024-10-17 20:45:00,1131.6000000000001
2024-10-17 21:00:00,1066.2
2024-10-17 21:15:00,984.2
2024-10-17 21:30:00,1019.0
2024-10-17 21:45:00,944.2
2024-10-17 22:00:00,948.5999999999999
2024-10-17 22:15:00,907.6
2024-10-17 22:30:00,898.6
2024-10-17 22:45:00,845.8
2024-10-17 23:00:00,1012.8
2024-10-17 23:15:00,1445.6000000000001
2024-10-17 23:30:00,1260.0
2024-10-17 23:45:00,1120.3999999999999
2024-10-18 00:00:00,880.2
2024-10-18 00:15:00,729.0000000000001
2024-10-18 00:30:00,799.2
2024-10-18 00:45:00,819.2
2024-10-18 01:00:00,947.6
2024-10-18 01:15:00,956.0000000000001
2024-10-18 01:30:00,769.8000000000001
2024-10-18 01:45:00,1035.6000000000001
2024-10-18 02:00:00,1096.2
2024-10-18 02:15:00,820.1999999999999
2024-10-18 02:30:00,854.8000000000001
2024-10-18 02:45:00,672.2
2024-10-18 03:00:00,664.1999999999999
2024-10-18 03:15:00,696.6
2024-10-18 03:30:00,598.2
2024-10-18 03:45:00,684.8
2024-10-18 04:00:00,691.4
2024-10-18 04:15:00,673.4
2024-10-18 04:30:00,712.8000000000001
2024-10-18 04:45:00,676.2
2024-10-18 05:00:00,678.8000000000001
2024-10-18 05:15:00,912.0
2024-10-18 05:30:00,824.6
2024-10-18 05:45:00,850.4
2024-10-18 06:00:00,928.2
2024-10-18 06:15:00,825.8
2024-10-18 06:30:00,915.2
2024-10-18 06:45:00,823.2
2024-10-18 07:00:00,604.627
2024-10-18 07:15:00,661.627
2024-10-18 07:30:00,512.227
2024-10-18 07:45:00,548.627
2024-10-18 08:00:00,247.01780000000002
2024-10-18 08:15:00,276.4178
2024-10-18 08:30:00,388.0178
2024-10-18 08:45:00,531.0178000000001
2024-10-18 09:00:00,167.98839999999996
2024-10-18 09:15:00,339.7884
2024-10-18 09:30:00,540.7884
2024-10-18 09:45:00,515.7883999999999
2024-10-18 10:00:00,317.3246999999999
2024-10-18 10:15:00,386.32469999999984
2024-10-18 10:30:00,362.5246999999999
2024-10-18 10:45:00,424.3246999999999
2024-10-18 11:00:00,220.65479999999997
2024-10-18 11:15:00,232.05479999999997
2024-10-18 11:30:00,244.2548
2024-10-18 11:45:00,241.25479999999996
2024-10-18 12:00:00,320.2731999999999
2024-10-18 12:15:00,278.8732000000001
2024-10-18 12:30:00,302.0732
2024-10-18 12:45:00,214.47320000000002
2024-10-18 13:00:00,249.5089
2024-10-18 13:15:00,416.1089
2024-10-18 13:30:00,380.3089
2024-10-18 13:45:00,474.9089000000001
2024-10-18 14:00:00,833.4929000000001
2024-10-18 14:15:00,973.2929000000001
2024-10-18 14:30:00,1216.0929
2024-10-18 14:45:00,1207.4929000000002
2024-10-18 15:00:00,1394.2729
2024-10-18 15:15:00,1540.2729
2024-10-18 15:30:00,1500.8729
2024-10-18 15:45:00,1432.4729
2024-10-18 16:00:00,1844.1971000000003
2024-10-18 16:15:00,1886.1971000000003
2024-10-18 16:30:00,1959.1970999999999
2024-10-18 16:45:00,1837.3971000000001
2024-10-18 17:00:00,2091.6288999999997
2024-10-18 17:15:00,1931.8289
2024-10-18 17:30:00,1844.0289
2024-10-18 17:45:00,1770.8288999999997
2024-10-18 18:00:00,1630.3999999999999
2024-10-18 18:15:00,1510.8
2024-10-18 18:30:00,1505.0
2024-10-18 18:45:00,1461.8
2024-10-18 19:00:00,1342.6
2024-10-18 19:15:00,1284.6
2024-10-18 19:30:00,1253.4
2024-10-18 19:45:00,1215.4
2024-10-18 20:00:00,1184.0
2024-10-18 20:15:00,1157.0
2024-10-18 20:30:00,1165.8
2024-10-18 20:45:00,1090.6000000000001
2024-10-18 21:00:00,1071.4
2024-10-18 21:15:00,1059.2
2024-10-18 21:30:00,1094.4
2024-10-18 21:45:00,1045.0
2024-10-18 22:00:00,1012.8
2024-10-18 22:15:00,990.4000000000001
2024-10-18 22:30:00,934.4000000000001
2024-10-18 22:45:00,947.0
2024-10-18 23:00:00,1032.4
2024-10-18 23:15:00,1553.8
2024-10-18 23:30:00,1406.6000000000001
2024-10-18 23:45:00,1214.8
2024-10-19 00:00:00,925.4000000000001
2024-10-19 00:15:00,1007.2
2024-10-19 00:30:00,901.2
2024-10-19 00:45:00,876.4000000000001
2024-10-19 01:00:00,857.0
2024-10-19 01:15:00,929.9999999999999
2024-10-19 01:30:00,821.9999999999999
2024-10-19 01:45:00,806.0
2024-10-19 02:00:00,749.5999999999999
2024-10-19 02:15:00,731.9999999999999
2024-10-19 02:30:00,802.5999999999999
2024-10-19 02:45:00,744.8
2024-10-19 03:00:00,885.8
2024-10-19 03:15:00,925.2
2024-10-19 03:30:00,857.6
2024-10-19 03:45:00,732.8000000000001
2024-10-19 04:00:00,788.4000000000001
2024-10-19 04:15:00,684.2
2024-10-19 04:30:00,780.0
2024-10-19 04:45:00,819.2
2024-10-19 05:00:00,786.6
2024-10-19 05:15:00,855.4
2024-10-19 05:30:00,1041.4
2024-10-19 05:45:00,1103.2
2024-10-19 06:00:00,1061.2
2024-10-19 06:15:00,1155.1999999999998
2024-10-19 06:30:00,870.8
2024-10-19 06:45:00,954.5999999999999
2024-10-19 07:00:00,679.2724000000001
2024-10-19 07:15:00,603.4724
2024-10-19 07:30:00,587.2724
2024-10-19 07:45:00,631.8724
2024-10-19 08:00:00,424.0537
2024-10-19 08:15:00,442.6537000000001
2024-10-19 08:30:00,559.4537
2024-10-19 08:45:00,556.2537
2024-10-19 09:00:00,361.51919999999996
2024-10-19 09:15:00,513.5192000000001
2024-10-19 09:30:00,471.51920000000007
2024-10-19 09:45:00,419.5192
2024-10-19 10:00:00,219.22490000000002
2024-10-19 10:15:00,385.82489999999996
2024-10-19 10:30:00,355.0249
2024-10-19 10:45:00,261.22489999999993
2024-10-19 11:00:00,236.67570000000003
2024-10-19 11:15:00,210.07569999999998
2024-10-19 11:30:00,196.87570000000002
2024-10-19 11:45:00,153.8757
2024-10-19 12:00:00,175.1058
2024-10-19 12:15:00,167.90580000000003
2024-10-19 12:30:00,194.30579999999998
2024-10-19 12:45:00,207.5058
2024-10-19 13:00:00,255.7741
2024-10-19 13:15:00,251.7741
2024-10-19 13:30:00,251.3741
2024-10-19 13:45:00,282.5741
2024-10-19 14:00:00,479.2948
2024-10-19 14:15:00,542.0948
2024-10-19 14:30:00,653.2947999999999
2024-10-19 14:45:00,647.0948
2024-10-19 15:00:00,849.6639
2024-10-19 15:15:00,1019.6639
2024-10-19 15:30:00,955.2639
2024-10-19 15:45:00,929.6639
2024-10-19 16:00:00,1147.4866
2024-10-19 16:15:00,1084.0866
2024-10-19 16:30:00,1070.6866
2024-10-19 16:45:00,908.6866
2024-10-19 17:00:00,1127.4137
2024-10-19 17:15:00,1149.0137
2024-10-19 17:30:00,973.4137000000001
2024-10-19 17:45:00,947.4137000000001
2024-10-19 18:00:00,926.8000000000001
2024-10-19 18:15:00,918.2
2024-10-19 18:30:00,953.4000000000001
2024-10-19 18:45:00,936.0
2024-10-19 19:00:00,955.4
2024-10-19 19:15:00,929.8000000000001
2024-10-19 19:30:00,919.8
2024-10-19 19:45:00,909.5999999999999
2024-10-19 20:00:00,909.2
2024-10-19 20:15:00,902.8
2024-10-19 20:30:00,883.6
2024-10-19 20:45:00,870.1999999999999
2024-10-19 21:00:00,848.2
2024-10-19 21:15:00,814.0
2024-10-19 21:30:00,860.4
2024-10-19 21:45:00,840.4000000000001
2024-10-19 22:00:00,806.2
2024-10-19 22:15:00,787.2
2024-10-19 22:30:00,762.4
2024-10-19 22:45:00,737.2
2024-10-19 23:00:00,815.1999999999999
2024-10-19 23:15:00,1039.6
2024-10-19 23:30:00,858.8000000000001
2024-10-19 23:45:00,1008.4
2024-10-20 00:00:00,889.4000000000001
2024-10-20 00:15:00,814.2
2024-10-20 00:30:00,854.4
2024-10-20 00:45:00,775.2
2024-10-20 01:00:00,747.6
2024-10-20 01:15:00,748.1999999999999
2024-10-20 01:30:00,774.4000000000001
2024-10-20 01:45:00,856.2
2024-10-20 02:00:00,959.4
2024-10-20 02:15:00,954.4000000000001
2024-10-20 02:30:00,844.2
2024-10-20 02:45:00,880.8000000000001
2024-10-20 03:00:00,1118.2
2024-10-20 03:15:00,869.1999999999999
2024-10-20 03:30:00,928.2
2024-10-20 03:45:00,826.1999999999999
2024-10-20 04:00:00,736.2
2024-10-20 04:15:00,608.8
2024-10-20 04:30:00,614.0
2024-10-20 04:45:00,733.0
2024-10-20 05:00:00,813.4000000000001
2024-10-20 05:15:00,773.8000000000001
2024-10-20 05:30:00,760.1999999999999
2024-10-20 05:45:00,935.0
2024-10-20 06:00:00,952.2
2024-10-20 06:15:00,1015.1999999999999
2024-10-20 06:30:00,845.0
2024-10-20 06:45:00,935.8
2024-10-20 07:00:00,821.8172
2024-10-20 07:15:00,680.4172
2024-10-20 07:30:00,647.4172000000001
2024-10-20 07:45:00,640.0172
2024-10-20 08:00:00,567.958
2024-10-20 08:15:00,587.758
2024-10-20 08:30:00,566.558
2024-10-20 08:45:00,591.558
2024-10-20 09:00:00,520.1696000000001
2024-10-20 09:15:00,567.7696
2024-10-20 09:30:00,566.7696
2024-10-20 09:45:00,561.5696
2024-10-20 10:00:00,517.5504
2024-10-20 10:15:00,577.3504
2024-10-20 10:30:00,580.5504000000001
2024-10-20 10:45:00,473.5504
2024-10-20 11:00:00,417.4398
2024-10-20 11:15:00,530.4398
2024-10-20 11:30:00,492.83979999999997
2024-10-20 11:45:00,436.63980000000004
2024-10-20 12:00:00,362.0644
2024-10-20 12:15:00,380.0644
2024-10-20 12:30:00,366.46440000000007
2024-10-20 12:45:00,400.6644
2024-10-20 13:00:00,394.3974
2024-10-20 13:15:00,450.39739999999995
2024-10-20 13:30:00,427.5974
2024-10-20 13:45:00,478.99739999999997
2024-10-20 14:00:00,562.7603
2024-10-20 14:15:00,596.3602999999999
2024-10-20 14:30:00,639.9603000000001
2024-10-20 14:45:00,663.3603
2024-10-20 15:00:00,838.6609000000001
2024-10-20 15:15:00,911.2609000000001
2024-10-20 15:30:00,929.0609000000002
2024-10-20 15:45:00,846.4608999999999
2024-10-20 16:00:00,892.6575
2024-10-20 16:15:00,988.4575000000001
2024-10-20 16:30:00,909.8575000000001
2024-10-20 16:45:00,798.0575
2024-10-20 17:00:00,938.304
2024-10-20 17:15:00,870.7040000000001
2024-10-20 17:30:00,838.1039999999999
2024-10-20 17:45:00,835.7040000000001
2024-10-20 18:00:00,829.6
2024-10-20 18:15:00,804.4000000000001
2024-10-20 18:30:00,795.8000000000001
2024-10-20 18:45:00,797.4000000000001
2024-10-20 19:00:00,786.4
2024-10-20 19:15:00,824.8
2024-10-20 19:30:00,854.5999999999999
2024-10-20 19:45:00,787.5999999999999
2024-10-20 20:00:00,784.4
2024-10-20 20:15:00,774.4
2024-10-20 20:30:00,802.2
2024-10-20 20:45:00,770.6
2024-10-20 21:00:00,797.6000000000001
2024-10-20 21:15:00,753.6000000000001
2024-10-20 21:30:00,743.0
2024-10-20 21:45:00,754.6
2024-10-20 22:00:00,760.2
2024-10-20 22:15:00,724.6000000000001
2024-10-20 22:30:00,717.6
2024-10-20 22:45:00,709.2
2024-10-20 23:00:00,689.6
2024-10-20 23:15:00,1259.4
2024-10-20 23:30:00,1222.4
2024-10-20 23:45:00,1068.4
2024-10-21 00:00:00,1000.8
2024-10-21 00:15:00,892.0
2024-10-21 00:30:00,871.2
2024-10-21 00:45:00,947.4
2024-10-21 01:00:00,851.0
2024-10-21 01:15:00,967.6
2024-10-21 01:30:00,1036.8
2024-10-21 01:45:00,937.6000000000001
2024-10-21 02:00:00,828.0
2024-10-21 02:15:00,644.6
2024-10-21 02:30:00,628.8
2024-10-21 02:45:00,706.1999999999999
2024-10-21 03:00:00,740.8
2024-10-21 03:15:00,748.2
2024-10-21 03:30:00,627.4
2024-10-21 03:45:00,643.2
2024-10-21 04:00:00,633.8000000000001
2024-10-21 04:15:00,633.0
2024-10-21 04:30:00,641.8
2024-10-21 04:45:00,647.6
2024-10-21 05:00:00,769.6
2024-10-21 05:15:00,885.2
2024-10-21 05:30:00,992.8
2024-10-21 05:45:00,913.0
2024-10-21 06:00:00,954.8000000000001
2024-10-21 06:15:00,1025.3999999999999
2024-10-21 06:30:00,950.4
2024-10-21 06:45:00,929.8000000000001
2024-10-21 07:00:00,691.7083
2024-10-21 07:15:00,640.3083
2024-10-21 07:30:00,642.7083
2024-10-21 07:45:00,617.9083
2024-10-21 08:00:00,547.3902
2024-10-21 08:15:00,614.5902000000001
2024-10-21 08:30:00,699.1902
2024-10-21 08:45:00,850.3902
2024-10-21 09:00:00,813.4072000000001
2024-10-21 09:15:00,832.0072
2024-10-21 09:30:00,1020.8072000000001
2024-10-21 09:45:00,964.2072
2024-10-21 10:00:00,846.1066000000001
2024-10-21 10:15:00,829.5066
2024-10-21 10:30:00,827.5066
2024-10-21 10:45:00,802.5065999999999
2024-10-21 11:00:00,759.2319
2024-10-21 11:15:00,698.6319
2024-10-21 11:30:00,637.0319
2024-10-21 11:45:00,688.2319
2024-10-21 12:00:00,639.4535
2024-10-21 12:15:00,549.2535
2024-10-21 12:30:00,510.8535
2024-10-21 12:45:00,425.6535
2024-10-21 13:00:00,498.16830000000004
2024-10-21 13:15:00,483.3683
2024-10-21 13:30:00,484.3683
2024-10-21 13:45:00,648.9683
2024-10-21 14:00:00,731.0642
2024-10-21 14:15:00,841.6642
2024-10-21 14:30:00,862.6642
2024-10-21 14:45:00,974.0642
2024-10-21 15:00:00,1265.6693999999998
2024-10-21 15:15:00,1162.2694
2024-10-21 15:30:00,1190.6693999999998
2024-10-21 15:45:00,1066.2694000000001
2024-10-21 16:00:00,1250.1849000000002
2024-10-21 16:15:00,1211.9849
2024-10-21 16:30:00,1180.7849
2024-10-21 16:45:00,1221.3849
2024-10-21 17:00:00,1469.9155999999998
2024-10-21 17:15:00,1415.3156000000001
2024-10-21 17:30:00,1345.1156
2024-10-21 17:45:00,1242.5156
2024-10-21 18:00:00,1183.6
2024-10-21 18:15:00,1195.0
2024-10-21 18:30:00,1148.2
2024-10-21 18:45:00,1094.0
2024-10-21 19:00:00,1127.0
2024-10-21 19:15:00,1087.2
2024-10-21 19:30:00,1050.0
2024-10-21 19:45:00,1126.6
2024-10-21 20:00:00,1051.6
2024-10-21 20:15:00,1078.8
2024-10-21 20:30:00,1020.6
2024-10-21 20:45:00,998.1999999999999
2024-10-21 21:00:00,965.8
2024-10-21 21:15:00,939.0
2024-10-21 21:30:00,938.6
2024-10-21 21:45:00,975.2
2024-10-21 22:00:00,994.3999999999999
2024-10-21 22:15:00,992.4
2024-10-21 22:30:00,883.4
2024-10-21 22:45:00,845.8000000000001
2024-10-21 23:00:00,797.4
2024-10-21 23:15:00,1275.0
2024-10-21 23:30:00,1381.8
2024-10-21 23:45:00,1212.0
2024-10-22 00:00:00,986.4000000000001
2024-10-22 00:15:00,893.0
2024-10-22 00:30:00,812.8000000000001
2024-10-22 00:45:00,915.4
2024-10-22 01:00:00,849.0
2024-10-22 01:15:00,869.1999999999999
2024-10-22 01:30:00,791.0
2024-10-22 01:45:00,764.2
2024-10-22 02:00:00,680.2
2024-10-22 02:15:00,687.8
2024-10-22 02:30:00,680.2
2024-10-22 02:45:00,670.4000000000001
2024-10-22 03:00:00,689.2
2024-10-22 03:15:00,710.0
2024-10-22 03:30:00,784.8
2024-10-22 03:45:00,933.2
2024-10-22 04:00:00,866.4
2024-10-22 04:15:00,754.8
2024-10-22 04:30:00,782.0
2024-10-22 04:45:00,773.2
2024-10-22 05:00:00,710.2
2024-10-22 05:15:00,849.0
2024-10-22 05:30:00,790.4000000000001
2024-10-22 05:45:00,915.4
2024-10-22 06:00:00,931.2
2024-10-22 06:15:00,895.4
2024-10-22 06:30:00,827.5999999999999
2024-10-22 06:45:00,805.8
2024-10-22 07:00:00,623.6088
2024-10-22 07:15:00,639.4088
2024-10-22 07:30:00,678.6088
2024-10-22 07:45:00,674.4088
2024-10-22 08:00:00,416.6879
2024-10-22 08:15:00,488.0879
2024-10-22 08:30:00,608.8879000000001
2024-10-22 08:45:00,689.8879000000001
2024-10-22 09:00:00,492.965
2024-10-22 09:15:00,530.765
2024-10-22 09:30:00,555.965
2024-10-22 09:45:00,531.9650000000001
2024-10-22 10:00:00,267.1773
2024-10-22 10:15:00,409.17729999999995
2024-10-22 10:30:00,343.17729999999995
2024-10-22 10:45:00,363.1773
2024-10-22 11:00:00,246.24849999999992
2024-10-22 11:15:00,314.24849999999986
2024-10-22 11:30:00,267.2484999999999
2024-10-22 11:45:00,291.84849999999994
2024-10-22 12:00:00,128.5374
2024-10-22 12:15:00,56.73740000000004
2024-10-22 12:30:00,-6.662599999999941
2024-10-22 12:45:00,-53.8626
2024-10-22 13:00:00,185.53860000000014
2024-10-22 13:15:00,168.93860000000018
2024-10-22 13:30:00,143.13860000000014
2024-10-22 13:45:00,222.53860000000017
2024-10-22 14:00:00,431.4099
2024-10-22 14:15:00,626.0099
2024-10-22 14:30:00,715.2099000000001
2024-10-22 14:45:00,784.0099
2024-10-22 15:00:00,1093.2548
2024-10-22 15:15:00,1129.8548
2024-10-22 15:30:00,1109.0548000000001
2024-10-22 15:45:00,1042.0548
2024-10-22 16:00:00,1359.3108000000002
2024-10-22 16:15:00,1406.3108
2024-10-22 16:30:00,1302.1108000000002
2024-10-22 16:45:00,1230.3108
2024-10-22 17:00:00,1400.2878
2024-10-22 17:15:00,1347.2878
2024-10-22 17:30:00,1238.2878
2024-10-22 17:45:00,1254.6878
2024-10-22 18:00:00,1204.8
2024-10-22 18:15:00,1168.8000000000002
2024-10-22 18:30:00,1183.4
2024-10-22 18:45:00,1055.4
2024-10-22 19:00:00,1046.4
2024-10-22 19:15:00,1027.0
2024-10-22 19:30:00,974.8
2024-10-22 19:45:00,983.6
2024-10-22 20:00:00,988.5999999999999
2024-10-22 20:15:00,950.1999999999999
2024-10-22 20:30:00,1020.6
2024-10-22 20:45:00,977.8
2024-10-22 21:00:00,904.0000000000001
2024-10-22 21:15:00,982.8
2024-10-22 21:30:00,898.0
2024-10-22 21:45:00,850.0
2024-10-22 22:00:00,830.2
2024-10-22 22:15:00,828.5999999999999
2024-10-22 22:30:00,778.8000000000001
2024-10-22 22:45:00,772.0
2024-10-22 23:00:00,771.1999999999999
2024-10-22 23:15:00,1046.6
2024-10-22 23:30:00,1056.4
2024-10-22 23:45:00,957.6
2024-10-23 00:00:00,899.4
2024-10-23 00:15:00,734.6
2024-10-23 00:30:00,905.0
2024-10-23 00:45:00,944.8000000000001
2024-10-23 01:00:00,879.1999999999999
2024-10-23 01:15:00,782.2
2024-10-23 01:30:00,735.6
2024-10-23 01:45:00,760.0
2024-10-23 02:00:00,787.4
2024-10-23 02:15:00,860.6
2024-10-23 02:30:00,840.5999999999999
2024-10-23 02:45:00,788.0
2024-10-23 03:00:00,682.2
2024-10-23 03:15:00,733.6
2024-10-23 03:30:00,719.8
2024-10-23 03:45:00,681.0
2024-10-23 04:00:00,644.4000000000001
2024-10-23 04:15:00,630.0
2024-10-23 04:30:00,641.6
2024-10-23 04:45:00,633.5999999999999
2024-10-23 05:00:00,722.8
2024-10-23 05:15:00,741.6000000000001
2024-10-23 05:30:00,740.4
2024-10-23 05:45:00,870.0
2024-10-23 06:00:00,979.2
2024-10-23 06:15:00,889.8
2024-10-23 06:30:00,779.4
2024-10-23 06:45:00,864.5999999999999
2024-10-23 07:00:00,778.1151
2024-10-23 07:15:00,732.3151
2024-10-23 07:30:00,633.1151
2024-10-23 07:45:00,603.7151
2024-10-23 08:00:00,390.2038
2024-10-23 08:15:00,441.4038
2024-10-23 08:30:00,546.0038
2024-10-23 08:45:00,711.2038
2024-10-23 09:00:00,532.4102
2024-10-23 09:15:00,631.4102
2024-10-23 09:30:00,547.8102
2024-10-23 09:45:00,482.4102
2024-10-23 10:00:00,324.00190000000003
2024-10-23 10:15:00,374.4019
2024-10-23 10:30:00,351.40190000000007
2024-10-23 10:45:00,363.40189999999996
2024-10-23 11:00:00,192.04150000000004
2024-10-23 11:15:00,174.44149999999996
2024-10-23 11:30:00,257.44149999999996
2024-10-23 11:45:00,166.84150000000002
2024-10-23 12:00:00,113.52029999999996
2024-10-23 12:15:00,21.72029999999998
2024-10-23 12:30:00,24.72030000000001
2024-10-23 12:45:00,-56.87970000000003
2024-10-23 13:00:00,-1.09639999999996
2024-10-23 13:15:00,6.303600000000003
2024-10-23 13:30:00,41.50360000000002
2024-10-23 13:45:00,189.1036
2024-10-23 14:00:00,377.16089999999997
2024-10-23 14:15:00,416.7609
2024-10-23 14:30:00,387.9609
2024-10-23 14:45:00,369.1609
2024-10-23 15:00:00,847.5112
2024-10-23 15:15:00,878.9111999999999
2024-10-23 15:30:00,789.9112
2024-10-23 15:45:00,847.5112
2024-10-23 16:00:00,1195.1906000000001
2024-10-23 16:15:00,1115.9906
2024-10-23 16:30:00,1058.5906
2024-10-23 16:45:00,1007.7906000000002
2024-10-23 17:00:00,1365.1087
2024-10-23 17:15:00,1352.9087
2024-10-23 17:30:00,1267.7087000000001
2024-10-23 17:45:00,1192.7087000000001
2024-10-23 18:00:00,1145.0
2024-10-23 18:15:00,1099.4
2024-10-23 18:30:00,1134.2
2024-10-23 18:45:00,1084.8
2024-10-23 19:00:00,1017.9999999999999
2024-10-23 19:15:00,966.0
2024-10-23 19:30:00,1001.4000000000001
2024-10-23 19:45:00,955.2
2024-10-23 20:00:00,928.4000000000001
2024-10-23 20:15:00,911.0
2024-10-23 20:30:00,954.8
2024-10-23 20:45:00,937.0
2024-10-23 21:00:00,915.1999999999999
2024-10-23 21:15:00,873.4000000000001
2024-10-23 21:30:00,844.0
2024-10-23 21:45:00,854.5999999999999
2024-10-23 22:00:00,839.2
2024-10-23 22:15:00,820.6
2024-10-23 22:30:00,795.0
2024-10-23 22:45:00,757.2
2024-10-23 23:00:00,792.5999999999999
2024-10-23 23:15:00,1140.8
2024-10-23 23:30:00,1176.0
2024-10-23 23:45:00,1017.0000000000001
2024-10-24 00:00:00,905.1999999999999
2024-10-24 00:15:00,797.8
2024-10-24 00:30:00,967.2
2024-10-24 00:45:00,889.6
2024-10-24 01:00:00,777.5999999999999
2024-10-24 01:15:00,901.0
2024-10-24 01:30:00,859.6
2024-10-24 01:45:00,724.8
2024-10-24 02:00:00,693.8
2024-10-24 02:15:00,697.6
2024-10-24 02:30:00,704.8000000000001
2024-10-24 02:45:00,709.2
2024-10-24 03:00:00,731.6
2024-10-24 03:15:00,817.6
2024-10-24 03:30:00,733.4
2024-10-24 03:45:00,753.8
2024-10-24 04:00:00,755.8
2024-10-24 04:15:00,737.6
2024-10-24 04:30:00,667.8000000000001
2024-10-24 04:45:00,771.0000000000001
2024-10-24 05:00:00,912.2
2024-10-24 05:15:00,971.4
2024-10-24 05:30:00,985.1999999999999
2024-10-24 05:45:00,945.5999999999999
2024-10-24 06:00:00,911.5999999999999
2024-10-24 06:15:00,973.4
2024-10-24 06:30:00,946.5999999999999
2024-10-24 06:45:00,921.0
2024-10-24 07:00:00,727.5654000000001
2024-10-24 07:15:00,763.1653999999999
2024-10-24 07:30:00,726.1654000000001
2024-10-24 07:45:00,697.1653999999999
2024-10-24 08:00:00,683.5672
2024-10-24 08:15:00,726.7672
2024-10-24 08:30:00,899.5672
2024-10-24 08:45:00,922.1672
2024-10-24 09:00:00,836.372
2024-10-24 09:15:00,907.5719999999999
2024-10-24 09:30:00,1013.972
2024-10-24 09:45:00,962.972
2024-10-24 10:00:00,984.5388
2024-10-24 10:15:00,1148.7388
2024-10-24 10:30:00,1048.3388
2024-10-24 10:45:00,1035.7388
2024-10-24 11:00:00,991.3061
2024-10-24 11:15:00,894.1061
2024-10-24 11:30:00,921.7061000000001
2024-10-24 11:45:00,864.5061000000001
2024-10-24 12:00:00,1028.5101
2024-10-24 12:15:00,935.1101
2024-10-24 12:30:00,911.7101
2024-10-24 12:45:00,884.9101
2024-10-24 13:00:00,137.461
2024-10-24 13:15:00,106.46100000000004
2024-10-24 13:30:00,134.26100000000005
2024-10-24 13:45:00,183.06100000000006
2024-10-24 14:00:00,411.1871
2024-10-24 14:15:00,561.9870999999999
2024-10-24 14:30:00,612.9871
2024-10-24 14:45:00,695.5870999999999
2024-10-24 15:00:00,921.2948999999999
2024-10-24 15:15:00,958.2949000000001
2024-10-24 15:30:00,830.0948999999999
2024-10-24 15:45:00,784.4949
2024-10-24 16:00:00,1118.0733
2024-10-24 16:15:00,1077.8733
2024-10-24 16:30:00,1115.8733000000002
2024-10-24 16:45:00,1068.4733
2024-10-24 17:00:00,1252.0387
2024-10-24 17:15:00,1309.0387
2024-10-24 17:30:00,1255.0387
2024-10-24 17:45:00,1213.2386999999999
2024-10-24 18:00:00,1180.8
2024-10-24 18:15:00,1177.8
2024-10-24 18:30:00,1111.2
2024-10-24 18:45:00,1064.8
2024-10-24 19:00:00,1030.8
2024-10-24 19:15:00,1041.6
2024-10-24 19:30:00,1020.2
2024-10-24 19:45:00,976.6
2024-10-24 20:00:00,974.8000000000001
2024-10-24 20:15:00,959.5999999999999
2024-10-24 20:30:00,961.4
2024-10-24 20:45:00,936.8
2024-10-24 21:00:00,923.8
2024-10-24 21:15:00,910.0
2024-10-24 21:30:00,910.8
2024-10-24 21:45:00,867.6
2024-10-24 22:00:00,853.4
2024-10-24 22:15:00,862.2
2024-10-24 22:30:00,818.8000000000001
2024-10-24 22:45:00,779.8
2024-10-24 23:00:00,753.8000000000001
2024-10-24 23:15:00,1036.4
2024-10-24 23:30:00,1085.0
2024-10-24 23:45:00,920.6000000000001
2024-10-25 00:00:00,972.7999999999998
2024-10-25 00:15:00,961.5999999999999
2024-10-25 00:30:00,879.4000000000001
2024-10-25 00:45:00,896.8000000000001
2024-10-25 01:00:00,801.2
2024-10-25 01:15:00,719.2
2024-10-25 01:30:00,781.4
2024-10-25 01:45:00,681.0
2024-10-25 02:00:00,720.8
2024-10-25 02:15:00,689.2
2024-10-25 02:30:00,612.2
2024-10-25 02:45:00,717.5999999999999
2024-10-25 03:00:00,684.2
2024-10-25 03:15:00,622.8000000000001
2024-10-25 03:30:00,622.5999999999999
2024-10-25 03:45:00,625.0
2024-10-25 04:00:00,704.6000000000001
2024-10-25 04:15:00,682.9999999999999
2024-10-25 04:30:00,714.0
2024-10-25 04:45:00,789.8000000000001
2024-10-25 05:00:00,795.8000000000001
2024-10-25 05:15:00,777.8
2024-10-25 05:30:00,961.1999999999999
2024-10-25 05:45:00,1066.1999999999998
2024-10-25 06:00:00,1059.1999999999998
2024-10-25 06:15:00,1088.2
2024-10-25 06:30:00,1006.0
2024-10-25 06:45:00,1075.8
2024-10-25 07:00:00,812.8222000000001
2024-10-25 07:15:00,690.0222
2024-10-25 07:30:00,655.2222
2024-10-25 07:45:00,660.6222
2024-10-25 08:00:00,471.00169999999997
2024-10-25 08:15:00,510.8017
2024-10-25 08:30:00,562.4017
2024-10-25 08:45:00,651.6016999999999
2024-10-25 09:00:00,384.1812
2024-10-25 09:15:00,494.58119999999997
2024-10-25 09:30:00,568.5812000000001
2024-10-25 09:45:00,695.7812
2024-10-25 10:00:00,500.6412000000001
2024-10-25 10:15:00,356.0412
2024-10-25 10:30:00,284.64119999999997
2024-10-25 10:45:00,226.04120000000006
2024-10-25 11:00:00,204.26910000000004
2024-10-25 11:15:00,266.0691
2024-10-25 11:30:00,212.26909999999998
2024-10-25 11:45:00,223.26910000000004
2024-10-25 12:00:00,163.98059999999998
2024-10-25 12:15:00,100.78059999999999
2024-10-25 12:30:00,44.180600000000005
2024-10-25 12:45:00,-14.819400000000016
2024-10-25 13:00:00,158.35840000000005
2024-10-25 13:15:00,153.75840000000002
2024-10-25 13:30:00,174.75839999999997
2024-10-25 13:45:00,248.75839999999994
2024-10-25 14:00:00,580.3269
2024-10-25 14:15:00,722.1269
2024-10-25 14:30:00,828.5269
2024-10-25 14:45:00,807.3269
2024-10-25 15:00:00,970.5052999999999
2024-10-25 15:15:00,1097.1052999999997
2024-10-25 15:30:00,1109.5052999999998
2024-10-25 15:45:00,920.9053
2024-10-25 16:00:00,1351.0729999999999
2024-10-25 16:15:00,1285.473
2024-10-25 16:30:00,1343.6730000000002
2024-10-25 16:45:00,1271.073
2024-10-25 17:00:00,1463.4913999999999
2024-10-25 17:15:00,1413.2914
2024-10-25 17:30:00,1380.6914
2024-10-25 17:45:00,1253.0914
2024-10-25 18:00:00,1177.6
2024-10-25 18:15:00,1054.0
2024-10-25 18:30:00,1064.6
2024-10-25 18:45:00,987.6
2024-10-25 19:00:00,978.8
2024-10-25 19:15:00,923.2
2024-10-25 19:30:00,925.9999999999999
2024-10-25 19:45:00,927.1999999999999
2024-10-25 20:00:00,898.0
2024-10-25 20:15:00,890.8
2024-10-25 20:30:00,869.0
2024-10-25 20:45:00,850.6
2024-10-25 21:00:00,865.6
2024-10-25 21:15:00,838.6
2024-10-25 21:30:00,831.5999999999999
2024-10-25 21:45:00,832.2
2024-10-25 22:00:00,859.4
2024-10-25 22:15:00,884.1999999999999
2024-10-25 22:30:00,877.8000000000001
2024-10-25 22:45:00,805.5999999999999
2024-10-25 23:00:00,755.8000000000001
2024-10-25 23:15:00,1033.6
2024-10-25 23:30:00,1033.2
2024-10-25 23:45:00,1025.8000000000002
2024-10-26 00:00:00,892.2
2024-10-26 00:15:00,769.0
2024-10-26 00:30:00,880.8
2024-10-26 00:45:00,867.2
2024-10-26 01:00:00,0.0
2024-10-26 01:15:00,78.0
2024-10-26 01:30:00,255.6
2024-10-26 01:45:00,489.4
2024-10-26 02:00:00,502.79999999999995
2024-10-26 02:15:00,572.2
2024-10-26 02:30:00,552.0
2024-10-26 02:45:00,589.2
2024-10-26 03:00:00,638.2
2024-10-26 03:15:00,589.6
2024-10-26 03:30:00,491.2
2024-10-26 03:45:00,462.79999999999995
2024-10-26 04:00:00,532.2
2024-10-26 04:15:00,570.0
2024-10-26 04:30:00,519.8
2024-10-26 04:45:00,444.0
2024-10-26 05:00:00,541.0
2024-10-26 05:15:00,507.4
2024-10-26 05:30:00,583.2
2024-10-26 05:45:00,586.1999999999999
2024-10-26 06:00:00,617.9999999999999
2024-10-26 06:15:00,706.8
2024-10-26 06:30:00,637.0000000000001
2024-10-26 06:45:00,683.9999999999999
2024-10-26 07:00:00,430.35310000000004
2024-10-26 07:15:00,353.55310000000003
2024-10-26 07:30:00,340.55310000000003
2024-10-26 07:45:00,271.7531
2024-10-26 08:00:00,-88.1299
2024-10-26 08:15:00,-46.52990000000001
2024-10-26 08:30:00,3.670099999999991
2024-10-26 08:45:00,82.8701
2024-10-26 09:00:00,-256.72940000000006
2024-10-26 09:15:00,-289.12940000000003
2024-10-26 09:30:00,-206.1294
2024-10-26 09:45:00,-78.32940000000002
2024-10-26 10:00:00,-500.66279999999995
2024-10-26 10:15:00,-374.8628
2024-10-26 10:30:00,-445.26279999999997
2024-10-26 10:45:00,-426.4627999999999
2024-10-26 11:00:00,-510.82240000000013
2024-10-26 11:15:00,-503.6224000000001
2024-10-26 11:30:00,-505.22240000000005
2024-10-26 11:45:00,-563.0224000000001
2024-10-26 12:00:00,-444.03739999999993
2024-10-26 12:15:00,-524.6374
2024-10-26 12:30:00,-586.4374
2024-10-26 12:45:00,-623.4374
2024-10-26 13:00:00,-507.2061
2024-10-26 13:15:00,-515.6061
2024-10-26 13:30:00,-542.2061
2024-10-26 13:45:00,-489.0061
2024-10-26 14:00:00,-248.78480000000002
2024-10-26 14:15:00,-27.78479999999999
2024-10-26 14:30:00,-24.384800000000013
2024-10-26 14:45:00,-73.78479999999998
2024-10-26 15:00:00,253.374
2024-10-26 15:15:00,421.974
2024-10-26 15:30:00,537.974
2024-10-26 15:45:00,310.174
2024-10-26 16:00:00,534.0858000000001
2024-10-26 16:15:00,510.08579999999995
2024-10-26 16:30:00,552.6858
2024-10-26 16:45:00,610.2858
2024-10-26 17:00:00,967.5013
2024-10-26 17:15:00,870.9013
2024-10-26 17:30:00,902.9013
2024-10-26 17:45:00,844.3013
2024-10-26 18:00:00,949.4000000000001
2024-10-26 18:15:00,853.4
2024-10-26 18:30:00,943.2
2024-10-26 18:45:00,957.0
2024-10-26 19:00:00,1017.4000000000001
2024-10-26 19:15:00,886.0
2024-10-26 19:30:00,770.4000000000001
2024-10-26 19:45:00,779.0
2024-10-26 20:00:00,804.6
2024-10-26 20:15:00,745.8000000000001
2024-10-26 20:30:00,771.4000000000001
2024-10-26 20:45:00,753.8000000000001
2024-10-26 21:00:00,752.4000000000001
2024-10-26 21:15:00,727.8
2024-10-26 21:30:00,748.2
2024-10-26 21:45:00,728.0
2024-10-26 22:00:00,709.8
2024-10-26 22:15:00,737.0
2024-10-26 22:30:00,699.8
2024-10-26 22:45:00,711.4
2024-10-26 23:00:00,674.4
2024-10-26 23:15:00,1146.8
2024-10-26 23:30:00,970.2
2024-10-26 23:45:00,1010.5999999999999
2024-10-27 00:00:00,885.6
2024-10-27 00:15:00,753.0
2024-10-27 00:30:00,672.0
2024-10-27 00:45:00,784.6
2024-10-27 01:00:00,718.3999999999999
2024-10-27 01:15:00,656.0
2024-10-27 01:30:00,576.4
2024-10-27 01:45:00,624.2
2024-10-27 02:00:00,577.4
2024-10-27 02:15:00,557.0
2024-10-27 02:30:00,579.0
2024-10-27 02:45:00,655.4
2024-10-27 03:00:00,718.4
2024-10-27 03:15:00,665.8
2024-10-27 03:30:00,732.4
2024-10-27 03:45:00,692.0
2024-10-27 04:00:00,714.8
2024-10-27 04:15:00,643.2
2024-10-27 04:30:00,592.4
2024-10-27 04:45:00,605.0
2024-10-27 05:00:00,686.1999999999999
2024-10-27 05:15:00,699.2
2024-10-27 05:30:00,793.6
2024-10-27 05:45:00,736.8
2024-10-27 06:00:00,686.2
2024-10-27 06:15:00,711.6
2024-10-27 06:30:00,608.9999999999999
2024-10-27 06:45:00,665.0
2024-10-27 07:00:00,530.2172
2024-10-27 07:15:00,507.81719999999996
2024-10-27 07:30:00,491.41720000000004
2024-10-27 07:45:00,465.4172
2024-10-27 08:00:00,159.63749999999996
2024-10-27 08:15:00,206.23749999999998
2024-10-27 08:30:00,204.03750000000002
2024-10-27 08:45:00,169.4375
2024-10-27 09:00:00,-44.05480000000003
2024-10-27 09:15:00,-19.054800000000014
2024-10-27 09:30:00,14.9452
2024-10-27 09:45:00,13.945199999999971
2024-10-27 10:00:00,-267.2164999999999
2024-10-27 10:15:00,-195.8164999999999
2024-10-27 10:30:00,-237.81649999999996
2024-10-27 10:45:00,-196.4164999999999
2024-10-27 11:00:00,-402.5923
2024-10-27 11:15:00,-503.7923
2024-10-27 11:30:00,-504.19230000000005
2024-10-27 11:45:00,-540.1923
2024-10-27 12:00:00,-524.3936
2024-10-27 12:15:00,-565.3936
2024-10-27 12:30:00,-549.9936
2024-10-27 12:45:00,-535.9936
2024-10-27 13:00:00,-429.1862
2024-10-27 13:15:00,-423.7862
2024-10-27 13:30:00,-365.98620000000005
2024-10-27 13:45:00,-412.38620000000003
2024-10-27 14:00:00,-144.48199999999997
2024-10-27 14:15:00,48.11800000000002
2024-10-27 14:30:00,11.518000000000029
2024-10-27 14:45:00,16.117999999999967
2024-10-27 15:00:00,324.4914
2024-10-27 15:15:00,283.49140000000006
2024-10-27 15:30:00,309.0914
2024-10-27 15:45:00,290.2914
2024-10-27 16:00:00,606.7959000000001
2024-10-27 16:15:00,682.3959
2024-10-27 16:30:00,628.7959
2024-10-27 16:45:00,626.9959
2024-10-27 17:00:00,847.5002
2024-10-27 17:15:00,913.7002
2024-10-27 17:30:00,760.1002000000001
2024-10-27 17:45:00,795.7002
2024-10-27 18:00:00,809.8000000000001
2024-10-27 18:15:00,831.5999999999999
2024-10-27 18:30:00,889.5999999999999
2024-10-27 18:45:00,864.6
2024-10-27 19:00:00,828.6
2024-10-27 19:15:00,840.5999999999999
2024-10-27 19:30:00,794.8
2024-10-27 19:45:00,749.8
2024-10-27 20:00:00,777.1999999999999
2024-10-27 20:15:00,803.4000000000001
2024-10-27 20:30:00,762.0
2024-10-27 20:45:00,817.6
2024-10-27 21:00:00,766.8
2024-10-27 21:15:00,735.4
2024-10-27 21:30:00,797.5999999999999
2024-10-27 21:45:00,737.6
2024-10-27 22:00:00,814.0
2024-10-27 22:15:00,729.6
2024-10-27 22:30:00,742.4
2024-10-27 22:45:00,708.1999999999999
2024-10-27 23:00:00,686.4
2024-10-27 23:15:00,1255.0
2024-10-27 23:30:00,1131.0
2024-10-27 23:45:00,1002.0000000000001
2024-10-28 00:00:00,750.0
2024-10-28 00:15:00,679.0
2024-10-28 00:30:00,685.8000000000001
2024-10-28 00:45:00,717.1999999999999
2024-10-28 01:00:00,749.2
2024-10-28 01:15:00,714.2
2024-10-28 01:30:00,675.6
2024-10-28 01:45:00,746.4
2024-10-28 02:00:00,686.4
2024-10-28 02:15:00,719.0
2024-10-28 02:30:00,750.8000000000001
2024-10-28 02:45:00,743.4
2024-10-28 03:00:00,664.6
2024-10-28 03:15:00,645.0
2024-10-28 03:30:00,673.1999999999999
2024-10-28 03:45:00,727.6
2024-10-28 04:00:00,742.6
2024-10-28 04:15:00,680.8
2024-10-28 04:30:00,681.2
2024-10-28 04:45:00,649.0
2024-10-28 05:00:00,658.2
2024-10-28 05:15:00,648.6
2024-10-28 05:30:00,677.0
2024-10-28 05:45:00,732.6000000000001
2024-10-28 06:00:00,989.4
2024-10-28 06:15:00,896.2
2024-10-28 06:30:00,831.1999999999999
2024-10-28 06:45:00,837.8
2024-10-28 07:00:00,659.7952
2024-10-28 07:15:00,645.3951999999999
2024-10-28 07:30:00,592.1951999999999
2024-10-28 07:45:00,613.1952
2024-10-28 08:00:00,465.81720000000007
2024-10-28 08:15:00,516.6172
2024-10-28 08:30:00,695.4172000000001
2024-10-28 08:45:00,776.8172000000001
2024-10-28 09:00:00,750.2821
2024-10-28 09:15:00,802.8821
2024-10-28 09:30:00,820.2821
2024-10-28 09:45:00,838.4821
2024-10-28 10:00:00,784.6969
2024-10-28 10:15:00,842.0969
2024-10-28 10:30:00,751.8969000000001
2024-10-28 10:45:00,786.8969000000001
2024-10-28 11:00:00,590.2468000000001
2024-10-28 11:15:00,521.8468000000001
2024-10-28 11:30:00,524.0468000000001
2024-10-28 11:45:00,567.8468
2024-10-28 12:00:00,552.0242
2024-10-28 12:15:00,516.4242
2024-10-28 12:30:00,448.4242
2024-10-28 12:45:00,422.6242
2024-10-28 13:00:00,476.3190000000001
2024-10-28 13:15:00,437.119
2024-10-28 13:30:00,471.319
2024-10-28 13:45:00,485.119
2024-10-28 14:00:00,650.2605
2024-10-28 14:15:00,773.4605
2024-10-28 14:30:00,776.8605000000001
2024-10-28 14:45:00,779.0605
2024-10-28 15:00:00,973.7897
2024-10-28 15:15:00,974.9897
2024-10-28 15:30:00,1092.9896999999999
2024-10-28 15:45:00,999.5897
2024-10-28 16:00:00,1345.0221
2024-10-28 16:15:00,1301.8220999999999
2024-10-28 16:30:00,1372.4221
2024-10-28 16:45:00,1409.6221
2024-10-28 17:00:00,1442.0868
2024-10-28 17:15:00,1397.4868
2024-10-28 17:30:00,1368.2868
2024-10-28 17:45:00,1364.4868
2024-10-28 18:00:00,1201.0
2024-10-28 18:15:00,1181.0
2024-10-28 18:30:00,1156.6000000000001
2024-10-28 18:45:00,1144.6000000000001
2024-10-28 19:00:00,1106.2
2024-10-28 19:15:00,1092.0
2024-10-28 19:30:00,1086.2
2024-10-28 19:45:00,1052.0
2024-10-28 20:00:00,1033.3999999999999
2024-10-28 20:15:00,965.5999999999999
2024-10-28 20:30:00,1011.1999999999999
2024-10-28 20:45:00,957.0
2024-10-28 21:00:00,945.9999999999999
2024-10-28 21:15:00,911.4
2024-10-28 21:30:00,896.2
2024-10-28 21:45:00,916.4
2024-10-28 22:00:00,877.8
2024-10-28 22:15:00,811.2
2024-10-28 22:30:00,842.1999999999999
2024-10-28 22:45:00,792.8
2024-10-28 23:00:00,762.0
2024-10-28 23:15:00,1013.4
2024-10-28 23:30:00,1051.2
2024-10-28 23:45:00,947.8000000000001
2024-10-29 00:00:00,768.0
2024-10-29 00:15:00,703.6
2024-10-29 00:30:00,669.1999999999999
2024-10-29 00:45:00,757.2
2024-10-29 01:00:00,730.4
2024-10-29 01:15:00,817.0
2024-10-29 01:30:00,799.1999999999999
2024-10-29 01:45:00,672.4
2024-10-29 02:00:00,754.0
2024-10-29 02:15:00,696.4000000000001
2024-10-29 02:30:00,688.4
2024-10-29 02:45:00,720.5999999999999
2024-10-29 03:00:00,722.8000000000001
2024-10-29 03:15:00,720.5999999999999
2024-10-29 03:30:00,730.6
2024-10-29 03:45:00,725.4
2024-10-29 04:00:00,697.0
2024-10-29 04:15:00,645.1999999999999
2024-10-29 04:30:00,648.4000000000001
2024-10-29 04:45:00,642.3999999999999
2024-10-29 05:00:00,749.4
2024-10-29 05:15:00,1007.0
2024-10-29 05:30:00,941.6000000000001
2024-10-29 05:45:00,808.8000000000001
2024-10-29 06:00:00,764.8
2024-10-29 06:15:00,780.4000000000001
2024-10-29 06:30:00,758.6
2024-10-29 06:45:00,763.8
2024-10-29 07:00:00,661.4171
2024-10-29 07:15:00,672.0171
2024-10-29 07:30:00,759.8171
2024-10-29 07:45:00,717.0171
2024-10-29 08:00:00,620.2943
2024-10-29 08:15:00,637.6943000000001
2024-10-29 08:30:00,796.8942999999999
2024-10-29 08:45:00,829.0943
2024-10-29 09:00:00,793.6834000000001
2024-10-29 09:15:00,962.4834000000001
2024-10-29 09:30:00,1007.8834000000002
2024-10-29 09:45:00,1028.0834
2024-10-29 10:00:00,862.7828999999999
2024-10-29 10:15:00,826.9829
2024-10-29 10:30:00,868.3829
2024-10-29 10:45:00,852.9829000000001
2024-10-29 11:00:00,809.8922
2024-10-29 11:15:00,761.2922
2024-10-29 11:30:00,781.0922
2024-10-29 11:45:00,777.6922
2024-10-29 12:00:00,716.5449
2024-10-29 12:15:00,681.5449
2024-10-29 12:30:00,614.9449
2024-10-29 12:45:00,586.3449
2024-10-29 13:00:00,620.2850999999999
2024-10-29 13:15:00,609.0851
2024-10-29 13:30:00,633.2850999999999
2024-10-29 13:45:00,727.4850999999999
2024-10-29 14:00:00,832.6752999999999
2024-10-29 14:15:00,1078.2753
2024-10-29 14:30:00,1059.4753
2024-10-29 14:45:00,1001.8753000000002
2024-10-29 15:00:00,1063.2664
2024-10-29 15:15:00,1113.8664
2024-10-29 15:30:00,1214.2664
2024-10-29 15:45:00,1226.4663999999998
2024-10-29 16:00:00,1322.0873000000001
2024-10-29 16:15:00,1393.2873
2024-10-29 16:30:00,1359.4873
2024-10-29 16:45:00,1331.6873
2024-10-29 17:00:00,1327.6234000000002
2024-10-29 17:15:00,1276.6234
2024-10-29 17:30:00,1303.0234
2024-10-29 17:45:00,1280.8234
2024-10-29 18:00:00,1259.4
2024-10-29 18:15:00,1205.6
2024-10-29 18:30:00,1171.6
2024-10-29 18:45:00,1118.1999999999998
2024-10-29 19:00:00,1126.6
2024-10-29 19:15:00,1069.6
2024-10-29 19:30:00,1040.1999999999998
2024-10-29 19:45:00,1046.6
2024-10-29 20:00:00,1012.4
2024-10-29 20:15:00,990.4000000000001
2024-10-29 20:30:00,949.8000000000001
2024-10-29 20:45:00,951.0000000000001
2024-10-29 21:00:00,956.2
2024-10-29 21:15:00,927.8
2024-10-29 21:30:00,887.4000000000001
2024-10-29 21:45:00,874.2
2024-10-29 22:00:00,869.3999999999999
2024-10-29 22:15:00,829.8000000000001
2024-10-29 22:30:00,822.4000000000001
2024-10-29 22:45:00,801.0
2024-10-29 23:00:00,863.8000000000001
2024-10-29 23:15:00,1325.2
2024-10-29 23:30:00,1274.9999999999998
2024-10-29 23:45:00,1098.6
2024-10-30 00:00:00,929.8000000000001
2024-10-30 00:15:00,794.1999999999999
2024-10-30 00:30:00,667.6
2024-10-30 00:45:00,662.0
2024-10-30 01:00:00,722.8000000000001
2024-10-30 01:15:00,800.8
2024-10-30 01:30:00,800.0
2024-10-30 01:45:00,686.8
2024-10-30 02:00:00,749.6
2024-10-30 02:15:00,679.4
2024-10-30 02:30:00,640.2
2024-10-30 02:45:00,621.2
2024-10-30 03:00:00,616.4
2024-10-30 03:15:00,614.6
2024-10-30 03:30:00,612.8
2024-10-30 03:45:00,685.2
2024-10-30 04:00:00,667.6
2024-10-30 04:15:00,653.6
2024-10-30 04:30:00,629.5999999999999
2024-10-30 04:45:00,604.0
2024-10-30 05:00:00,717.1999999999999
2024-10-30 05:15:00,667.4
2024-10-30 05:30:00,698.8000000000001
2024-10-30 05:45:00,793.0
2024-10-30 06:00:00,863.2
2024-10-30 06:15:00,765.8
2024-10-30 06:30:00,743.0
2024-10-30 06:45:00,775.4000000000001
2024-10-30 07:00:00,581.2208999999999
2024-10-30 07:15:00,589.2209
2024-10-30 07:30:00,613.2209
2024-10-30 07:45:00,569.4209000000001
2024-10-30 08:00:00,472.5518
2024-10-30 08:15:00,568.7518
2024-10-30 08:30:00,647.5518000000001
2024-10-30 08:45:00,711.3518
2024-10-30 09:00:00,459.63
2024-10-30 09:15:00,586.03
2024-10-30 09:30:00,641.63
2024-10-30 09:45:00,717.63
2024-10-30 10:00:00,699.0965000000001
2024-10-30 10:15:00,773.4965
2024-10-30 10:30:00,734.4965
2024-10-30 10:45:00,690.0964999999999
2024-10-30 11:00:00,468.21520000000004
2024-10-30 11:15:00,473.21520000000004
2024-10-30 11:30:00,463.8152
2024-10-30 11:45:00,525.6152
2024-10-30 12:00:00,625.0074999999999
2024-10-30 12:15:00,565.0075
2024-10-30 12:30:00,465.6075
2024-10-30 12:45:00,411.60749999999996
2024-10-30 13:00:00,278.6316999999999
2024-10-30 13:15:00,213.0317
2024-10-30 13:30:00,256.2317
2024-10-30 13:45:00,353.03170000000006
2024-10-30 14:00:00,683.0868
2024-10-30 14:15:00,787.8868
2024-10-30 14:30:00,822.6868000000001
2024-10-30 14:45:00,814.6868000000001
2024-10-30 15:00:00,845.3294999999999
2024-10-30 15:15:00,912.9295000000001
2024-10-30 15:30:00,950.7295000000001
2024-10-30 15:45:00,959.7295
2024-10-30 16:00:00,1163.3701
2024-10-30 16:15:00,1131.9701
2024-10-30 16:30:00,1257.3700999999999
2024-10-30 16:45:00,1301.5701
2024-10-30 17:00:00,1481.7324
2024-10-30 17:15:00,1313.7324
2024-10-30 17:30:00,1256.7324
2024-10-30 17:45:00,1215.7323999999999
2024-10-30 18:00:00,1249.6
2024-10-30 18:15:00,1161.4
2024-10-30 18:30:00,1120.1999999999998
2024-10-30 18:45:00,1081.4
2024-10-30 19:00:00,1000.6
2024-10-30 19:15:00,1001.8
2024-10-30 19:30:00,1014.0
2024-10-30 19:45:00,971.8
2024-10-30 20:00:00,964.5999999999999
2024-10-30 20:15:00,935.9999999999999
2024-10-30 20:30:00,911.8
2024-10-30 20:45:00,879.6
2024-10-30 21:00:00,899.4
2024-10-30 21:15:00,871.0
2024-10-30 21:30:00,854.0
2024-10-30 21:45:00,851.8000000000001
2024-10-30 22:00:00,855.6
2024-10-30 22:15:00,830.4
2024-10-30 22:30:00,804.8000000000001
2024-10-30 22:45:00,780.2
2024-10-30 23:00:00,814.0
2024-10-30 23:15:00,1056.0
2024-10-30 23:30:00,905.6
2024-10-30 23:45:00,859.4
2024-10-31 00:00:00,816.0000000000001
2024-10-31 00:15:00,738.6
2024-10-31 00:30:00,805.4000000000001
2024-10-31 00:45:00,631.0
2024-10-31 01:00:00,740.6
2024-10-31 01:15:00,749.4
2024-10-31 01:30:00,685.2
2024-10-31 01:45:00,650.8
2024-10-31 02:00:00,618.0
2024-10-31 02:15:00,607.6
2024-10-31 02:30:00,758.0
2024-10-31 02:45:00,808.2
2024-10-31 03:00:00,803.2
2024-10-31 03:15:00,852.8
2024-10-31 03:30:00,801.0
2024-10-31 03:45:00,814.4000000000001
2024-10-31 04:00:00,794.0
2024-10-31 04:15:00,760.0
2024-10-31 04:30:00,680.6
2024-10-31 04:45:00,666.6000000000001
2024-10-31 05:00:00,665.6
2024-10-31 05:15:00,676.0
2024-10-31 05:30:00,778.0
2024-10-31 05:45:00,878.4
2024-10-31 06:00:00,887.1999999999999
2024-10-31 06:15:00,776.0
2024-10-31 06:30:00,813.5999999999999
2024-10-31 06:45:00,783.5999999999999
2024-10-31 07:00:00,635.5199000000001
2024-10-31 07:15:00,699.3199
2024-10-31 07:30:00,635.3199
2024-10-31 07:45:00,801.7199
2024-10-31 08:00:00,571.531
2024-10-31 08:15:00,577.5310000000001
2024-10-31 08:30:00,694.731
2024-10-31 08:45:00,788.331
2024-10-31 09:00:00,445.4658
2024-10-31 09:15:00,391.46580000000006
2024-10-31 09:30:00,429.8658
2024-10-31 09:45:00,442.4658
2024-10-31 10:00:00,234.19650000000007
2024-10-31 10:15:00,210.59650000000002
2024-10-31 10:30:00,292.3965
2024-10-31 10:45:00,325.79650000000004
2024-10-31 11:00:00,301.4014000000001
2024-10-31 11:15:00,266.6014
2024-10-31 11:30:00,240.6014
2024-10-31 11:45:00,349.8014
2024-10-31 12:00:00,373.4133
2024-10-31 12:15:00,330.81329999999997
2024-10-31 12:30:00,262.81329999999997
2024-10-31 12:45:00,201.01329999999996
2024-10-31 13:00:00,290.5544
2024-10-31 13:15:00,270.95439999999996
2024-10-31 13:30:00,276.95439999999996
2024-10-31 13:45:00,299.5544
2024-10-31 14:00:00,482.31829999999997
2024-10-31 14:15:00,661.3183
2024-10-31 14:30:00,822.3183000000001
2024-10-31 14:45:00,784.9182999999999
2024-10-31 15:00:00,949.45
2024-10-31 15:15:00,945.4499999999999
2024-10-31 15:30:00,1049.05
2024-10-31 15:45:00,987.45
2024-10-31 16:00:00,1403.4263
2024-10-31 16:15:00,1324.4263
2024-10-31 16:30:00,1362.8263000000002
2024-10-31 16:45:00,1194.0263
2024-10-31 17:00:00,1428.4528
2024-10-31 17:15:00,1387.6527999999998
2024-10-31 17:30:00,1402.0528
2024-10-31 17:45:00,1328.4527999999998
2024-10-31 18:00:00,1290.6
2024-10-31 18:15:00,1189.4
2024-10-31 18:30:00,1197.8
2024-10-31 18:45:00,1074.6
2024-10-31 19:00:00,1092.8
2024-10-31 19:15:00,1070.2
2024-10-31 19:30:00,1016.4
2024-10-31 19:45:00,1002.0000000000001
2024-10-31 20:00:00,988.4000000000001
2024-10-31 20:15:00,961.2
2024-10-31 20:30:00,952.0
2024-10-31 20:45:00,959.9999999999999
2024-10-31 21:00:00,1042.2
2024-10-31 21:15:00,948.8
2024-10-31 21:30:00,932.6
2024-10-31 21:45:00,904.8
2024-10-31 22:00:00,855.2
2024-10-31 22:15:00,830.6
2024-10-31 22:30:00,813.6
2024-10-31 22:45:00,764.8
2024-10-31 23:00:00,754.8000000000001
2024-10-31 23:15:00,976.8000000000001
2024-10-31 23:30:00,949.6
2024-10-31 23:45:00,933.0
2024-11-01 00:00:00,943.4
2024-11-01 00:15:00,951.0
2024-11-01 00:30:00,788.4
2024-11-01 00:45:00,651.1999999999999
2024-11-01 01:00:00,616.4
2024-11-01 01:15:00,603.1999999999999
2024-11-01 01:30:00,609.5999999999999
2024-11-01 01:45:00,656.0
2024-11-01 02:00:00,714.2
2024-11-01 02:15:00,725.5999999999999
2024-11-01 02:30:00,724.9999999999999
2024-11-01 02:45:00,686.0
2024-11-01 03:00:00,672.0
2024-11-01 03:15:00,855.6
2024-11-01 03:30:00,773.2
2024-11-01 03:45:00,788.6
2024-11-01 04:00:00,667.0
2024-11-01 04:15:00,682.4
2024-11-01 04:30:00,694.6
2024-11-01 04:45:00,668.2
2024-11-01 05:00:00,738.6
2024-11-01 05:15:00,586.8
2024-11-01 05:30:00,757.6
2024-11-01 05:45:00,730.5999999999999
2024-11-01 06:00:00,813.8
2024-11-01 06:15:00,858.8000000000001
2024-11-01 06:30:00,861.8000000000001
2024-11-01 06:45:00,942.2
2024-11-01 07:00:00,791.1648
2024-11-01 07:15:00,760.9648
2024-11-01 07:30:00,723.9648
2024-11-01 07:45:00,796.5648
2024-11-01 08:00:00,663.2289000000001
2024-11-01 08:15:00,611.4289
2024-11-01 08:30:00,645.8289
2024-11-01 08:45:00,821.2289
2024-11-01 09:00:00,767.4621
2024-11-01 09:15:00,726.4621
2024-11-01 09:30:00,871.6621
2024-11-01 09:45:00,845.8620999999999
2024-11-01 10:00:00,612.1936
2024-11-01 10:15:00,765.7936
2024-11-01 10:30:00,588.7936
2024-11-01 10:45:00,623.1936
2024-11-01 11:00:00,588.7054
2024-11-01 11:15:00,582.7053999999999
2024-11-01 11:30:00,578.7053999999999
2024-11-01 11:45:00,583.7053999999999
2024-11-01 12:00:00,579.501
2024-11-01 12:15:00,580.501
2024-11-01 12:30:00,469.7010000000001
2024-11-01 12:45:00,324.301
2024-11-01 13:00:00,368.68829999999997
2024-11-01 13:15:00,367.48830000000004
2024-11-01 13:30:00,446.6883
2024-11-01 13:45:00,462.28830000000005
2024-11-01 14:00:00,779.0255
2024-11-01 14:15:00,925.2254999999999
2024-11-01 14:30:00,914.6255
2024-11-01 14:45:00,866.8255
2024-11-01 15:00:00,973.8918000000001
2024-11-01 15:15:00,993.6918000000001
2024-11-01 15:30:00,1148.8917999999999
2024-11-01 15:45:00,1050.8918
2024-11-01 16:00:00,1394.4261000000001
2024-11-01 16:15:00,1253.2260999999999
2024-11-01 16:30:00,1271.0261
2024-11-01 16:45:00,1269.8261
2024-11-01 17:00:00,1317.8482000000001
2024-11-01 17:15:00,1365.2482
2024-11-01 17:30:00,1298.8482
2024-11-01 17:45:00,1196.0482
2024-11-01 18:00:00,1218.6000000000001
2024-11-01 18:15:00,1137.4
2024-11-01 18:30:00,1117.6000000000001
2024-11-01 18:45:00,1036.4
2024-11-01 19:00:00,977.2
2024-11-01 19:15:00,955.0
2024-11-01 19:30:00,950.1999999999999
2024-11-01 19:45:00,920.6
2024-11-01 20:00:00,985.4000000000001
2024-11-01 20:15:00,948.6
2024-11-01 20:30:00,914.8
2024-11-01 20:45:00,886.2
2024-11-01 21:00:00,890.5999999999999
2024-11-01 21:15:00,958.6
2024-11-01 21:30:00,906.8
2024-11-01 21:45:00,887.0
2024-11-01 22:00:00,800.8
2024-11-01 22:15:00,764.0
2024-11-01 22:30:00,699.6
2024-11-01 22:45:00,717.0
2024-11-01 23:00:00,691.5999999999999
2024-11-01 23:15:00,1203.8
2024-11-01 23:30:00,1125.4
2024-11-01 23:45:00,977.4
2024-11-02 00:00:00,762.8
2024-11-02 00:15:00,758.1999999999999
2024-11-02 00:30:00,727.5999999999999
2024-11-02 00:45:00,798.6
2024-11-02 01:00:00,691.8
2024-11-02 01:15:00,694.2
2024-11-02 01:30:00,731.4
2024-11-02 01:45:00,755.4
2024-11-02 02:00:00,883.4
2024-11-02 02:15:00,830.2
2024-11-02 02:30:00,751.4
2024-11-02 02:45:00,622.8000000000001
2024-11-02 03:00:00,626.4000000000001
2024-11-02 03:15:00,595.8
2024-11-02 03:30:00,624.6
2024-11-02 03:45:00,636.0
2024-11-02 04:00:00,642.8
2024-11-02 04:15:00,645.0
2024-11-02 04:30:00,633.6
2024-11-02 04:45:00,649.6
2024-11-02 05:00:00,695.8
2024-11-02 05:15:00,648.8000000000001
2024-11-02 05:30:00,605.8
2024-11-02 05:45:00,866.8
2024-11-02 06:00:00,924.0
2024-11-02 06:15:00,839.6
2024-11-02 06:30:00,803.4
2024-11-02 06:45:00,754.8000000000001
2024-11-02 07:00:00,724.0323000000001
2024-11-02 07:15:00,653.4322999999999
2024-11-02 07:30:00,628.8323
2024-11-02 07:45:00,757.2322999999999
2024-11-02 08:00:00,513.1435
2024-11-02 08:15:00,457.5435
2024-11-02 08:30:00,460.7434999999999
2024-11-02 08:45:00,501.9435
2024-11-02 09:00:00,296.8073
2024-11-02 09:15:00,344.80729999999994
2024-11-02 09:30:00,368.40729999999996
2024-11-02 09:45:00,400.80730000000005
2024-11-02 10:00:00,44.77520000000003
2024-11-02 10:15:00,89.97520000000003
2024-11-02 10:30:00,225.17520000000002
2024-11-02 10:45:00,150.97520000000003
2024-11-02 11:00:00,-28.04609999999994
2024-11-02 11:15:00,-68.44609999999994
2024-11-02 11:30:00,-104.84609999999998
2024-11-02 11:45:00,-104.2461
2024-11-02 12:00:00,-268.1452
2024-11-02 12:15:00,-244.74520000000004
2024-11-02 12:30:00,-276.74519999999995
2024-11-02 12:45:00,-274.5452
2024-11-02 13:00:00,-228.60049999999998
2024-11-02 13:15:00,-196.80049999999997
2024-11-02 13:30:00,-218.80049999999994
2024-11-02 13:45:00,-220.20049999999998
2024-11-02 14:00:00,121.89049999999997
2024-11-02 14:15:00,324.0905
2024-11-02 14:30:00,359.69050000000004
2024-11-02 14:45:00,404.69050000000004
2024-11-02 15:00:00,697.7542
2024-11-02 15:15:00,676.7542
2024-11-02 15:30:00,832.9542
2024-11-02 15:45:00,743.5542
2024-11-02 16:00:00,831.5426
2024-11-02 16:15:00,887.3426
2024-11-02 16:30:00,1009.5426000000001
2024-11-02 16:45:00,1041.9426
2024-11-02 17:00:00,978.1515999999999
2024-11-02 17:15:00,1033.3516
2024-11-02 17:30:00,938.7515999999999
2024-11-02 17:45:00,895.9516
2024-11-02 18:00:00,877.2
2024-11-02 18:15:00,870.2
2024-11-02 18:30:00,843.4000000000001
2024-11-02 18:45:00,856.1999999999999
2024-11-02 19:00:00,805.4000000000001
2024-11-02 19:15:00,915.2
2024-11-02 19:30:00,880.4
2024-11-02 19:45:00,790.8
2024-11-02 20:00:00,782.5999999999999
2024-11-02 20:15:00,777.2
2024-11-02 20:30:00,808.0
2024-11-02 20:45:00,775.8
2024-11-02 21:00:00,762.2
2024-11-02 21:15:00,761.6
2024-11-02 21:30:00,739.8
2024-11-02 21:45:00,714.2
2024-11-02 22:00:00,715.8000000000001
2024-11-02 22:15:00,666.6
2024-11-02 22:30:00,648.8000000000001
2024-11-02 22:45:00,660.8
2024-11-02 23:00:00,642.2
2024-11-02 23:15:00,1050.8
2024-11-02 23:30:00,1013.4
2024-11-02 23:45:00,901.2
2024-11-03 00:00:00,827.0000000000001
2024-11-03 00:15:00,787.4000000000001
2024-11-03 00:30:00,797.8
2024-11-03 00:45:00,784.8000000000001
2024-11-03 01:00:00,732.4
2024-11-03 01:15:00,797.4
2024-11-03 01:30:00,853.0
2024-11-03 01:45:00,733.6
2024-11-03 02:00:00,636.6
2024-11-03 02:15:00,590.0
2024-11-03 02:30:00,602.8
2024-11-03 02:45:00,600.0
2024-11-03 03:00:00,583.4
2024-11-03 03:15:00,607.2
2024-11-03 03:30:00,588.5999999999999
2024-11-03 03:45:00,651.0
2024-11-03 04:00:00,672.2
2024-11-03 04:15:00,731.8
2024-11-03 04:30:00,761.6
2024-11-03 04:45:00,690.0
2024-11-03 05:00:00,735.4
2024-11-03 05:15:00,645.2
2024-11-03 05:30:00,665.8000000000001
2024-11-03 05:45:00,856.2
2024-11-03 06:00:00,866.0
2024-11-03 06:15:00,854.6
2024-11-03 06:30:00,799.6
2024-11-03 06:45:00,757.4000000000001
2024-11-03 07:00:00,673.7974
2024-11-03 07:15:00,502.9974
2024-11-03 07:30:00,481.9974
2024-11-03 07:45:00,504.1974
2024-11-03 08:00:00,361.55640000000005
2024-11-03 08:15:00,367.95640000000003
2024-11-03 08:30:00,337.3564
2024-11-03 08:45:00,343.3564
2024-11-03 09:00:00,154.3413
2024-11-03 09:15:00,273.5413
2024-11-03 09:30:00,275.7413
2024-11-03 09:45:00,357.9413
2024-11-03 10:00:00,156.25609999999995
2024-11-03 10:15:00,188.85609999999994
2024-11-03 10:30:00,143.05609999999996
2024-11-03 10:45:00,105.65610000000004
2024-11-03 11:00:00,220.37430000000003
2024-11-03 11:15:00,210.77429999999998
2024-11-03 11:30:00,236.17430000000002
2024-11-03 11:45:00,215.3743
2024-11-03 12:00:00,83.27280000000003
2024-11-03 12:15:00,85.47280000000003
2024-11-03 12:30:00,59.27280000000006
2024-11-03 12:45:00,73.47280000000003
2024-11-03 13:00:00,-31.989100000000008
2024-11-03 13:15:00,-35.989100000000036
2024-11-03 13:30:00,-29.189099999999982
2024-11-03 13:45:00,-15.789100000000019
2024-11-03 14:00:00,86.74729999999997
2024-11-03 14:15:00,67.54729999999995
2024-11-03 14:30:00,126.94729999999993
2024-11-03 14:45:00,108.14730000000002
2024-11-03 15:00:00,394.46529999999996
2024-11-03 15:15:00,612.4653000000001
2024-11-03 15:30:00,524.0653
2024-11-03 15:45:00,526.4653
2024-11-03 16:00:00,824.7147
2024-11-03 16:15:00,868.7147
2024-11-03 16:30:00,865.7147
2024-11-03 16:45:00,775.3146999999999
2024-11-03 17:00:00,1004.0369000000001
2024-11-03 17:15:00,977.6369
2024-11-03 17:30:00,903.2369
2024-11-03 17:45:00,843.6369
2024-11-03 18:00:00,794.8000000000001
2024-11-03 18:15:00,807.0
2024-11-03 18:30:00,799.8
2024-11-03 18:45:00,799.5999999999999
2024-11-03 19:00:00,773.4
2024-11-03 19:15:00,809.4000000000001
2024-11-03 19:30:00,890.0
2024-11-03 19:45:00,776.2
2024-11-03 20:00:00,790.8000000000001
2024-11-03 20:15:00,740.2
2024-11-03 20:30:00,743.4
2024-11-03 20:45:00,741.8
2024-11-03 21:00:00,723.3999999999999
2024-11-03 21:15:00,777.0
2024-11-03 21:30:00,881.0
2024-11-03 21:45:00,860.4
2024-11-03 22:00:00,819.4000000000001
2024-11-03 22:15:00,713.1999999999999
2024-11-03 22:30:00,701.5999999999999
2024-11-03 22:45:00,704.8
2024-11-03 23:00:00,718.2
2024-11-03 23:15:00,1148.2
2024-11-03 23:30:00,1040.6
2024-11-03 23:45:00,986.0
2024-11-04 00:00:00,899.6
2024-11-04 00:15:00,787.4
2024-11-04 00:30:00,890.8
2024-11-04 00:45:00,935.0000000000001
2024-11-04 01:00:00,861.6
2024-11-04 01:15:00,682.8000000000001
2024-11-04 01:30:00,663.8000000000001
2024-11-04 01:45:00,645.6
2024-11-04 02:00:00,653.2
2024-11-04 02:15:00,706.0000000000001
2024-11-04 02:30:00,758.2
2024-11-04 02:45:00,655.0
2024-11-04 03:00:00,731.0
2024-11-04 03:15:00,621.2
2024-11-04 03:30:00,612.8
2024-11-04 03:45:00,628.0000000000001
2024-11-04 04:00:00,599.0
2024-11-04 04:15:00,626.8
2024-11-04 04:30:00,636.0
2024-11-04 04:45:00,633.4
2024-11-04 05:00:00,601.2
2024-11-04 05:15:00,676.8
2024-11-04 05:30:00,864.2
2024-11-04 05:45:00,1033.2
2024-11-04 06:00:00,1061.2
2024-11-04 06:15:00,1029.6
2024-11-04 06:30:00,961.4
2024-11-04 06:45:00,919.8
2024-11-04 07:00:00,737.4556
2024-11-04 07:15:00,695.2556
2024-11-04 07:30:00,789.4556
2024-11-04 07:45:00,753.0556
2024-11-04 08:00:00,624.5805
2024-11-04 08:15:00,640.5805
2024-11-04 08:30:00,817.3805
2024-11-04 08:45:00,881.9805000000001
2024-11-04 09:00:00,574.9902999999999
2024-11-04 09:15:00,541.1903000000001
2024-11-04 09:30:00,613.5903000000001
2024-11-04 09:45:00,727.3902999999999
2024-11-04 10:00:00,357.1004
2024-11-04 10:15:00,513.7004
2024-11-04 10:30:00,495.1004
2024-11-04 10:45:00,385.30039999999997
2024-11-04 11:00:00,383.5134999999999
2024-11-04 11:15:00,335.3134999999999
2024-11-04 11:30:00,310.5134999999999
2024-11-04 11:45:00,305.3134999999999
2024-11-04 12:00:00,266.4929000000001
2024-11-04 12:15:00,275.8929000000001
2024-11-04 12:30:00,154.69290000000012
2024-11-04 12:45:00,132.89290000000008
2024-11-04 13:00:00,137.1431
2024-11-04 13:15:00,124.54309999999998
2024-11-04 13:30:00,168.54310000000004
2024-11-04 13:45:00,232.14309999999995
2024-11-04 14:00:00,498.5901
2024-11-04 14:15:00,693.1901
2024-11-04 14:30:00,635.9900999999999
2024-11-04 14:45:00,714.1901
2024-11-04 15:00:00,1132.0584000000001
2024-11-04 15:15:00,1136.8583999999998
2024-11-04 15:30:00,1023.2583999999999
2024-11-04 15:45:00,902.8584000000001
2024-11-04 16:00:00,1287.1734000000001
2024-11-04 16:15:00,1258.1734000000001
2024-11-04 16:30:00,1410.7734
2024-11-04 16:45:00,1385.1734
2024-11-04 17:00:00,1440.8224
2024-11-04 17:15:00,1356.2224
2024-11-04 17:30:00,1423.2223999999999
2024-11-04 17:45:00,1353.8224
2024-11-04 18:00:00,1300.0
2024-11-04 18:15:00,1267.0
2024-11-04 18:30:00,1206.8
2024-11-04 18:45:00,1279.8000000000002
2024-11-04 19:00:00,1144.0
2024-11-04 19:15:00,1090.2
2024-11-04 19:30:00,1066.8
2024-11-04 19:45:00,1047.0
2024-11-04 20:00:00,1057.0
2024-11-04 20:15:00,996.9999999999999
2024-11-04 20:30:00,967.4
2024-11-04 20:45:00,945.2
2024-11-04 21:00:00,908.2
2024-11-04 21:15:00,869.8
2024-11-04 21:30:00,862.2
2024-11-04 21:45:00,860.5999999999999
2024-11-04 22:00:00,842.5999999999999
2024-11-04 22:15:00,796.6
2024-11-04 22:30:00,757.0
2024-11-04 22:45:00,732.4
2024-11-04 23:00:00,704.6000000000001
2024-11-04 23:15:00,1153.6
2024-11-04 23:30:00,1007.1999999999999
2024-11-04 23:45:00,877.8
2024-11-05 00:00:00,758.6
2024-11-05 00:15:00,646.1999999999999
2024-11-05 00:30:00,616.2
2024-11-05 00:45:00,610.2
2024-11-05 01:00:00,628.6
2024-11-05 01:15:00,728.8
2024-11-05 01:30:00,643.8
2024-11-05 01:45:00,630.1999999999999
2024-11-05 02:00:00,670.8
2024-11-05 02:15:00,622.0
2024-11-05 02:30:00,710.4
2024-11-05 02:45:00,675.8000000000001
2024-11-05 03:00:00,667.3999999999999
2024-11-05 03:15:00,749.2
2024-11-05 03:30:00,715.4
2024-11-05 03:45:00,670.6
2024-11-05 04:00:00,690.8000000000001
2024-11-05 04:15:00,619.6
2024-11-05 04:30:00,592.6
2024-11-05 04:45:00,629.4
2024-11-05 05:00:00,630.0
2024-11-05 05:15:00,626.8
2024-11-05 05:30:00,790.6
2024-11-05 05:45:00,809.0000000000001
2024-11-05 06:00:00,908.6
2024-11-05 06:15:00,918.8
2024-11-05 06:30:00,879.3999999999999
2024-11-05 06:45:00,931.2
2024-11-05 07:00:00,761.9987
2024-11-05 07:15:00,640.9987
2024-11-05 07:30:00,589.3987
2024-11-05 07:45:00,586.5987
2024-11-05 08:00:00,338.67780000000005
2024-11-05 08:15:00,390.87780000000004
2024-11-05 08:30:00,440.47780000000006
2024-11-05 08:45:00,582.4778000000001
2024-11-05 09:00:00,419.4735999999999
2024-11-05 09:15:00,423.47360000000003
2024-11-05 09:30:00,328.67359999999996
2024-11-05 09:45:00,458.67359999999996
2024-11-05 10:00:00,403.688
2024-11-05 10:15:00,461.888
2024-11-05 10:30:00,478.688
2024-11-05 10:45:00,371.688
2024-11-05 11:00:00,156.82770000000002
2024-11-05 11:15:00,182.62769999999995
2024-11-05 11:30:00,152.62769999999998
2024-11-05 11:45:00,172.02769999999998
2024-11-05 12:00:00,184.86490000000006
2024-11-05 12:15:00,114.86489999999999
2024-11-05 12:30:00,44.2649
2024-11-05 12:45:00,-1.5350999999999786
2024-11-05 13:00:00,104.60550000000006
2024-11-05 13:15:00,10.205500000000029
2024-11-05 13:30:00,-21.19449999999989
2024-11-05 13:45:00,116.20550000000003
2024-11-05 14:00:00,294.83729999999997
2024-11-05 14:15:00,482.23730000000006
2024-11-05 14:30:00,486.43730000000005
2024-11-05 14:45:00,455.4373
2024-11-05 15:00:00,800.3093
2024-11-05 15:15:00,787.7093
2024-11-05 15:30:00,823.7093000000001
2024-11-05 15:45:00,773.1093000000001
2024-11-05 16:00:00,1036.3569
2024-11-05 16:15:00,1037.9569
2024-11-05 16:30:00,1139.3569
2024-11-05 16:45:00,1238.7569
2024-11-05 17:00:00,1423.4492
2024-11-05 17:15:00,1432.6491999999998
2024-11-05 17:30:00,1239.6492
2024-11-05 17:45:00,1309.4492
2024-11-05 18:00:00,1192.8
2024-11-05 18:15:00,1094.2
2024-11-05 18:30:00,1081.6000000000001
2024-11-05 18:45:00,1009.4000000000001
2024-11-05 19:00:00,990.0
2024-11-05 19:15:00,977.8
2024-11-05 19:30:00,974.0
2024-11-05 19:45:00,989.6
2024-11-05 20:00:00,965.8
2024-11-05 20:15:00,932.0
2024-11-05 20:30:00,907.4000000000001
2024-11-05 20:45:00,910.0
2024-11-05 21:00:00,904.0
2024-11-05 21:15:00,888.4000000000001
2024-11-05 21:30:00,872.2
2024-11-05 21:45:00,885.4
2024-11-05 22:00:00,851.0
2024-11-05 22:15:00,845.2
2024-11-05 22:30:00,798.5999999999999
2024-11-05 22:45:00,791.8000000000001
2024-11-05 23:00:00,784.4
2024-11-05 23:15:00,977.8
2024-11-05 23:30:00,1122.8
2024-11-05 23:45:00,972.5999999999999
2024-11-06 00:00:00,835.4000000000001
2024-11-06 00:15:00,754.4000000000001
2024-11-06 00:30:00,764.1999999999999
2024-11-06 00:45:00,751.1999999999999
2024-11-06 01:00:00,629.8
2024-11-06 01:15:00,621.4000000000001
2024-11-06 01:30:00,748.1999999999999
2024-11-06 01:45:00,734.6
2024-11-06 02:00:00,680.1999999999999
2024-11-06 02:15:00,615.0
2024-11-06 02:30:00,608.0
2024-11-06 02:45:00,694.1999999999999
2024-11-06 03:00:00,694.8
2024-11-06 03:15:00,697.5999999999999
2024-11-06 03:30:00,626.4
2024-11-06 03:45:00,603.8
2024-11-06 04:00:00,616.0
2024-11-06 04:15:00,617.2
2024-11-06 04:30:00,612.4
2024-11-06 04:45:00,608.2
2024-11-06 05:00:00,609.0
2024-11-06 05:15:00,658.8
2024-11-06 05:30:00,721.1999999999999
2024-11-06 05:45:00,791.4
2024-11-06 06:00:00,828.0
2024-11-06 06:15:00,897.2
2024-11-06 06:30:00,859.4
2024-11-06 06:45:00,835.8
2024-11-06 07:00:00,695.9164000000001
2024-11-06 07:15:00,643.9164
2024-11-06 07:30:00,577.1164
2024-11-06 07:45:00,606.3164
2024-11-06 08:00:00,323.9207
2024-11-06 08:15:00,378.9207
2024-11-06 08:30:00,400.12070000000006
2024-11-06 08:45:00,481.52070000000003
2024-11-06 09:00:00,274.96360000000004
2024-11-06 09:15:00,344.76359999999994
2024-11-06 09:30:00,590.5636000000001
2024-11-06 09:45:00,673.9636
2024-11-06 10:00:00,389.3629
2024-11-06 10:15:00,251.16290000000004
2024-11-06 10:30:00,237.36290000000008
2024-11-06 10:45:00,274.76290000000006
2024-11-06 11:00:00,144.56550000000001
2024-11-06 11:15:00,149.56550000000004
2024-11-06 11:30:00,120.3655
2024-11-06 11:45:00,141.56550000000004
2024-11-06 12:00:00,102.05879999999996
2024-11-06 12:15:00,-15.341200000000015
2024-11-06 12:30:00,-24.74120000000005
2024-11-06 12:45:00,-52.74120000000008
2024-11-06 13:00:00,1.0981999999999914
2024-11-06 13:15:00,-52.30180000000003
2024-11-06 13:30:00,-32.901799999999994
2024-11-06 13:45:00,78.89819999999995
2024-11-06 14:00:00,388.4848
2024-11-06 14:15:00,467.2848
2024-11-06 14:30:00,490.68479999999994
2024-11-06 14:45:00,594.8848
2024-11-06 15:00:00,876.7341
2024-11-06 15:15:00,796.9341000000001
2024-11-06 15:30:00,910.1341
2024-11-06 15:45:00,878.9341000000001
2024-11-06 16:00:00,1178.035
2024-11-06 16:15:00,1048.435
2024-11-06 16:30:00,1069.2350000000001
2024-11-06 16:45:00,1072.035
2024-11-06 17:00:00,1348.6723
2024-11-06 17:15:00,1241.8723
2024-11-06 17:30:00,1288.6723
2024-11-06 17:45:00,1285.8723
2024-11-06 18:00:00,1162.6
2024-11-06 18:15:00,1187.8
2024-11-06 18:30:00,1152.6000000000001
2024-11-06 18:45:00,1070.0
2024-11-06 19:00:00,1018.8
2024-11-06 19:15:00,948.2
2024-11-06 19:30:00,999.4
2024-11-06 19:45:00,958.8
2024-11-06 20:00:00,975.0
2024-11-06 20:15:00,888.0
2024-11-06 20:30:00,834.8
2024-11-06 20:45:00,865.8000000000001
2024-11-06 21:00:00,811.6
2024-11-06 21:15:00,802.8
2024-11-06 21:30:00,777.6
2024-11-06 21:45:00,776.2
2024-11-06 22:00:00,753.5999999999999
2024-11-06 22:15:00,775.0
2024-11-06 22:30:00,724.8000000000001
2024-11-06 22:45:00,722.5999999999999
2024-11-06 23:00:00,666.0
2024-11-06 23:15:00,628.6
2024-11-06 23:30:00,635.6
2024-11-06 23:45:00,623.6
2024-11-07 00:00:00,599.6
2024-11-07 00:15:00,561.2
2024-11-07 00:30:00,545.4
2024-11-07 00:45:00,549.2
2024-11-07 01:00:00,535.8000000000001
2024-11-07 01:15:00,531.0
2024-11-07 01:30:00,521.4
2024-11-07 01:45:00,519.6
2024-11-07 02:00:00,523.4
2024-11-07 02:15:00,518.0
2024-11-07 02:30:00,514.0
2024-11-07 02:45:00,494.20000000000005
2024-11-07 03:00:00,526.0
2024-11-07 03:15:00,529.5999999999999
2024-11-07 03:30:00,524.5999999999999
2024-11-07 03:45:00,513.1999999999999
2024-11-07 04:00:00,502.6
2024-11-07 04:15:00,517.4
2024-11-07 04:30:00,521.4
2024-11-07 04:45:00,511.8
2024-11-07 05:00:00,526.4
2024-11-07 05:15:00,523.6
2024-11-07 05:30:00,533.0
2024-11-07 05:45:00,547.0
2024-11-07 06:00:00,551.6
2024-11-07 06:15:00,538.2
2024-11-07 06:30:00,553.0
2024-11-07 06:45:00,560.2
2024-11-07 07:00:00,480.51700000000005
2024-11-07 07:15:00,531.717
2024-11-07 07:30:00,549.5169999999999
2024-11-07 07:45:00,511.717
2024-11-07 08:00:00,327.92819999999995
2024-11-07 08:15:00,363.32820000000004
2024-11-07 08:30:00,425.92820000000006
2024-11-07 08:45:00,547.1282
2024-11-07 09:00:00,374.04279999999994
2024-11-07 09:15:00,387.2428
2024-11-07 09:30:00,452.8428
2024-11-07 09:45:00,519.6428
2024-11-07 10:00:00,327.82970000000006
2024-11-07 10:15:00,381.4297
2024-11-07 10:30:00,397.0297
2024-11-07 10:45:00,398.6297000000001
2024-11-07 11:00:00,194.4548
2024-11-07 11:15:00,223.65480000000002
2024-11-07 11:30:00,217.45480000000003
2024-11-07 11:45:00,327.25480000000005
2024-11-07 12:00:00,238.97730000000004
2024-11-07 12:15:00,239.77730000000003
2024-11-07 12:30:00,190.37730000000002
2024-11-07 12:45:00,61.37729999999998
2024-11-07 13:00:00,237.39639999999991
2024-11-07 13:15:00,272.59639999999985
2024-11-07 13:30:00,208.39639999999986
2024-11-07 13:45:00,201.99639999999988
2024-11-07 14:00:00,391.5113999999999
2024-11-07 14:15:00,589.7113999999999
2024-11-07 14:30:00,576.1114
2024-11-07 14:45:00,515.1114
2024-11-07 15:00:00,765.0629000000001
2024-11-07 15:15:00,787.2629000000001
2024-11-07 15:30:00,968.8629000000001
2024-11-07 15:45:00,857.4629
2024-11-07 16:00:00,1221.2619
2024-11-07 16:15:00,1183.6619
2024-11-07 16:30:00,1134.2619
2024-11-07 16:45:00,1242.0619000000002
2024-11-07 17:00:00,1443.816
2024-11-07 17:15:00,1346.616
2024-11-07 17:30:00,1325.016
2024-11-07 17:45:00,1407.616
2024-11-07 18:00:00,1368.8
2024-11-07 18:15:00,1081.6
2024-11-07 18:30:00,1093.6
2024-11-07 18:45:00,997.8000000000001
2024-11-07 19:00:00,984.2
2024-11-07 19:15:00,931.6
2024-11-07 19:30:00,948.6000000000001
2024-11-07 19:45:00,1027.4
2024-11-07 20:00:00,949.5999999999999
2024-11-07 20:15:00,921.0000000000001
2024-11-07 20:30:00,880.6
2024-11-07 20:45:00,912.8
2024-11-07 21:00:00,868.0000000000001
2024-11-07 21:15:00,819.0
2024-11-07 21:30:00,825.9999999999999
2024-11-07 21:45:00,785.8
2024-11-07 22:00:00,776.8000000000001
2024-11-07 22:15:00,809.8000000000001
2024-11-07 22:30:00,791.0
2024-11-07 22:45:00,732.4
2024-11-07 23:00:00,746.8
2024-11-07 23:15:00,1107.0
2024-11-07 23:30:00,865.8000000000001
2024-11-07 23:45:00,671.8
2024-11-08 00:00:00,710.4000000000001
2024-11-08 00:15:00,636.0
2024-11-08 00:30:00,673.4
2024-11-08 00:45:00,578.0
2024-11-08 01:00:00,565.4
2024-11-08 01:15:00,517.8
2024-11-08 01:30:00,564.6
2024-11-08 01:45:00,585.8000000000001
2024-11-08 02:00:00,548.2
2024-11-08 02:15:00,552.6
2024-11-08 02:30:00,498.40000000000003
2024-11-08 02:45:00,507.2
2024-11-08 03:00:00,664.6
2024-11-08 03:15:00,690.2
2024-11-08 03:30:00,597.6
2024-11-08 03:45:00,517.1999999999999
2024-11-08 04:00:00,508.4
2024-11-08 04:15:00,500.40000000000003
2024-11-08 04:30:00,510.8
2024-11-08 04:45:00,516.0
2024-11-08 05:00:00,543.0
2024-11-08 05:15:00,644.6
2024-11-08 05:30:00,644.2
2024-11-08 05:45:00,682.2
2024-11-08 06:00:00,798.8
2024-11-08 06:15:00,734.0
2024-11-08 06:30:00,728.0000000000001
2024-11-08 06:45:00,639.0
2024-11-08 07:00:00,611.4129
2024-11-08 07:15:00,556.4129
2024-11-08 07:30:00,657.0129000000001
2024-11-08 07:45:00,625.6129000000001
2024-11-08 08:00:00,738.8243
2024-11-08 08:15:00,640.0243
2024-11-08 08:30:00,705.2243
2024-11-08 08:45:00,756.4243
2024-11-08 09:00:00,691.6795
2024-11-08 09:15:00,777.2795
2024-11-08 09:30:00,763.6795000000001
2024-11-08 09:45:00,799.0795
2024-11-08 10:00:00,786.9096000000001
2024-11-08 10:15:00,756.3096
2024-11-08 10:30:00,770.3096
2024-11-08 10:45:00,700.1096
2024-11-08 11:00:00,668.2436
2024-11-08 11:15:00,621.0436
2024-11-08 11:30:00,674.6436
2024-11-08 11:45:00,654.4436000000001
2024-11-08 12:00:00,606.4016
2024-11-08 12:15:00,542.6016
2024-11-08 12:30:00,515.4016
2024-11-08 12:45:00,467.40160000000003
2024-11-08 13:00:00,499.1094
2024-11-08 13:15:00,476.9094000000001
2024-11-08 13:30:00,457.7094
2024-11-08 13:45:00,511.5094
2024-11-08 14:00:00,637.2932999999999
2024-11-08 14:15:00,940.2933
2024-11-08 14:30:00,921.8933000000001
2024-11-08 14:45:00,798.6932999999999
2024-11-08 15:00:00,938.1568000000001
2024-11-08 15:15:00,1099.7567999999999
2024-11-08 15:30:00,1189.3568
2024-11-08 15:45:00,1218.7567999999999
2024-11-08 16:00:00,1297.9341000000002
2024-11-08 16:15:00,1096.9341
2024-11-08 16:30:00,1265.1341000000002
2024-11-08 16:45:00,1225.7341000000001
2024-11-08 17:00:00,1254.0
2024-11-08 17:15:00,1306.2
2024-11-08 17:30:00,1259.6
2024-11-08 17:45:00,1189.8
2024-11-08 18:00:00,1097.4
2024-11-08 18:15:00,1026.6
2024-11-08 18:30:00,1018.0
2024-11-08 18:45:00,949.5999999999999
2024-11-08 19:00:00,909.5999999999999
2024-11-08 19:15:00,895.0
2024-11-08 19:30:00,852.0
2024-11-08 19:45:00,888.9999999999999
2024-11-08 20:00:00,822.8
2024-11-08 20:15:00,836.8
2024-11-08 20:30:00,778.6
2024-11-08 20:45:00,874.0
2024-11-08 21:00:00,800.0
2024-11-08 21:15:00,769.8000000000001
2024-11-08 21:30:00,751.8
2024-11-08 21:45:00,732.2
2024-11-08 22:00:00,745.0
2024-11-08 22:15:00,708.2
2024-11-08 22:30:00,679.4
2024-11-08 22:45:00,733.8000000000001
2024-11-08 23:00:00,856.4
2024-11-08 23:15:00,1116.0
2024-11-08 23:30:00,886.6
2024-11-08 23:45:00,872.4
2024-11-09 00:00:00,776.0000000000001
2024-11-09 00:15:00,690.6
2024-11-09 00:30:00,722.4
2024-11-09 00:45:00,612.2
2024-11-09 01:00:00,618.0000000000001
2024-11-09 01:15:00,583.1999999999999
2024-11-09 01:30:00,524.2
2024-11-09 01:45:00,659.4000000000001
2024-11-09 02:00:00,727.9999999999999
2024-11-09 02:15:00,723.2
2024-11-09 02:30:00,612.8
2024-11-09 02:45:00,636.8000000000001
2024-11-09 03:00:00,547.6
2024-11-09 03:15:00,598.5999999999999
2024-11-09 03:30:00,581.8000000000001
2024-11-09 03:45:00,563.4
2024-11-09 04:00:00,519.2
2024-11-09 04:15:00,504.59999999999997
2024-11-09 04:30:00,493.4
2024-11-09 04:45:00,496.2
2024-11-09 05:00:00,487.79999999999995
2024-11-09 05:15:00,492.2
2024-11-09 05:30:00,572.8000000000001
2024-11-09 05:45:00,560.6
2024-11-09 06:00:00,608.4
2024-11-09 06:15:00,691.9999999999999
2024-11-09 06:30:00,700.5999999999999
2024-11-09 06:45:00,738.6
2024-11-09 07:00:00,587.0502
2024-11-09 07:15:00,616.0502
2024-11-09 07:30:00,556.8502000000001
2024-11-09 07:45:00,586.0502
2024-11-09 08:00:00,384.3202
2024-11-09 08:15:00,442.52019999999993
2024-11-09 08:30:00,444.7202
2024-11-09 08:45:00,491.3202
2024-11-09 09:00:00,315.6488
2024-11-09 09:15:00,352.0488
2024-11-09 09:30:00,410.2488
2024-11-09 09:45:00,361.6488
2024-11-09 10:00:00,261.5383
2024-11-09 10:15:00,219.93829999999997
2024-11-09 10:30:00,256.1383
2024-11-09 10:45:00,236.9383
2024-11-09 11:00:00,184.88790000000003
2024-11-09 11:15:00,298.6879000000001
2024-11-09 11:30:00,336.28790000000004
2024-11-09 11:45:00,235.4879
2024-11-09 12:00:00,221.13940000000002
2024-11-09 12:15:00,212.73940000000002
2024-11-09 12:30:00,262.33939999999996
2024-11-09 12:45:00,186.73940000000002
2024-11-09 13:00:00,227.35039999999998
2024-11-09 13:15:00,265.1504
2024-11-09 13:30:00,234.3504
2024-11-09 13:45:00,266.1504
2024-11-09 14:00:00,383.13079999999997
2024-11-09 14:15:00,517.3308
2024-11-09 14:30:00,433.3308
2024-11-09 14:45:00,452.33079999999995
2024-11-09 15:00:00,653.5461999999999
2024-11-09 15:15:00,676.9462
2024-11-09 15:30:00,766.7462
2024-11-09 15:45:00,675.3462000000001
2024-11-09 16:00:00,871.6438
2024-11-09 16:15:00,835.8438000000001
2024-11-09 16:30:00,798.4438
2024-11-09 16:45:00,863.0438
2024-11-09 17:00:00,923.5999999999999
2024-11-09 17:15:00,863.2
2024-11-09 17:30:00,801.8
2024-11-09 17:45:00,802.2
2024-11-09 18:00:00,793.8
2024-11-09 18:15:00,774.8000000000001
2024-11-09 18:30:00,808.4000000000001
2024-11-09 18:45:00,755.2
2024-11-09 19:00:00,744.1999999999999
2024-11-09 19:15:00,716.4000000000001
2024-11-09 19:30:00,760.2
2024-11-09 19:45:00,745.8
2024-11-09 20:00:00,728.4
2024-11-09 20:15:00,693.6
2024-11-09 20:30:00,717.0
2024-11-09 20:45:00,688.4
2024-11-09 21:00:00,673.8
2024-11-09 21:15:00,686.2
2024-11-09 21:30:00,689.4
2024-11-09 21:45:00,645.6000000000001
2024-11-09 22:00:00,630.1999999999999
2024-11-09 22:15:00,657.3999999999999
2024-11-09 22:30:00,656.1999999999999
2024-11-09 22:45:00,625.0
2024-11-09 23:00:00,603.2
2024-11-09 23:15:00,1021.0
2024-11-09 23:30:00,1043.0
2024-11-09 23:45:00,870.9999999999999
2024-11-10 00:00:00,820.4
2024-11-10 00:15:00,751.6
2024-11-10 00:30:00,919.2
2024-11-10 00:45:00,809.5999999999999
2024-11-10 01:00:00,717.9999999999999
2024-11-10 01:15:00,666.4
2024-11-10 01:30:00,549.8000000000001
2024-11-10 01:45:00,571.6
2024-11-10 02:00:00,597.5999999999999
2024-11-10 02:15:00,549.2
2024-11-10 02:30:00,519.8
2024-11-10 02:45:00,500.6
2024-11-10 03:00:00,476.8
2024-11-10 03:15:00,495.6
2024-11-10 03:30:00,494.2
2024-11-10 03:45:00,486.00000000000006
2024-11-10 04:00:00,482.0
2024-11-10 04:15:00,474.2
2024-11-10 04:30:00,478.79999999999995
2024-11-10 04:45:00,485.0
2024-11-10 05:00:00,490.4
2024-11-10 05:15:00,555.8
2024-11-10 05:30:00,601.8
2024-11-10 05:45:00,680.0
2024-11-10 06:00:00,597.4
2024-11-10 06:15:00,689.2
2024-11-10 06:30:00,688.6
2024-11-10 06:45:00,730.4000000000001
2024-11-10 07:00:00,485.59079999999994
2024-11-10 07:15:00,405.99080000000004
2024-11-10 07:30:00,406.99080000000004
2024-11-10 07:45:00,412.3908
2024-11-10 08:00:00,278.984
2024-11-10 08:15:00,291.384
2024-11-10 08:30:00,317.584
2024-11-10 08:45:00,410.584
2024-11-10 09:00:00,196.1296
2024-11-10 09:15:00,253.1296
2024-11-10 09:30:00,276.1296
2024-11-10 09:45:00,220.1296
2024-11-10 10:00:00,0.3489000000000573
2024-11-10 10:15:00,83.14890000000003
2024-11-10 10:30:00,66.34890000000001
2024-11-10 10:45:00,52.348900000000015
2024-11-10 11:00:00,-27.242300000000032
2024-11-10 11:15:00,7.357700000000008
2024-11-10 11:30:00,-14.642299999999992
2024-11-10 11:45:00,3.9576999999999884
2024-11-10 12:00:00,-47.950500000000005
2024-11-10 12:15:00,-84.9505
2024-11-10 12:30:00,-81.55049999999999
2024-11-10 12:45:00,34.24949999999998
2024-11-10 13:00:00,-69.86759999999995
2024-11-10 13:15:00,-162.6676
2024-11-10 13:30:00,-154.86759999999998
2024-11-10 13:45:00,-133.46759999999995
2024-11-10 14:00:00,25.990800000000014
2024-11-10 14:15:00,71.59079999999997
2024-11-10 14:30:00,-11.009200000000007
2024-11-10 14:45:00,25.190800000000024
2024-11-10 15:00:00,207.23989999999998
2024-11-10 15:15:00,256.8399
2024-11-10 15:30:00,291.6399
2024-11-10 15:45:00,278.23990000000003
2024-11-10 16:00:00,620.1622
2024-11-10 16:15:00,747.7622
2024-11-10 16:30:00,695.7622
2024-11-10 16:45:00,724.5622
2024-11-10 17:00:00,777.7330000000001
2024-11-10 17:15:00,743.5330000000001
2024-11-10 17:30:00,720.333
2024-11-10 17:45:00,750.133
2024-11-10 18:00:00,723.8
2024-11-10 18:15:00,696.8000000000001
2024-11-10 18:30:00,720.8
2024-11-10 18:45:00,706.8
2024-11-10 19:00:00,743.0
2024-11-10 19:15:00,745.4000000000001
2024-11-10 19:30:00,735.6
2024-11-10 19:45:00,701.0000000000001
2024-11-10 20:00:00,696.8000000000001
2024-11-10 20:15:00,720.9999999999999
2024-11-10 20:30:00,686.1999999999999
2024-11-10 20:45:00,669.0
2024-11-10 21:00:00,684.5999999999999
2024-11-10 21:15:00,702.2
2024-11-10 21:30:00,684.4000000000001
2024-11-10 21:45:00,717.8000000000001
2024-11-10 22:00:00,698.2
2024-11-10 22:15:00,671.2
2024-11-10 22:30:00,651.1999999999999
2024-11-10 22:45:00,644.6
2024-11-10 23:00:00,640.0000000000001
2024-11-10 23:15:00,966.2
2024-11-10 23:30:00,941.1999999999999
2024-11-10 23:45:00,838.0
2024-11-11 00:00:00,676.4000000000001
2024-11-11 00:15:00,607.8
2024-11-11 00:30:00,661.0
2024-11-11 00:45:00,538.2
2024-11-11 01:00:00,629.8000000000001
2024-11-11 01:15:00,602.0
2024-11-11 01:30:00,623.6
2024-11-11 01:45:00,609.8
2024-11-11 02:00:00,590.8
2024-11-11 02:15:00,571.8000000000001
2024-11-11 02:30:00,513.0
2024-11-11 02:45:00,526.4
2024-11-11 03:00:00,509.6
2024-11-11 03:15:00,542.5999999999999
2024-11-11 03:30:00,526.8000000000001
2024-11-11 03:45:00,525.2
2024-11-11 04:00:00,517.8000000000001
2024-11-11 04:15:00,522.0
2024-11-11 04:30:00,523.8
2024-11-11 04:45:00,523.2
2024-11-11 05:00:00,499.0
2024-11-11 05:15:00,503.4
2024-11-11 05:30:00,576.8
2024-11-11 05:45:00,658.2
2024-11-11 06:00:00,673.0
2024-11-11 06:15:00,712.0
2024-11-11 06:30:00,613.6
2024-11-11 06:45:00,716.2
2024-11-11 07:00:00,566.0701
2024-11-11 07:15:00,517.6701
2024-11-11 07:30:00,495.07009999999997
2024-11-11 07:45:00,611.4701
2024-11-11 08:00:00,380.4861000000001
2024-11-11 08:15:00,399.28610000000003
2024-11-11 08:30:00,536.8860999999999
2024-11-11 08:45:00,772.2860999999999
2024-11-11 09:00:00,425.1739999999999
2024-11-11 09:15:00,381.774
2024-11-11 09:30:00,479.774
2024-11-11 09:45:00,564.174
2024-11-11 10:00:00,351.8173
2024-11-11 10:15:00,541.4173000000001
2024-11-11 10:30:00,544.0173
2024-11-11 10:45:00,399.81730000000005
2024-11-11 11:00:00,361.0463
2024-11-11 11:15:00,370.04630000000003
2024-11-11 11:30:00,367.4463
2024-11-11 11:45:00,365.2463000000001
2024-11-11 12:00:00,457.40010000000007
2024-11-11 12:15:00,321.60009999999994
2024-11-11 12:30:00,332.20009999999996
2024-11-11 12:45:00,273.8001
2024-11-11 13:00:00,264.9506
2024-11-11 13:15:00,258.5506000000001
2024-11-11 13:30:00,312.1506000000001
2024-11-11 13:45:00,330.7506
2024-11-11 14:00:00,522.65
2024-11-11 14:15:00,928.8500000000001
2024-11-11 14:30:00,847.85
2024-11-11 14:45:00,735.25
2024-11-11 15:00:00,980.9326
2024-11-11 15:15:00,1082.7326
2024-11-11 15:30:00,1034.3326
2024-11-11 15:45:00,1129.9326
2024-11-11 16:00:00,1338.1935
2024-11-11 16:15:00,1258.5935
2024-11-11 16:30:00,1254.3935000000001
2024-11-11 16:45:00,1328.1935
2024-11-11 17:00:00,1446.6
2024-11-11 17:15:00,1364.8
2024-11-11 17:30:00,1300.8
2024-11-11 17:45:00,1312.2
2024-11-11 18:00:00,1161.6
2024-11-11 18:15:00,1109.4
2024-11-11 18:30:00,1090.4
2024-11-11 18:45:00,1054.2
2024-11-11 19:00:00,1058.2
2024-11-11 19:15:00,987.4
2024-11-11 19:30:00,986.0
2024-11-11 19:45:00,1004.1999999999999
2024-11-11 20:00:00,956.8
2024-11-11 20:15:00,932.0
2024-11-11 20:30:00,939.4
2024-11-11 20:45:00,921.8
2024-11-11 21:00:00,901.6
2024-11-11 21:15:00,907.2
2024-11-11 21:30:00,844.3999999999999
2024-11-11 21:45:00,859.8
2024-11-11 22:00:00,823.0
2024-11-11 22:15:00,787.2
2024-11-11 22:30:00,771.4
2024-11-11 22:45:00,779.2
2024-11-11 23:00:00,737.6000000000001
2024-11-11 23:15:00,1015.5999999999999
2024-11-11 23:30:00,978.0
2024-11-11 23:45:00,977.4000000000001
2024-11-12 00:00:00,946.8000000000001
2024-11-12 00:15:00,848.6000000000001
2024-11-12 00:30:00,795.6
2024-11-12 00:45:00,845.1999999999999
2024-11-12 01:00:00,674.5999999999999
2024-11-12 01:15:00,626.8
2024-11-12 01:30:00,598.6
2024-11-12 01:45:00,619.8
2024-11-12 02:00:00,629.6
2024-11-12 02:15:00,623.8000000000001
2024-11-12 02:30:00,579.4
2024-11-12 02:45:00,557.2
2024-11-12 03:00:00,565.2
2024-11-12 03:15:00,580.4
2024-11-12 03:30:00,562.2
2024-11-12 03:45:00,574.4
2024-11-12 04:00:00,624.0
2024-11-12 04:15:00,624.0
2024-11-12 04:30:00,654.6
2024-11-12 04:45:00,671.0
2024-11-12 05:00:00,625.4
2024-11-12 05:15:00,678.2
2024-11-12 05:30:00,664.5999999999999
2024-11-12 05:45:00,796.8000000000001
2024-11-12 06:00:00,774.0
2024-11-12 06:15:00,786.1999999999999
2024-11-12 06:30:00,776.6
2024-11-12 06:45:00,851.4
2024-11-12 07:00:00,791.6924
2024-11-12 07:15:00,657.8924000000001
2024-11-12 07:30:00,649.2924
2024-11-12 07:45:00,699.2924
2024-11-12 08:00:00,644.7476
2024-11-12 08:15:00,668.1476
2024-11-12 08:30:00,831.1476
2024-11-12 08:45:00,876.3476
2024-11-12 09:00:00,995.0199
2024-11-12 09:15:00,892.6199
2024-11-12 09:30:00,1166.0199
2024-11-12 09:45:00,1125.2199
2024-11-12 10:00:00,1071.1659
2024-11-12 10:15:00,1108.9659
2024-11-12 10:30:00,1001.3659
2024-11-12 10:45:00,979.5658999999999
2024-11-12 11:00:00,877.7186
2024-11-12 11:15:00,907.3186000000001
2024-11-12 11:30:00,933.1186000000001
2024-11-12 11:45:00,931.9186000000002
2024-11-12 12:00:00,916.5726
2024-11-12 12:15:00,887.7726
2024-11-12 12:30:00,895.9726
2024-11-12 12:45:00,862.7726000000001
2024-11-12 13:00:00,798.4903
2024-11-12 13:15:00,756.2903
2024-11-12 13:30:00,791.8902999999999
2024-11-12 13:45:00,961.2903000000001
2024-11-12 14:00:00,1077.3821
2024-11-12 14:15:00,1253.3821
2024-11-12 14:30:00,1200.1821
2024-11-12 14:45:00,1310.1821
2024-11-12 15:00:00,1348.9217
2024-11-12 15:15:00,1191.3217
2024-11-12 15:30:00,1251.3217
2024-11-12 15:45:00,1432.7217
2024-11-12 16:00:00,1325.2835
2024-11-12 16:15:00,1385.6835
2024-11-12 16:30:00,1361.8835000000001
2024-11-12 16:45:00,1351.8835
2024-11-12 17:00:00,1369.4
2024-11-12 17:15:00,1467.6
2024-11-12 17:30:00,1324.8
2024-11-12 17:45:00,1298.6
2024-11-12 18:00:00,1226.2
2024-11-12 18:15:00,1104.0
2024-11-12 18:30:00,1158.8
2024-11-12 18:45:00,1101.6000000000001
2024-11-12 19:00:00,1000.5999999999999
2024-11-12 19:15:00,1125.4
2024-11-12 19:30:00,1076.6
2024-11-12 19:45:00,1005.5999999999999
2024-11-12 20:00:00,1026.3999999999999
2024-11-12 20:15:00,1003.0
2024-11-12 20:30:00,934.1999999999999
2024-11-12 20:45:00,976.4000000000001
2024-11-12 21:00:00,903.2
2024-11-12 21:15:00,881.8
2024-11-12 21:30:00,944.0
2024-11-12 21:45:00,858.6
2024-11-12 22:00:00,807.2
2024-11-12 22:15:00,882.8
2024-11-12 22:30:00,824.0
2024-11-12 22:45:00,769.8
2024-11-12 23:00:00,704.6
2024-11-12 23:15:00,972.0
2024-11-12 23:30:00,916.2
2024-11-12 23:45:00,870.5999999999999
2024-11-13 00:00:00,750.0
2024-11-13 00:15:00,743.6
2024-11-13 00:30:00,805.0
2024-11-13 00:45:00,691.0
2024-11-13 01:00:00,598.6
2024-11-13 01:15:00,558.4
2024-11-13 01:30:00,603.2
2024-11-13 01:45:00,629.6
2024-11-13 02:00:00,618.6
2024-11-13 02:15:00,642.0
2024-11-13 02:30:00,634.4000000000001
2024-11-13 02:45:00,585.0
2024-11-13 03:00:00,571.0
2024-11-13 03:15:00,544.0
2024-11-13 03:30:00,560.4
2024-11-13 03:45:00,532.0
2024-11-13 04:00:00,565.4
2024-11-13 04:15:00,560.6
2024-11-13 04:30:00,590.4
2024-11-13 04:45:00,658.4
2024-11-13 05:00:00,660.8
2024-11-13 05:15:00,644.8000000000001
2024-11-13 05:30:00,603.6
2024-11-13 05:45:00,580.2
2024-11-13 06:00:00,541.8000000000001
2024-11-13 06:15:00,556.0
2024-11-13 06:30:00,561.8
2024-11-13 06:45:00,594.8
2024-11-13 07:00:00,690.4822
2024-11-13 07:15:00,698.8822
2024-11-13 07:30:00,604.4821999999999
2024-11-13 07:45:00,572.0822000000001
2024-11-13 08:00:00,542.1176
2024-11-13 08:15:00,592.9176
2024-11-13 08:30:00,756.5176
2024-11-13 08:45:00,879.7176
2024-11-13 09:00:00,862.8184000000001
2024-11-13 09:15:00,955.8184000000001
2024-11-13 09:30:00,930.0184
2024-11-13 09:45:00,1031.0184
2024-11-13 10:00:00,976.8491
2024-11-13 10:15:00,928.0491
2024-11-13 10:30:00,1014.2491
2024-11-13 10:45:00,997.0491
2024-11-13 11:00:00,867.8988
2024-11-13 11:15:00,839.2988
2024-11-13 11:30:00,972.2988
2024-11-13 11:45:00,864.0988
2024-11-13 12:00:00,846.3295999999999
2024-11-13 12:15:00,884.1296
2024-11-13 12:30:00,768.5296000000001
2024-11-13 12:45:00,754.7296
2024-11-13 13:00:00,906.0354
2024-11-13 13:15:00,817.8353999999999
2024-11-13 13:30:00,836.8353999999999
2024-11-13 13:45:00,938.0354000000002
2024-11-13 14:00:00,939.8756999999999
2024-11-13 14:15:00,1082.4757
2024-11-13 14:30:00,1123.8757
2024-11-13 14:45:00,1105.4757000000002
2024-11-13 15:00:00,1321.8704
2024-11-13 15:15:00,1327.6704
2024-11-13 15:30:00,1285.8704
2024-11-13 15:45:00,1331.8704
2024-11-13 16:00:00,1460.3655
2024-11-13 16:15:00,1399.9655
2024-11-13 16:30:00,1424.9655000000002
2024-11-13 16:45:00,1457.7655
2024-11-13 17:00:00,1514.6472999999999
2024-11-13 17:15:00,1446.8473
2024-11-13 17:30:00,1323.6473
2024-11-13 17:45:00,1426.8473000000001
2024-11-13 18:00:00,1336.4
2024-11-13 18:15:00,1196.2
2024-11-13 18:30:00,1226.8
2024-11-13 18:45:00,1195.2
2024-11-13 19:00:00,1075.4
2024-11-13 19:15:00,1209.0
2024-11-13 19:30:00,1143.6
2024-11-13 19:45:00,1052.2
2024-11-13 20:00:00,1060.8
2024-11-13 20:15:00,1019.4
2024-11-13 20:30:00,933.0
2024-11-13 20:45:00,984.0
2024-11-13 21:00:00,920.6
2024-11-13 21:15:00,895.4000000000001
2024-11-13 21:30:00,1032.2
2024-11-13 21:45:00,867.4
2024-11-13 22:00:00,828.4
2024-11-13 22:15:00,878.8
2024-11-13 22:30:00,792.0
2024-11-13 22:45:00,754.2
2024-11-13 23:00:00,823.0
2024-11-13 23:15:00,1085.2
2024-11-13 23:30:00,1071.0
2024-11-13 23:45:00,1178.6000000000001
2024-11-14 00:00:00,944.6
2024-11-14 00:15:00,777.0
2024-11-14 00:30:00,750.4
2024-11-14 00:45:00,798.1999999999999
2024-11-14 01:00:00,759.4000000000001
2024-11-14 01:15:00,719.8000000000001
2024-11-14 01:30:00,645.2
2024-11-14 01:45:00,684.8000000000001
2024-11-14 02:00:00,645.4000000000001
2024-11-14 02:15:00,565.4
2024-11-14 02:30:00,623.4
2024-11-14 02:45:00,545.4000000000001
2024-11-14 03:00:00,557.0
2024-11-14 03:15:00,627.8
2024-11-14 03:30:00,531.8000000000001
2024-11-14 03:45:00,540.8
2024-11-14 04:00:00,613.4
2024-11-14 04:15:00,584.0
2024-11-14 04:30:00,658.4000000000001
2024-11-14 04:45:00,692.5999999999999
2024-11-14 05:00:00,612.2
2024-11-14 05:15:00,686.8
2024-11-14 05:30:00,662.1999999999999
2024-11-14 05:45:00,635.1999999999999
2024-11-14 06:00:00,786.5999999999999
2024-11-14 06:15:00,814.6000000000001
2024-11-14 06:30:00,749.6
2024-11-14 06:45:00,870.5999999999999
2024-11-14 07:00:00,618.9522000000001
2024-11-14 07:15:00,539.9522
2024-11-14 07:30:00,589.3522
2024-11-14 07:45:00,548.9522
2024-11-14 08:00:00,250.39249999999998
2024-11-14 08:15:00,387.9925
2024-11-14 08:30:00,397.99250000000006
2024-11-14 08:45:00,512.5925
2024-11-14 09:00:00,355.10360000000003
2024-11-14 09:15:00,512.5036
2024-11-14 09:30:00,601.9036
2024-11-14 09:45:00,533.5036
2024-11-14 10:00:00,322.0883
2024-11-14 10:15:00,525.4883
2024-11-14 10:30:00,448.88829999999996
2024-11-14 10:45:00,539.8883
2024-11-14 11:00:00,395.57660000000004
2024-11-14 11:15:00,344.9766000000001
2024-11-14 11:30:00,343.1766
2024-11-14 11:45:00,351.57660000000004
2024-11-14 12:00:00,159.6873
2024-11-14 12:15:00,244.08730000000003
2024-11-14 12:30:00,155.48730000000006
2024-11-14 12:45:00,79.0873
2024-11-14 13:00:00,173.16660000000005
2024-11-14 13:15:00,123.96660000000001
2024-11-14 13:30:00,161.3666
2024-11-14 13:45:00,182.7666
2024-11-14 14:00:00,415.29189999999994
2024-11-14 14:15:00,584.4919
2024-11-14 14:30:00,616.8919
2024-11-14 14:45:00,589.4918999999999
2024-11-14 15:00:00,908.6965
2024-11-14 15:15:00,904.6965
2024-11-14 15:30:00,880.8965000000002
2024-11-14 15:45:00,920.0965000000001
2024-11-14 16:00:00,1192.0387
2024-11-14 16:15:00,1160.0386999999998
2024-11-14 16:30:00,1168.8387
2024-11-14 16:45:00,1135.6387
2024-11-14 17:00:00,1503.4950000000001
2024-11-14 17:15:00,1508.895
2024-11-14 17:30:00,1372.6950000000002
2024-11-14 17:45:00,1445.6950000000002
2024-11-14 18:00:00,1280.2
2024-11-14 18:15:00,1198.0
2024-11-14 18:30:00,1286.3999999999999
2024-11-14 18:45:00,1138.8
2024-11-14 19:00:00,1119.0
2024-11-14 19:15:00,1157.3999999999999
2024-11-14 19:30:00,1119.8
2024-11-14 19:45:00,1075.0
2024-11-14 20:00:00,1144.0
2024-11-14 20:15:00,1033.8
2024-11-14 20:30:00,1160.4
2024-11-14 20:45:00,1071.3999999999999
2024-11-14 21:00:00,961.0
2024-11-14 21:15:00,1121.6
2024-11-14 21:30:00,1064.2
2024-11-14 21:45:00,975.6
2024-11-14 22:00:00,924.4
2024-11-14 22:15:00,871.8
2024-11-14 22:30:00,813.8000000000001
2024-11-14 22:45:00,872.4
2024-11-14 23:00:00,768.8000000000001
2024-11-14 23:15:00,897.4
2024-11-14 23:30:00,1130.8
2024-11-14 23:45:00,1073.1999999999998
2024-11-15 00:00:00,787.8
2024-11-15 00:15:00,743.1999999999999
2024-11-15 00:30:00,807.8000000000001
2024-11-15 00:45:00,702.2
2024-11-15 01:00:00,763.0
2024-11-15 01:15:00,649.4
2024-11-15 01:30:00,635.0000000000001
2024-11-15 01:45:00,613.6
2024-11-15 02:00:00,622.8
2024-11-15 02:15:00,588.8
2024-11-15 02:30:00,557.4
2024-11-15 02:45:00,555.0
2024-11-15 03:00:00,637.6
2024-11-15 03:15:00,647.0
2024-11-15 03:30:00,549.6
2024-11-15 03:45:00,544.4
2024-11-15 04:00:00,602.6
2024-11-15 04:15:00,564.6
2024-11-15 04:30:00,681.9999999999999
2024-11-15 04:45:00,651.0
2024-11-15 05:00:00,640.9999999999999
2024-11-15 05:15:00,619.8
2024-11-15 05:30:00,816.1999999999999
2024-11-15 05:45:00,768.1999999999999
2024-11-15 06:00:00,628.6
2024-11-15 06:15:00,691.4
2024-11-15 06:30:00,707.1999999999999
2024-11-15 06:45:00,792.8
2024-11-15 07:00:00,565.0889999999999
2024-11-15 07:15:00,492.889
2024-11-15 07:30:00,678.289
2024-11-15 07:45:00,603.0889999999999
2024-11-15 08:00:00,453.24460000000005
2024-11-15 08:15:00,434.24460000000005
2024-11-15 08:30:00,653.4446
2024-11-15 08:45:00,610.4446
2024-11-15 09:00:00,719.9554
2024-11-15 09:15:00,576.1554
2024-11-15 09:30:00,692.9553999999999
2024-11-15 09:45:00,726.7554
2024-11-15 10:00:00,569.2706
2024-11-15 10:15:00,686.4706
2024-11-15 10:30:00,601.4706
2024-11-15 10:45:00,576.0706
2024-11-15 11:00:00,342.7259999999999
2024-11-15 11:15:00,208.3259999999999
2024-11-15 11:30:00,263.52599999999984
2024-11-15 11:45:00,322.7259999999999
2024-11-15 12:00:00,292.0245
2024-11-15 12:15:00,246.4245
2024-11-15 12:30:00,287.02449999999993
2024-11-15 12:45:00,156.42450000000002
2024-11-15 13:00:00,445.0727
2024-11-15 13:15:00,357.0727
2024-11-15 13:30:00,277.27270000000004
2024-11-15 13:45:00,291.0727
2024-11-15 14:00:00,509.10820000000007
2024-11-15 14:15:00,545.7082
2024-11-15 14:30:00,784.7082
2024-11-15 14:45:00,835.1082
2024-11-15 15:00:00,916.9553
2024-11-15 15:15:00,1099.1553000000001
2024-11-15 15:30:00,994.5553000000002
2024-11-15 15:45:00,900.5553000000002
2024-11-15 16:00:00,1305.9195
2024-11-15 16:15:00,1283.5195
2024-11-15 16:30:00,1206.3195
2024-11-15 16:45:00,1251.3194999999998
2024-11-15 17:00:00,1484.3995999999997
2024-11-15 17:15:00,1344.9996
2024-11-15 17:30:00,1404.3995999999997
2024-11-15 17:45:00,1275.1996
2024-11-15 18:00:00,1203.6
2024-11-15 18:15:00,1212.4
2024-11-15 18:30:00,1102.2
2024-11-15 18:45:00,1044.3999999999999
2024-11-15 19:00:00,1052.2
2024-11-15 19:15:00,950.1999999999999
2024-11-15 19:30:00,1054.4
2024-11-15 19:45:00,986.0
2024-11-15 20:00:00,898.8
2024-11-15 20:15:00,962.4
2024-11-15 20:30:00,899.0
2024-11-15 20:45:00,864.2
2024-11-15 21:00:00,943.6000000000001
2024-11-15 21:15:00,858.4
2024-11-15 21:30:00,881.4
2024-11-15 21:45:00,868.1999999999999
2024-11-15 22:00:00,837.2
2024-11-15 22:15:00,874.6
2024-11-15 22:30:00,809.5999999999999
2024-11-15 22:45:00,737.8000000000001
2024-11-15 23:00:00,757.0
2024-11-15 23:15:00,1166.9999999999998
2024-11-15 23:30:00,1134.3999999999999
2024-11-15 23:45:00,1051.4
2024-11-16 00:00:00,910.7999999999998
2024-11-16 00:15:00,761.0
2024-11-16 00:30:00,813.8
2024-11-16 00:45:00,819.1999999999999
2024-11-16 01:00:00,687.0
2024-11-16 01:15:00,714.4
2024-11-16 01:30:00,896.1999999999999
2024-11-16 01:45:00,814.4
2024-11-16 02:00:00,741.3999999999999
2024-11-16 02:15:00,734.0
2024-11-16 02:30:00,584.8000000000001
2024-11-16 02:45:00,614.4
2024-11-16 03:00:00,559.1999999999999
2024-11-16 03:15:00,575.6
2024-11-16 03:30:00,581.0
2024-11-16 03:45:00,550.1999999999999
2024-11-16 04:00:00,530.4
2024-11-16 04:15:00,557.0
2024-11-16 04:30:00,610.1999999999999
2024-11-16 04:45:00,584.8
2024-11-16 05:00:00,607.0
2024-11-16 05:15:00,588.2
2024-11-16 05:30:00,633.5999999999999
2024-11-16 05:45:00,694.0
2024-11-16 06:00:00,601.0
2024-11-16 06:15:00,578.6
2024-11-16 06:30:00,529.0
2024-11-16 06:45:00,570.2
2024-11-16 07:00:00,486.727
2024-11-16 07:15:00,431.127
2024-11-16 07:30:00,454.527
2024-11-16 07:45:00,585.7270000000001
2024-11-16 08:00:00,350.38710000000003
2024-11-16 08:15:00,355.38710000000003
2024-11-16 08:30:00,377.38710000000003
2024-11-16 08:45:00,421.38710000000003
2024-11-16 09:00:00,197.19259999999997
2024-11-16 09:15:00,310.3926
2024-11-16 09:30:00,193.7926
2024-11-16 09:45:00,273.1926
2024-11-16 10:00:00,152.80479999999994
2024-11-16 10:15:00,148.00479999999996
2024-11-16 10:30:00,124.80480000000003
2024-11-16 10:45:00,219.60479999999995
2024-11-16 11:00:00,162.6274
2024-11-16 11:15:00,124.22739999999993
2024-11-16 11:30:00,147.62739999999997
2024-11-16 11:45:00,78.82739999999998
2024-11-16 12:00:00,181.74820000000003
2024-11-16 12:15:00,257.54820000000007
2024-11-16 12:30:00,136.34820000000002
2024-11-16 12:45:00,138.74820000000003
2024-11-16 13:00:00,242.52220000000005
2024-11-16 13:15:00,210.9222
2024-11-16 13:30:00,274.1222
2024-11-16 13:45:00,243.32219999999998
2024-11-16 14:00:00,312.5371999999999
2024-11-16 14:15:00,504.1372
2024-11-16 14:30:00,472.5372
2024-11-16 14:45:00,357.1372
2024-11-16 15:00:00,588.0854999999999
2024-11-16 15:15:00,650.8855
2024-11-16 15:30:00,684.4855
2024-11-16 15:45:00,645.6855
2024-11-16 16:00:00,862.1565
2024-11-16 16:15:00,810.1565
2024-11-16 16:30:00,872.5565
2024-11-16 16:45:00,828.7565
2024-11-16 17:00:00,964.4
2024-11-16 17:15:00,1112.2
2024-11-16 17:30:00,1055.6
2024-11-16 17:45:00,982.6
2024-11-16 18:00:00,953.8
2024-11-16 18:15:00,879.4
2024-11-16 18:30:00,844.6000000000001
2024-11-16 18:45:00,841.0
2024-11-16 19:00:00,784.5999999999999
2024-11-16 19:15:00,843.0000000000001
2024-11-16 19:30:00,822.8
2024-11-16 19:45:00,767.2
2024-11-16 20:00:00,868.2
2024-11-16 20:15:00,794.2
2024-11-16 20:30:00,742.8
2024-11-16 20:45:00,809.0
2024-11-16 21:00:00,770.0
2024-11-16 21:15:00,769.2
2024-11-16 21:30:00,821.6
2024-11-16 21:45:00,712.1999999999999
2024-11-16 22:00:00,684.8000000000001
2024-11-16 22:15:00,770.5999999999999
2024-11-16 22:30:00,650.8
2024-11-16 22:45:00,653.0
2024-11-16 23:00:00,675.1999999999999
2024-11-16 23:15:00,1051.8
2024-11-16 23:30:00,1171.8
2024-11-16 23:45:00,1034.2
2024-11-17 00:00:00,981.4
2024-11-17 00:15:00,662.8000000000001
2024-11-17 00:30:00,584.4
2024-11-17 00:45:00,664.8
2024-11-17 01:00:00,654.8
2024-11-17 01:15:00,532.0
2024-11-17 01:30:00,549.2
2024-11-17 01:45:00,519.4000000000001
2024-11-17 02:00:00,505.6
2024-11-17 02:15:00,503.6
2024-11-17 02:30:00,484.6
2024-11-17 02:45:00,497.4
2024-11-17 03:00:00,489.6
2024-11-17 03:15:00,505.8
2024-11-17 03:30:00,538.0
2024-11-17 03:45:00,565.8
2024-11-17 04:00:00,615.2
2024-11-17 04:15:00,621.1999999999999
2024-11-17 04:30:00,554.0
2024-11-17 04:45:00,497.2
2024-11-17 05:00:00,508.59999999999997
2024-11-17 05:15:00,602.2
2024-11-17 05:30:00,653.6
2024-11-17 05:45:00,657.4
2024-11-17 06:00:00,602.8
2024-11-17 06:15:00,654.8
2024-11-17 06:30:00,623.2
2024-11-17 06:45:00,698.3999999999999
2024-11-17 07:00:00,662.436
2024-11-17 07:15:00,548.836
2024-11-17 07:30:00,479.63599999999997
2024-11-17 07:45:00,504.03600000000006
2024-11-17 08:00:00,459.63419999999996
2024-11-17 08:15:00,440.8342
2024-11-17 08:30:00,465.2342
2024-11-17 08:45:00,460.2342
2024-11-17 09:00:00,377.64300000000003
2024-11-17 09:15:00,464.443
2024-11-17 09:30:00,592.443
2024-11-17 09:45:00,526.043
2024-11-17 10:00:00,391.67640000000006
2024-11-17 10:15:00,531.2764
2024-11-17 10:30:00,474.07640000000004
2024-11-17 10:45:00,426.47640000000007
2024-11-17 11:00:00,381.55
2024-11-17 11:15:00,343.75
2024-11-17 11:30:00,323.15000000000003
2024-11-17 11:45:00,447.15000000000003
2024-11-17 12:00:00,345.4511
2024-11-17 12:15:00,382.0511
2024-11-17 12:30:00,356.6511
2024-11-17 12:45:00,343.0511
2024-11-17 13:00:00,398.7245
2024-11-17 13:15:00,373.52450000000005
2024-11-17 13:30:00,356.92449999999997
2024-11-17 13:45:00,391.3245
2024-11-17 14:00:00,470.974
2024-11-17 14:15:00,545.574
2024-11-17 14:30:00,881.7740000000001
2024-11-17 14:45:00,826.574
2024-11-17 15:00:00,715.0774
2024-11-17 15:15:00,732.6774
2024-11-17 15:30:00,739.4774
2024-11-17 15:45:00,862.8774000000001
2024-11-17 16:00:00,800.3289000000001
2024-11-17 16:15:00,773.1289000000002
2024-11-17 16:30:00,886.3289000000001
2024-11-17 16:45:00,852.5289
2024-11-17 17:00:00,884.1003000000001
2024-11-17 17:15:00,801.3003
2024-11-17 17:30:00,721.1003000000001
2024-11-17 17:45:00,730.5003
2024-11-17 18:00:00,767.8
2024-11-17 18:15:00,781.1999999999999
2024-11-17 18:30:00,827.1999999999999
2024-11-17 18:45:00,814.0
2024-11-17 19:00:00,852.4
2024-11-17 19:15:00,835.1999999999999
2024-11-17 19:30:00,836.2
2024-11-17 19:45:00,731.5999999999999
2024-11-17 20:00:00,713.4000000000001
2024-11-17 20:15:00,707.4
2024-11-17 20:30:00,708.2
2024-11-17 20:45:00,727.8000000000001
2024-11-17 21:00:00,695.6
2024-11-17 21:15:00,694.0
2024-11-17 21:30:00,710.0
2024-11-17 21:45:00,678.0
2024-11-17 22:00:00,679.4
2024-11-17 22:15:00,693.2
2024-11-17 22:30:00,642.2
2024-11-17 22:45:00,625.0
2024-11-17 23:00:00,699.4000000000001
2024-11-17 23:15:00,1048.0
2024-11-17 23:30:00,1042.8
2024-11-17 23:45:00,998.1999999999999
2024-11-18 00:00:00,785.0
2024-11-18 00:15:00,659.5999999999999
2024-11-18 00:30:00,595.0
2024-11-18 00:45:00,609.8
2024-11-18 01:00:00,639.4
2024-11-18 01:15:00,643.9999999999999
2024-11-18 01:30:00,887.8
2024-11-18 01:45:00,905.8
2024-11-18 02:00:00,786.8
2024-11-18 02:15:00,588.8
2024-11-18 02:30:00,526.6
2024-11-18 02:45:00,604.0
2024-11-18 03:00:00,558.1999999999999
2024-11-18 03:15:00,534.8000000000001
2024-11-18 03:30:00,520.8
2024-11-18 03:45:00,532.0
2024-11-18 04:00:00,545.2
2024-11-18 04:15:00,538.1999999999999
2024-11-18 04:30:00,525.4
2024-11-18 04:45:00,549.4000000000001
2024-11-18 05:00:00,536.4
2024-11-18 05:15:00,548.4
2024-11-18 05:30:00,535.2
2024-11-18 05:45:00,658.2
2024-11-18 06:00:00,638.8
2024-11-18 06:15:00,621.0
2024-11-18 06:30:00,648.2
2024-11-18 06:45:00,703.0
2024-11-18 07:00:00,584.0138
2024-11-18 07:15:00,531.0138
2024-11-18 07:30:00,534.8137999999999
2024-11-18 07:45:00,515.0138
2024-11-18 08:00:00,343.1653
2024-11-18 08:15:00,440.96529999999996
2024-11-18 08:30:00,566.5653
2024-11-18 08:45:00,671.3652999999999
2024-11-18 09:00:00,376.4988
2024-11-18 09:15:00,543.6988000000001
2024-11-18 09:30:00,662.8988
2024-11-18 09:45:00,683.4988000000001
2024-11-18 10:00:00,836.6531
2024-11-18 10:15:00,754.0531000000001
2024-11-18 10:30:00,685.0531
2024-11-18 10:45:00,637.8531
2024-11-18 11:00:00,588.8838000000001
2024-11-18 11:15:00,529.8838000000001
2024-11-18 11:30:00,523.2837999999999
2024-11-18 11:45:00,538.6838
2024-11-18 12:00:00,740.1195
2024-11-18 12:15:00,695.5195
2024-11-18 12:30:00,725.9195
2024-11-18 12:45:00,616.3195000000001
2024-11-18 13:00:00,473.8063
2024-11-18 13:15:00,539.2063
2024-11-18 13:30:00,528.0063
2024-11-18 13:45:00,592.8063
2024-11-18 14:00:00,848.3594
2024-11-18 14:15:00,1075.5594
2024-11-18 14:30:00,1059.1594
2024-11-18 14:45:00,1093.1594
2024-11-18 15:00:00,1349.2774000000002
2024-11-18 15:15:00,1399.4774000000002
2024-11-18 15:30:00,1325.4774000000002
2024-11-18 15:45:00,1393.2774
2024-11-18 16:00:00,1530.3691999999999
2024-11-18 16:15:00,1495.5692
2024-11-18 16:30:00,1437.7692
2024-11-18 16:45:00,1487.3691999999999
2024-11-18 17:00:00,1589.3999999999999
2024-11-18 17:15:00,1516.0
2024-11-18 17:30:00,1371.8000000000002
2024-11-18 17:45:00,1425.8000000000002
2024-11-18 18:00:00,1281.0
2024-11-18 18:15:00,1264.6
2024-11-18 18:30:00,1220.6
2024-11-18 18:45:00,1091.4
2024-11-18 19:00:00,1147.4
2024-11-18 19:15:00,1102.2
2024-11-18 19:30:00,1026.6
2024-11-18 19:45:00,1040.3999999999999
2024-11-18 20:00:00,969.8
2024-11-18 20:15:00,915.4
2024-11-18 20:30:00,900.5999999999999
2024-11-18 20:45:00,896.6
2024-11-18 21:00:00,884.2
2024-11-18 21:15:00,853.6
2024-11-18 21:30:00,851.5999999999999
2024-11-18 21:45:00,844.6
2024-11-18 22:00:00,828.8
2024-11-18 22:15:00,791.2
2024-11-18 22:30:00,777.8
2024-11-18 22:45:00,752.8
2024-11-18 23:00:00,764.8
2024-11-18 23:15:00,1139.0
2024-11-18 23:30:00,1254.0000000000002
2024-11-18 23:45:00,1029.0
2024-11-19 00:00:00,938.8
2024-11-19 00:15:00,792.8
2024-11-19 00:30:00,726.0
2024-11-19 00:45:00,690.8
2024-11-19 01:00:00,659.8000000000001
2024-11-19 01:15:00,646.4
2024-11-19 01:30:00,692.0
2024-11-19 01:45:00,643.5999999999999
2024-11-19 02:00:00,610.8000000000001
2024-11-19 02:15:00,562.0
2024-11-19 02:30:00,570.2
2024-11-19 02:45:00,565.8
2024-11-19 03:00:00,571.4
2024-11-19 03:15:00,569.1999999999999
2024-11-19 03:30:00,552.2
2024-11-19 03:45:00,563.6
2024-11-19 04:00:00,558.0
2024-11-19 04:15:00,570.6
2024-11-19 04:30:00,609.2
2024-11-19 04:45:00,685.6000000000001
2024-11-19 05:00:00,652.4
2024-11-19 05:15:00,688.8000000000001
2024-11-19 05:30:00,663.0
2024-11-19 05:45:00,741.9999999999999
2024-11-19 06:00:00,793.0
2024-11-19 06:15:00,848.2
2024-11-19 06:30:00,796.0
2024-11-19 06:45:00,829.1999999999999
2024-11-19 07:00:00,724.4322
2024-11-19 07:15:00,632.0322
2024-11-19 07:30:00,625.6322
2024-11-19 07:45:00,651.8322
2024-11-19 08:00:00,529.5293
2024-11-19 08:15:00,576.1293000000001
2024-11-19 08:30:00,717.9293
2024-11-19 08:45:00,785.3293
2024-11-19 09:00:00,903.1352999999999
2024-11-19 09:15:00,920.3353
2024-11-19 09:30:00,1023.7353
2024-11-19 09:45:00,1097.7353
2024-11-19 10:00:00,1081.7653
2024-11-19 10:15:00,1112.3653
2024-11-19 10:30:00,1095.1653
2024-11-19 10:45:00,1058.5653000000002
2024-11-19 11:00:00,957.6585
2024-11-19 11:15:00,900.6585
2024-11-19 11:30:00,990.6585
2024-11-19 11:45:00,1061.0584999999999
2024-11-19 12:00:00,932.9172000000001
2024-11-19 12:15:00,841.9172
2024-11-19 12:30:00,810.1172
2024-11-19 12:45:00,765.3172
2024-11-19 13:00:00,916.8527999999999
2024-11-19 13:15:00,865.0528
2024-11-19 13:30:00,848.2528
2024-11-19 13:45:00,899.8528000000001
2024-11-19 14:00:00,1105.5214
2024-11-19 14:15:00,1190.1214
2024-11-19 14:30:00,1353.1214
2024-11-19 14:45:00,1280.5213999999999
2024-11-19 15:00:00,1570.4663999999998
2024-11-19 15:15:00,1540.0664
2024-11-19 15:30:00,1461.8663999999999
2024-11-19 15:45:00,1516.6664
2024-11-19 16:00:00,1669.5097
2024-11-19 16:15:00,1687.5097
2024-11-19 16:30:00,1611.3097
2024-11-19 16:45:00,1726.9097000000002
2024-11-19 17:00:00,1744.2000000000003
2024-11-19 17:15:00,1638.6
2024-11-19 17:30:00,1558.8
2024-11-19 17:45:00,1603.8000000000002
2024-11-19 18:00:00,1396.1999999999998
2024-11-19 18:15:00,1356.8000000000002
2024-11-19 18:30:00,1295.2
2024-11-19 18:45:00,1251.0
2024-11-19 19:00:00,1270.1999999999998
2024-11-19 19:15:00,1283.6
2024-11-19 19:30:00,1098.4
2024-11-19 19:45:00,1098.1999999999998
2024-11-19 20:00:00,1116.2
2024-11-19 20:15:00,1153.4
2024-11-19 20:30:00,1067.2
2024-11-19 20:45:00,1001.2
2024-11-19 21:00:00,1046.3999999999999
2024-11-19 21:15:00,1022.0
2024-11-19 21:30:00,910.0
2024-11-19 21:45:00,859.8
2024-11-19 22:00:00,790.6
2024-11-19 22:15:00,789.8
2024-11-19 22:30:00,754.1999999999999
2024-11-19 22:45:00,748.0
2024-11-19 23:00:00,821.0000000000001
2024-11-19 23:15:00,1016.6
2024-11-19 23:30:00,1046.0
2024-11-19 23:45:00,1032.8
2024-11-20 00:00:00,825.8000000000001
2024-11-20 00:15:00,711.0
2024-11-20 00:30:00,604.0
2024-11-20 00:45:00,609.8
2024-11-20 01:00:00,592.6
2024-11-20 01:15:00,592.4000000000001
2024-11-20 01:30:00,621.6
2024-11-20 01:45:00,727.8
2024-11-20 02:00:00,665.1999999999999
2024-11-20 02:15:00,608.0
2024-11-20 02:30:00,573.2
2024-11-20 02:45:00,561.4
2024-11-20 03:00:00,551.4
2024-11-20 03:15:00,560.5999999999999
2024-11-20 03:30:00,545.8
2024-11-20 03:45:00,542.2
2024-11-20 04:00:00,544.2
2024-11-20 04:15:00,559.2
2024-11-20 04:30:00,553.0
2024-11-20 04:45:00,557.0
2024-11-20 05:00:00,576.4
2024-11-20 05:15:00,649.4
2024-11-20 05:30:00,652.0
2024-11-20 05:45:00,691.8
2024-11-20 06:00:00,708.4000000000001
2024-11-20 06:15:00,818.8
2024-11-20 06:30:00,835.6
2024-11-20 06:45:00,797.6
2024-11-20 07:00:00,808.7887000000001
2024-11-20 07:15:00,815.3887
2024-11-20 07:30:00,731.9887000000001
2024-11-20 07:45:00,718.9887
2024-11-20 08:00:00,537.4066
2024-11-20 08:15:00,630.8066
2024-11-20 08:30:00,907.8066
2024-11-20 08:45:00,1106.4065999999998
2024-11-20 09:00:00,966.9505
2024-11-20 09:15:00,1043.9505000000001
2024-11-20 09:30:00,1134.7505
2024-11-20 09:45:00,1178.3505
2024-11-20 10:00:00,1100.8341
2024-11-20 10:15:00,1204.6341
2024-11-20 10:30:00,1319.4341
2024-11-20 10:45:00,1267.4341
2024-11-20 11:00:00,1011.6027000000001
2024-11-20 11:15:00,957.6026999999999
2024-11-20 11:30:00,984.8027
2024-11-20 11:45:00,992.8027
2024-11-20 12:00:00,986.2974999999999
2024-11-20 12:15:00,968.0975
2024-11-20 12:30:00,881.4975
2024-11-20 12:45:00,871.6975
2024-11-20 13:00:00,997.658
2024-11-20 13:15:00,1005.258
2024-11-20 13:30:00,994.458
2024-11-20 13:45:00,1043.658
2024-11-20 14:00:00,1234.7025
2024-11-20 14:15:00,1413.5025
2024-11-20 14:30:00,1396.5025
2024-11-20 14:45:00,1440.5025
2024-11-20 15:00:00,1623.073
2024-11-20 15:15:00,1760.873
2024-11-20 15:30:00,1693.4730000000002
2024-11-20 15:45:00,1693.0729999999999
2024-11-20 16:00:00,1755.002
2024-11-20 16:15:00,1644.6019999999999
2024-11-20 16:30:00,1629.802
2024-11-20 16:45:00,1667.6019999999999
2024-11-20 17:00:00,1830.1999999999998
2024-11-20 17:15:00,1638.3999999999999
2024-11-20 17:30:00,1633.6
2024-11-20 17:45:00,1586.2
2024-11-20 18:00:00,1472.0
2024-11-20 18:15:00,1358.8000000000002
2024-11-20 18:30:00,1303.2
2024-11-20 18:45:00,1213.6
2024-11-20 19:00:00,1156.6000000000001
2024-11-20 19:15:00,1162.0
2024-11-20 19:30:00,1142.0
2024-11-20 19:45:00,1130.8
2024-11-20 20:00:00,1170.6
2024-11-20 20:15:00,1083.2
2024-11-20 20:30:00,1032.6
2024-11-20 20:45:00,1002.8
2024-11-20 21:00:00,998.6
2024-11-20 21:15:00,940.0
2024-11-20 21:30:00,910.1999999999999
2024-11-20 21:45:00,940.5999999999999
2024-11-20 22:00:00,865.6000000000001
2024-11-20 22:15:00,839.4
2024-11-20 22:30:00,750.5999999999999
2024-11-20 22:45:00,776.6
2024-11-20 23:00:00,858.8
2024-11-20 23:15:00,1258.8000000000002
2024-11-20 23:30:00,1143.4
2024-11-20 23:45:00,971.4000000000001
2024-11-21 00:00:00,893.6000000000001
2024-11-21 00:15:00,814.8
2024-11-21 00:30:00,752.4
2024-11-21 00:45:00,808.9999999999999
2024-11-21 01:00:00,711.4
2024-11-21 01:15:00,723.0
2024-11-21 01:30:00,660.6
2024-11-21 01:45:00,591.8
2024-11-21 02:00:00,570.2
2024-11-21 02:15:00,559.0
2024-11-21 02:30:00,553.2
2024-11-21 02:45:00,551.6
2024-11-21 03:00:00,590.8
2024-11-21 03:15:00,584.8
2024-11-21 03:30:00,563.8
2024-11-21 03:45:00,550.8
2024-11-21 04:00:00,550.4000000000001
2024-11-21 04:15:00,587.5999999999999
2024-11-21 04:30:00,588.6
2024-11-21 04:45:00,587.6
2024-11-21 05:00:00,560.2
2024-11-21 05:15:00,573.1999999999999
2024-11-21 05:30:00,613.8
2024-11-21 05:45:00,746.8000000000001
2024-11-21 06:00:00,761.5999999999999
2024-11-21 06:15:00,768.1999999999999
2024-11-21 06:30:00,813.5999999999999
2024-11-21 06:45:00,810.0
2024-11-21 07:00:00,627.4081000000001
2024-11-21 07:15:00,706.4081000000001
2024-11-21 07:30:00,730.2081000000001
2024-11-21 07:45:00,792.6080999999999
2024-11-21 08:00:00,607.5053
2024-11-21 08:15:00,696.9053
2024-11-21 08:30:00,835.7053000000001
2024-11-21 08:45:00,944.3053
2024-11-21 09:00:00,1065.9957
2024-11-21 09:15:00,1169.5956999999999
2024-11-21 09:30:00,1196.7957000000001
2024-11-21 09:45:00,1182.3957
2024-11-21 10:00:00,926.1939
2024-11-21 10:15:00,998.5939
2024-11-21 10:30:00,1018.7939000000001
2024-11-21 10:45:00,972.1939
2024-11-21 11:00:00,944.7449000000001
2024-11-21 11:15:00,945.3449
2024-11-21 11:30:00,969.5449
2024-11-21 11:45:00,950.3448999999999
2024-11-21 12:00:00,917.5438999999999
2024-11-21 12:15:00,900.5438999999999
2024-11-21 12:30:00,865.9439
2024-11-21 12:45:00,813.9439
2024-11-21 13:00:00,859.6256000000001
2024-11-21 13:15:00,840.2256
2024-11-21 13:30:00,836.8256
2024-11-21 13:45:00,978.4256
2024-11-21 14:00:00,1128.4458
2024-11-21 14:15:00,1281.8458
2024-11-21 14:30:00,1316.6458
2024-11-21 14:45:00,1356.4458
2024-11-21 15:00:00,1622.7401
2024-11-21 15:15:00,1437.9401
2024-11-21 15:30:00,1475.9401
2024-11-21 15:45:00,1591.1401
2024-11-21 16:00:00,1744.3863
2024-11-21 16:15:00,1669.3863
2024-11-21 16:30:00,1643.7863000000002
2024-11-21 16:45:00,1555.9863
2024-11-21 17:00:00,1753.0339
2024-11-21 17:15:00,1724.6339
2024-11-21 17:30:00,1554.4339
2024-11-21 17:45:00,1582.0339
2024-11-21 18:00:00,1387.8
2024-11-21 18:15:00,1341.0
2024-11-21 18:30:00,1326.4
2024-11-21 18:45:00,1208.8000000000002
2024-11-21 19:00:00,1125.0
2024-11-21 19:15:00,1143.2
2024-11-21 19:30:00,1088.0
2024-11-21 19:45:00,1082.6
2024-11-21 20:00:00,1086.2
2024-11-21 20:15:00,1023.0
2024-11-21 20:30:00,1028.6
2024-11-21 20:45:00,1048.0
2024-11-21 21:00:00,980.5999999999999
2024-11-21 21:15:00,964.6
2024-11-21 21:30:00,950.0000000000001
2024-11-21 21:45:00,926.2
2024-11-21 22:00:00,913.1999999999999
2024-11-21 22:15:00,934.1999999999999
2024-11-21 22:30:00,855.8
2024-11-21 22:45:00,778.0
2024-11-21 23:00:00,812.6000000000001
2024-11-21 23:15:00,1161.4
2024-11-21 23:30:00,1000.0
2024-11-21 23:45:00,888.4000000000001
2024-11-22 00:00:00,760.8000000000001
2024-11-22 00:15:00,804.4000000000001
2024-11-22 00:30:00,715.2
2024-11-22 00:45:00,771.8
2024-11-22 01:00:00,753.2
2024-11-22 01:15:00,675.8
2024-11-22 01:30:00,629.2
2024-11-22 01:45:00,580.0
2024-11-22 02:00:00,582.0
2024-11-22 02:15:00,590.0
2024-11-22 02:30:00,575.4
2024-11-22 02:45:00,585.8
2024-11-22 03:00:00,571.0
2024-11-22 03:15:00,542.4
2024-11-22 03:30:00,615.4
2024-11-22 03:45:00,632.6
2024-11-22 04:00:00,624.6
2024-11-22 04:15:00,672.0
2024-11-22 04:30:00,729.4000000000001
2024-11-22 04:45:00,677.8000000000001
2024-11-22 05:00:00,711.8
2024-11-22 05:15:00,652.6000000000001
2024-11-22 05:30:00,640.6
2024-11-22 05:45:00,679.6
2024-11-22 06:00:00,709.5999999999999
2024-11-22 06:15:00,830.5999999999999
2024-11-22 06:30:00,822.5999999999999
2024-11-22 06:45:00,790.4000000000001
2024-11-22 07:00:00,835.9558
2024-11-22 07:15:00,787.9558
2024-11-22 07:30:00,768.9558
2024-11-22 07:45:00,768.7557999999999
2024-11-22 08:00:00,759.3934
2024-11-22 08:15:00,798.3934
2024-11-22 08:30:00,921.7934
2024-11-22 08:45:00,1190.7934
2024-11-22 09:00:00,1252.2461
2024-11-22 09:15:00,1488.6461
2024-11-22 09:30:00,1621.4461000000001
2024-11-22 09:45:00,1668.6461000000002
2024-11-22 10:00:00,1529.4994000000002
2024-11-22 10:15:00,1552.2993999999999
2024-11-22 10:30:00,1643.4994
2024-11-22 10:45:00,1662.0994
2024-11-22 11:00:00,1609.9279000000001
2024-11-22 11:15:00,1474.3279
2024-11-22 11:30:00,1500.9279000000001
2024-11-22 11:45:00,1467.3279
2024-11-22 12:00:00,1445.9079000000002
2024-11-22 12:15:00,1347.7079
2024-11-22 12:30:00,1278.3079
2024-11-22 12:45:00,1445.1079
2024-11-22 13:00:00,1312.2069999999999
2024-11-22 13:15:00,1347.407
2024-11-22 13:30:00,1297.2069999999999
2024-11-22 13:45:00,1311.007
2024-11-22 14:00:00,1405.2453
2024-11-22 14:15:00,1593.8453
2024-11-22 14:30:00,1745.0453
2024-11-22 14:45:00,1795.8453
2024-11-22 15:00:00,1685.0284
2024-11-22 15:15:00,1676.6284
2024-11-22 15:30:00,1786.2283999999997
2024-11-22 15:45:00,1803.4284000000002
2024-11-22 16:00:00,1745.8402999999998
2024-11-22 16:15:00,1776.0403000000001
2024-11-22 16:30:00,1833.0403000000001
2024-11-22 16:45:00,1798.6403
2024-11-22 17:00:00,1813.0
2024-11-22 17:15:00,1780.6
2024-11-22 17:30:00,1591.2
2024-11-22 17:45:00,1512.0
2024-11-22 18:00:00,1450.1999999999998
2024-11-22 18:15:00,1266.8
2024-11-22 18:30:00,1297.8
2024-11-22 18:45:00,1165.4
2024-11-22 19:00:00,1127.2
2024-11-22 19:15:00,1074.0
2024-11-22 19:30:00,1031.8
2024-11-22 19:45:00,1027.0
2024-11-22 20:00:00,1043.4
2024-11-22 20:15:00,1000.2
2024-11-22 20:30:00,983.2
2024-11-22 20:45:00,961.0
2024-11-22 21:00:00,958.6
2024-11-22 21:15:00,946.1999999999999
2024-11-22 21:30:00,869.4000000000001
2024-11-22 21:45:00,857.6
2024-11-22 22:00:00,825.6
2024-11-22 22:15:00,842.2
2024-11-22 22:30:00,797.8
2024-11-22 22:45:00,781.2
2024-11-22 23:00:00,712.8
2024-11-22 23:15:00,1012.2
2024-11-22 23:30:00,1059.6
2024-11-22 23:45:00,832.0
2024-11-23 00:00:00,778.4
2024-11-23 00:15:00,826.5999999999999
2024-11-23 00:30:00,962.0
2024-11-23 00:45:00,1058.4
2024-11-23 01:00:00,707.5999999999999
2024-11-23 01:15:00,672.8
2024-11-23 01:30:00,672.1999999999999
2024-11-23 01:45:00,769.8000000000001
2024-11-23 02:00:00,758.6
2024-11-23 02:15:00,664.4
2024-11-23 02:30:00,543.6
2024-11-23 02:45:00,630.6
2024-11-23 03:00:00,571.0
2024-11-23 03:15:00,651.6
2024-11-23 03:30:00,658.6
2024-11-23 03:45:00,625.8
2024-11-23 04:00:00,571.0
2024-11-23 04:15:00,586.2
2024-11-23 04:30:00,561.2
2024-11-23 04:45:00,566.8
2024-11-23 05:00:00,536.6
2024-11-23 05:15:00,596.2
2024-11-23 05:30:00,600.2
2024-11-23 05:45:00,706.6
2024-11-23 06:00:00,730.0
2024-11-23 06:15:00,716.4
2024-11-23 06:30:00,785.6
2024-11-23 06:45:00,788.4
2024-11-23 07:00:00,579.4799
2024-11-23 07:15:00,544.8799
2024-11-23 07:30:00,540.0799
2024-11-23 07:45:00,559.8799
2024-11-23 08:00:00,417.1083
2024-11-23 08:15:00,392.90829999999994
2024-11-23 08:30:00,395.30830000000003
2024-11-23 08:45:00,417.3083
2024-11-23 09:00:00,267.9341
2024-11-23 09:15:00,268.3341
2024-11-23 09:30:00,279.5341
2024-11-23 09:45:00,320.1341
2024-11-23 10:00:00,-140.26639999999995
2024-11-23 10:15:00,-33.46639999999999
2024-11-23 10:30:00,-3.466399999999993
2024-11-23 10:45:00,-56.06639999999999
2024-11-23 11:00:00,-84.23250000000002
2024-11-23 11:15:00,-121.03250000000003
2024-11-23 11:30:00,-153.43250000000003
2024-11-23 11:45:00,-170.43250000000003
2024-11-23 12:00:00,-326.8415
2024-11-23 12:15:00,-287.04150000000004
2024-11-23 12:30:00,-241.4415
2024-11-23 12:45:00,-281.4415
2024-11-23 13:00:00,23.592099999999903
2024-11-23 13:15:00,40.79209999999986
2024-11-23 13:30:00,55.99209999999988
2024-11-23 13:45:00,135.39209999999989
2024-11-23 14:00:00,296.8224
2024-11-23 14:15:00,294.8224
2024-11-23 14:30:00,211.82240000000002
2024-11-23 14:45:00,285.02239999999995
2024-11-23 15:00:00,585.5374
2024-11-23 15:15:00,604.5374
2024-11-23 15:30:00,520.3374000000001
2024-11-23 15:45:00,478.7374
2024-11-23 16:00:00,859.9013000000001
2024-11-23 16:15:00,998.9013000000001
2024-11-23 16:30:00,976.7013000000001
2024-11-23 16:45:00,957.9013
2024-11-23 17:00:00,1101.6000000000001
2024-11-23 17:15:00,1011.4
2024-11-23 17:30:00,957.9999999999999
2024-11-23 17:45:00,967.8
2024-11-23 18:00:00,950.4
2024-11-23 18:15:00,886.8
2024-11-23 18:30:00,882.8000000000001
2024-11-23 18:45:00,923.5999999999999
2024-11-23 19:00:00,851.0
2024-11-23 19:15:00,854.0
2024-11-23 19:30:00,898.0
2024-11-23 19:45:00,899.8
2024-11-23 20:00:00,800.8
2024-11-23 20:15:00,841.4
2024-11-23 20:30:00,861.0
2024-11-23 20:45:00,820.4000000000001
2024-11-23 21:00:00,808.4000000000001
2024-11-23 21:15:00,789.8
2024-11-23 21:30:00,782.0
2024-11-23 21:45:00,724.2
2024-11-23 22:00:00,724.1999999999999
2024-11-23 22:15:00,690.5999999999999
2024-11-23 22:30:00,638.4
2024-11-23 22:45:00,657.4
2024-11-23 23:00:00,626.8
2024-11-23 23:15:00,1116.3999999999999
2024-11-23 23:30:00,969.4
2024-11-23 23:45:00,813.1999999999999
2024-11-24 00:00:00,746.0
2024-11-24 00:15:00,660.4000000000001
2024-11-24 00:30:00,794.9999999999999
2024-11-24 00:45:00,791.4000000000001
2024-11-24 01:00:00,631.8
2024-11-24 01:15:00,524.0
2024-11-24 01:30:00,522.1999999999999
2024-11-24 01:45:00,522.0
2024-11-24 02:00:00,518.6
2024-11-24 02:15:00,516.0
2024-11-24 02:30:00,547.0
2024-11-24 02:45:00,538.0
2024-11-24 03:00:00,519.0
2024-11-24 03:15:00,515.6
2024-11-24 03:30:00,515.8000000000001
2024-11-24 03:45:00,645.2
2024-11-24 04:00:00,659.5999999999999
2024-11-24 04:15:00,632.8
2024-11-24 04:30:00,588.4
2024-11-24 04:45:00,572.8000000000001
2024-11-24 05:00:00,559.4
2024-11-24 05:15:00,550.6
2024-11-24 05:30:00,589.4
2024-11-24 05:45:00,626.6
2024-11-24 06:00:00,706.4
2024-11-24 06:15:00,720.1999999999999
2024-11-24 06:30:00,732.2
2024-11-24 06:45:00,587.0
2024-11-24 07:00:00,544.6043999999999
2024-11-24 07:15:00,503.2044
2024-11-24 07:30:00,527.6043999999999
2024-11-24 07:45:00,559.2044
2024-11-24 08:00:00,348.11150000000004
2024-11-24 08:15:00,343.11150000000004
2024-11-24 08:30:00,341.1115
2024-11-24 08:45:00,375.91150000000005
2024-11-24 09:00:00,265.0204
2024-11-24 09:15:00,320.6204
2024-11-24 09:30:00,320.02039999999994
2024-11-24 09:45:00,332.2203999999999
2024-11-24 10:00:00,147.3389
2024-11-24 10:15:00,130.13889999999998
2024-11-24 10:30:00,132.7389
2024-11-24 10:45:00,181.1389
2024-11-24 11:00:00,103.0223
2024-11-24 11:15:00,127.82229999999998
2024-11-24 11:30:00,107.0223
2024-11-24 11:45:00,91.02230000000006
2024-11-24 12:00:00,111.37129999999999
2024-11-24 12:15:00,94.97129999999999
2024-11-24 12:30:00,100.37129999999999
2024-11-24 12:45:00,100.17129999999997
2024-11-24 13:00:00,127.71560000000005
2024-11-24 13:15:00,203.51560000000003
2024-11-24 13:30:00,115.11560000000003
2024-11-24 13:45:00,132.71559999999997
2024-11-24 14:00:00,267.51320000000004
2024-11-24 14:15:00,423.91319999999996
2024-11-24 14:30:00,370.1132
2024-11-24 14:45:00,288.7131999999999
2024-11-24 15:00:00,672.0727
2024-11-24 15:15:00,749.6727000000001
2024-11-24 15:30:00,668.6727000000001
2024-11-24 15:45:00,674.0726999999999
2024-11-24 16:00:00,799.5384000000001
2024-11-24 16:15:00,844.5384
2024-11-24 16:30:00,824.3384000000001
2024-11-24 16:45:00,826.5384
2024-11-24 17:00:00,955.8
2024-11-24 17:15:00,1141.4
2024-11-24 17:30:00,984.8
2024-11-24 17:45:00,903.2
2024-11-24 18:00:00,866.3999999999999
2024-11-24 18:15:00,851.1999999999999
2024-11-24 18:30:00,896.2
2024-11-24 18:45:00,823.2
2024-11-24 19:00:00,840.2
2024-11-24 19:15:00,864.4000000000001
2024-11-24 19:30:00,816.2
2024-11-24 19:45:00,836.8
2024-11-24 20:00:00,792.8
2024-11-24 20:15:00,805.6
2024-11-24 20:30:00,801.6
2024-11-24 20:45:00,768.4000000000001
2024-11-24 21:00:00,804.4
2024-11-24 21:15:00,765.4000000000001
2024-11-24 21:30:00,732.0000000000001
2024-11-24 21:45:00,742.1999999999999
2024-11-24 22:00:00,712.4000000000001
2024-11-24 22:15:00,711.2
2024-11-24 22:30:00,670.0
2024-11-24 22:45:00,652.2
2024-11-24 23:00:00,794.2
2024-11-24 23:15:00,1149.8
2024-11-24 23:30:00,1121.0
2024-11-24 23:45:00,979.8
2024-11-25 00:00:00,788.0
2024-11-25 00:15:00,705.0
2024-11-25 00:30:00,693.0
2024-11-25 00:45:00,596.8
2024-11-25 01:00:00,612.8
2024-11-25 01:15:00,619.6
2024-11-25 01:30:00,672.6
2024-11-25 01:45:00,613.1999999999999
2024-11-25 02:00:00,649.2
2024-11-25 02:15:00,590.0
2024-11-25 02:30:00,635.1999999999999
2024-11-25 02:45:00,575.8
2024-11-25 03:00:00,542.2
2024-11-25 03:15:00,523.6
2024-11-25 03:30:00,531.0
2024-11-25 03:45:00,517.6
2024-11-25 04:00:00,540.6
2024-11-25 04:15:00,603.4000000000001
2024-11-25 04:30:00,654.2
2024-11-25 04:45:00,618.4
2024-11-25 05:00:00,626.6
2024-11-25 05:15:00,578.0
2024-11-25 05:30:00,596.4
2024-11-25 05:45:00,618.8
2024-11-25 06:00:00,682.8000000000001
2024-11-25 06:15:00,761.4
2024-11-25 06:30:00,772.0
2024-11-25 06:45:00,831.2
2024-11-25 07:00:00,772.4245999999999
2024-11-25 07:15:00,734.8246
2024-11-25 07:30:00,814.2246
2024-11-25 07:45:00,822.8245999999999
2024-11-25 08:00:00,540.5044
2024-11-25 08:15:00,599.5044
2024-11-25 08:30:00,742.9044
2024-11-25 08:45:00,940.9044000000001
2024-11-25 09:00:00,1015.2322000000001
2024-11-25 09:15:00,1219.2322
2024-11-25 09:30:00,1179.4322000000002
2024-11-25 09:45:00,1369.2322000000001
2024-11-25 10:00:00,1092.5068
2024-11-25 10:15:00,1055.7068
2024-11-25 10:30:00,1131.5067999999999
2024-11-25 10:45:00,1094.3067999999998
2024-11-25 11:00:00,1099.512
2024-11-25 11:15:00,1136.312
2024-11-25 11:30:00,1129.512
2024-11-25 11:45:00,1107.712
2024-11-25 12:00:00,1207.5545000000002
2024-11-25 12:15:00,1210.3545000000001
2024-11-25 12:30:00,1109.5545000000002
2024-11-25 12:45:00,1104.7545
2024-11-25 13:00:00,992.2730000000001
2024-11-25 13:15:00,961.0730000000001
2024-11-25 13:30:00,915.273
2024-11-25 13:45:00,1054.873
2024-11-25 14:00:00,1391.5028000000002
2024-11-25 14:15:00,1506.3028
2024-11-25 14:30:00,1491.9028
2024-11-25 14:45:00,1544.7028
2024-11-25 15:00:00,1687.1834
2024-11-25 15:15:00,1704.7833999999998
2024-11-25 15:30:00,1803.7834
2024-11-25 15:45:00,1820.3834
2024-11-25 16:00:00,1796.4524000000001
2024-11-25 16:15:00,1873.6524
2024-11-25 16:30:00,1927.6524
2024-11-25 16:45:00,1881.2523999999999
2024-11-25 17:00:00,2038.6
2024-11-25 17:15:00,2075.4
2024-11-25 17:30:00,1908.6
2024-11-25 17:45:00,1770.0
2024-11-25 18:00:00,1657.4
2024-11-25 18:15:00,1551.4
2024-11-25 18:30:00,1518.6000000000001
2024-11-25 18:45:00,1413.1999999999998
2024-11-25 19:00:00,1319.6
2024-11-25 19:15:00,1263.6
2024-11-25 19:30:00,1263.1999999999998
2024-11-25 19:45:00,1257.4
2024-11-25 20:00:00,1204.8
2024-11-25 20:15:00,1167.6000000000001
2024-11-25 20:30:00,1177.0
2024-11-25 20:45:00,1161.6
2024-11-25 21:00:00,1112.6
2024-11-25 21:15:00,1120.8
2024-11-25 21:30:00,1016.8
2024-11-25 21:45:00,1021.2
2024-11-25 22:00:00,962.4000000000001
2024-11-25 22:15:00,946.8000000000001
2024-11-25 22:30:00,907.4
2024-11-25 22:45:00,899.1999999999999
2024-11-25 23:00:00,807.8
2024-11-25 23:15:00,1086.6000000000001
2024-11-25 23:30:00,1097.6
2024-11-25 23:45:00,1054.2
2024-11-26 00:00:00,1080.4
2024-11-26 00:15:00,933.2
2024-11-26 00:30:00,833.0
2024-11-26 00:45:00,746.4000000000001
2024-11-26 01:00:00,686.4
2024-11-26 01:15:00,631.8000000000001
2024-11-26 01:30:00,693.0000000000001
2024-11-26 01:45:00,745.4000000000001
2024-11-26 02:00:00,755.8
2024-11-26 02:15:00,693.8000000000001
2024-11-26 02:30:00,588.0
2024-11-26 02:45:00,575.5999999999999
2024-11-26 03:00:00,593.0
2024-11-26 03:15:00,610.6
2024-11-26 03:30:00,590.8
2024-11-26 03:45:00,602.6
2024-11-26 04:00:00,590.8
2024-11-26 04:15:00,686.5999999999999
2024-11-26 04:30:00,650.0
2024-11-26 04:45:00,675.4000000000001
2024-11-26 05:00:00,692.0
2024-11-26 05:15:00,701.6000000000001
2024-11-26 05:30:00,870.5999999999999
2024-11-26 05:45:00,918.6
2024-11-26 06:00:00,1056.2
2024-11-26 06:15:00,1050.4
2024-11-26 06:30:00,996.2
2024-11-26 06:45:00,860.4000000000001
2024-11-26 07:00:00,839.982
2024-11-26 07:15:00,758.5819999999999
2024-11-26 07:30:00,751.182
2024-11-26 07:45:00,757.782
2024-11-26 08:00:00,649.6346000000001
2024-11-26 08:15:00,748.6346
2024-11-26 08:30:00,976.2346
2024-11-26 08:45:00,1399.8346000000001
2024-11-26 09:00:00,1050.7187
2024-11-26 09:15:00,1072.1187
2024-11-26 09:30:00,1168.9187000000002
2024-11-26 09:45:00,1211.7187
2024-11-26 10:00:00,1210.7907
2024-11-26 10:15:00,1201.7907
2024-11-26 10:30:00,1235.5907
2024-11-26 10:45:00,1252.3907
2024-11-26 11:00:00,1073.0468
2024-11-26 11:15:00,1008.6468000000001
2024-11-26 11:30:00,967.8468
2024-11-26 11:45:00,981.0468000000001
2024-11-26 12:00:00,828.8706
2024-11-26 12:15:00,848.0706
2024-11-26 12:30:00,764.6705999999999
2024-11-26 12:45:00,714.6706
2024-11-26 13:00:00,888.8928000000001
2024-11-26 13:15:00,902.4928000000001
2024-11-26 13:30:00,881.2928000000002
2024-11-26 13:45:00,923.8928000000001
2024-11-26 14:00:00,1174.6167
2024-11-26 14:15:00,1517.6167
2024-11-26 14:30:00,1655.8166999999999
2024-11-26 14:45:00,1447.0167000000001
2024-11-26 15:00:00,1531.8331
2024-11-26 15:15:00,1475.8331
2024-11-26 15:30:00,1385.2331
2024-11-26 15:45:00,1402.8331
2024-11-26 16:00:00,1621.8105999999998
2024-11-26 16:15:00,1590.8105999999998
2024-11-26 16:30:00,1804.0106
2024-11-26 16:45:00,1760.0106
2024-11-26 17:00:00,1754.5209
2024-11-26 17:15:00,1683.9209
2024-11-26 17:30:00,1648.1209
2024-11-26 17:45:00,1609.9209
2024-11-26 18:00:00,1410.0
2024-11-26 18:15:00,1371.4
2024-11-26 18:30:00,1346.8000000000002
2024-11-26 18:45:00,1258.4
2024-11-26 19:00:00,1220.1999999999998
2024-11-26 19:15:00,1273.8000000000002
2024-11-26 19:30:00,1241.0
2024-11-26 19:45:00,1175.8
2024-11-26 20:00:00,1145.4
2024-11-26 20:15:00,1103.0
2024-11-26 20:30:00,1078.8
2024-11-26 20:45:00,1081.6
2024-11-26 21:00:00,1057.8
2024-11-26 21:15:00,986.4
2024-11-26 21:30:00,978.8
2024-11-26 21:45:00,980.2
2024-11-26 22:00:00,922.0
2024-11-26 22:15:00,923.6
2024-11-26 22:30:00,903.6
2024-11-26 22:45:00,824.5999999999999
2024-11-26 23:00:00,882.0
2024-11-26 23:15:00,1061.1999999999998
2024-11-26 23:30:00,1031.0
2024-11-26 23:45:00,987.6000000000001
2024-11-27 00:00:00,999.8
2024-11-27 00:15:00,772.2
2024-11-27 00:30:00,800.8
2024-11-27 00:45:00,860.8000000000001
2024-11-27 01:00:00,867.8000000000001
2024-11-27 01:15:00,742.8
2024-11-27 01:30:00,704.4
2024-11-27 01:45:00,648.4000000000001
2024-11-27 02:00:00,642.0
2024-11-27 02:15:00,631.4
2024-11-27 02:30:00,604.6
2024-11-27 02:45:00,602.2
2024-11-27 03:00:00,619.4
2024-11-27 03:15:00,605.4
2024-11-27 03:30:00,620.6
2024-11-27 03:45:00,674.8
2024-11-27 04:00:00,648.2
2024-11-27 04:15:00,627.8000000000001
2024-11-27 04:30:00,751.4
2024-11-27 04:45:00,743.1999999999999
2024-11-27 05:00:00,772.4
2024-11-27 05:15:00,744.8000000000001
2024-11-27 05:30:00,695.2
2024-11-27 05:45:00,792.5999999999999
2024-11-27 06:00:00,817.6
2024-11-27 06:15:00,882.9999999999999
2024-11-27 06:30:00,975.2
2024-11-27 06:45:00,898.4
2024-11-27 07:00:00,752.2494
2024-11-27 07:15:00,754.0494
2024-11-27 07:30:00,815.2494
2024-11-27 07:45:00,883.4494
2024-11-27 08:00:00,793.9261000000001
2024-11-27 08:15:00,798.7261
2024-11-27 08:30:00,990.3261
2024-11-27 08:45:00,1242.5261
2024-11-27 09:00:00,1250.0405
2024-11-27 09:15:00,1296.8405
2024-11-27 09:30:00,1374.6405
2024-11-27 09:45:00,1280.6405
2024-11-27 10:00:00,1292.0267
2024-11-27 10:15:00,1403.2267
2024-11-27 10:30:00,1438.4267
2024-11-27 10:45:00,1418.6267
2024-11-27 11:00:00,926.5016
2024-11-27 11:15:00,921.1016000000001
2024-11-27 11:30:00,886.5016000000002
2024-11-27 11:45:00,944.5016
2024-11-27 12:00:00,873.3163000000001
2024-11-27 12:15:00,747.3163
2024-11-27 12:30:00,709.7162999999999
2024-11-27 12:45:00,643.5163
2024-11-27 13:00:00,858.7449
2024-11-27 13:15:00,821.9449
2024-11-27 13:30:00,838.9449000000001
2024-11-27 13:45:00,901.3448999999999
2024-11-27 14:00:00,1066.4553
2024-11-27 14:15:00,1162.0553
2024-11-27 14:30:00,1102.6553
2024-11-27 14:45:00,1083.0553
2024-11-27 15:00:00,1290.77
2024-11-27 15:15:00,1339.37
2024-11-27 15:30:00,1341.77
2024-11-27 15:45:00,1296.17
2024-11-27 16:00:00,1344.8128000000002
2024-11-27 16:15:00,1444.6127999999999
2024-11-27 16:30:00,1577.2128000000002
2024-11-27 16:45:00,1557.2128000000002
2024-11-27 17:00:00,1720.8000000000002
2024-11-27 17:15:00,1663.3999999999999
2024-11-27 17:30:00,1469.4
2024-11-27 17:45:00,1532.0
2024-11-27 18:00:00,1484.0
2024-11-27 18:15:00,1282.6
2024-11-27 18:30:00,1218.0
2024-11-27 18:45:00,1161.2
2024-11-27 19:00:00,1099.2
2024-11-27 19:15:00,1126.6
2024-11-27 19:30:00,1093.4
2024-11-27 19:45:00,1108.4
2024-11-27 20:00:00,1066.8
2024-11-27 20:15:00,1046.8
2024-11-27 20:30:00,1053.4
2024-11-27 20:45:00,1040.6000000000001
2024-11-27 21:00:00,988.2
2024-11-27 21:15:00,991.4000000000001
2024-11-27 21:30:00,954.0
2024-11-27 21:45:00,939.2
2024-11-27 22:00:00,946.8
2024-11-27 22:15:00,933.8000000000001
2024-11-27 22:30:00,886.8
2024-11-27 22:45:00,810.4
2024-11-27 23:00:00,784.4
2024-11-27 23:15:00,1055.8000000000002
2024-11-27 23:30:00,1058.4
2024-11-27 23:45:00,1154.6
2024-11-28 00:00:00,1028.0
2024-11-28 00:15:00,817.5999999999999
2024-11-28 00:30:00,771.1999999999999
2024-11-28 00:45:00,743.4000000000001
2024-11-28 01:00:00,725.9999999999999
2024-11-28 01:15:00,705.6
2024-11-28 01:30:00,773.2
2024-11-28 01:45:00,627.4000000000001
2024-11-28 02:00:00,634.4000000000001
2024-11-28 02:15:00,605.2
2024-11-28 02:30:00,611.6
2024-11-28 02:45:00,603.6
2024-11-28 03:00:00,590.6
2024-11-28 03:15:00,592.4
2024-11-28 03:30:00,584.4
2024-11-28 03:45:00,579.0
2024-11-28 04:00:00,600.6
2024-11-28 04:15:00,698.6
2024-11-28 04:30:00,805.8
2024-11-28 04:45:00,731.2
2024-11-28 05:00:00,674.5999999999999
2024-11-28 05:15:00,680.0
2024-11-28 05:30:00,658.1999999999999
2024-11-28 05:45:00,705.4
2024-11-28 06:00:00,805.4000000000001
2024-11-28 06:15:00,904.4000000000001
2024-11-28 06:30:00,929.0
2024-11-28 06:45:00,862.8
2024-11-28 07:00:00,789.7567999999999
2024-11-28 07:15:00,689.1568
2024-11-28 07:30:00,722.7568000000001
2024-11-28 07:45:00,748.7568
2024-11-28 08:00:00,640.6304
2024-11-28 08:15:00,734.4304000000001
2024-11-28 08:30:00,909.2304000000001
2024-11-28 08:45:00,1227.2304000000001
2024-11-28 09:00:00,1032.7162
2024-11-28 09:15:00,1023.7162000000001
2024-11-28 09:30:00,1134.1162
2024-11-28 09:45:00,1143.5162
2024-11-28 10:00:00,1042.7497
2024-11-28 10:15:00,1106.1497000000002
2024-11-28 10:30:00,1118.7496999999998
2024-11-28 10:45:00,1092.1497
2024-11-28 11:00:00,1034.4952
2024-11-28 11:15:00,1002.4952000000001
2024-11-28 11:30:00,1043.4952
2024-11-28 11:45:00,1017.4952000000001
2024-11-28 12:00:00,945.8575000000001
2024-11-28 12:15:00,902.0575000000001
2024-11-28 12:30:00,783.2574999999999
2024-11-28 12:45:00,755.0574999999999
2024-11-28 13:00:00,781.6467
2024-11-28 13:15:00,751.0467000000001
2024-11-28 13:30:00,771.6467
2024-11-28 13:45:00,862.6467
2024-11-28 14:00:00,955.6232
2024-11-28 14:15:00,1027.4232
2024-11-28 14:30:00,1176.6232
2024-11-28 14:45:00,1289.4232
2024-11-28 15:00:00,1315.434
2024-11-28 15:15:00,1360.434
2024-11-28 15:30:00,1352.234
2024-11-28 15:45:00,1500.2340000000002
2024-11-28 16:00:00,1562.2885999999999
2024-11-28 16:15:00,1497.0886
2024-11-28 16:30:00,1527.4886000000001
2024-11-28 16:45:00,1551.8886
2024-11-28 17:00:00,1589.0
2024-11-28 17:15:00,1639.0
2024-11-28 17:30:00,1524.8
2024-11-28 17:45:00,1442.0
2024-11-28 18:00:00,1366.0
2024-11-28 18:15:00,1236.6
2024-11-28 18:30:00,1269.4
2024-11-28 18:45:00,1152.6000000000001
2024-11-28 19:00:00,1267.3999999999999
2024-11-28 19:15:00,1219.8000000000002
2024-11-28 19:30:00,1169.8
2024-11-28 19:45:00,1164.6000000000001
2024-11-28 20:00:00,1142.4
2024-11-28 20:15:00,1081.4
2024-11-28 20:30:00,1098.2
2024-11-28 20:45:00,1044.4
2024-11-28 21:00:00,1042.8
2024-11-28 21:15:00,993.4
2024-11-28 21:30:00,987.8
2024-11-28 21:45:00,991.8
2024-11-28 22:00:00,1012.0000000000001
2024-11-28 22:15:00,933.8
2024-11-28 22:30:00,859.9999999999999
2024-11-28 22:45:00,875.8
2024-11-28 23:00:00,852.5999999999999
2024-11-28 23:15:00,1246.0
2024-11-28 23:30:00,1221.6
2024-11-28 23:45:00,988.4
2024-11-29 00:00:00,809.8
2024-11-29 00:15:00,807.8
2024-11-29 00:30:00,755.1999999999999
2024-11-29 00:45:00,733.4000000000001
2024-11-29 01:00:00,826.1999999999999
2024-11-29 01:15:00,768.6
2024-11-29 01:30:00,771.6
2024-11-29 01:45:00,704.8
2024-11-29 02:00:00,677.6
2024-11-29 02:15:00,659.6
2024-11-29 02:30:00,609.4
2024-11-29 02:45:00,834.8
2024-11-29 03:00:00,912.3999999999999
2024-11-29 03:15:00,864.4
2024-11-29 03:30:00,759.4
2024-11-29 03:45:00,603.8
2024-11-29 04:00:00,627.5999999999999
2024-11-29 04:15:00,643.0
2024-11-29 04:30:00,722.8
2024-11-29 04:45:00,745.5999999999999
2024-11-29 05:00:00,732.0
2024-11-29 05:15:00,772.4
2024-11-29 05:30:00,716.2
2024-11-29 05:45:00,814.4
2024-11-29 06:00:00,910.6
2024-11-29 06:15:00,930.6
2024-11-29 06:30:00,943.8
2024-11-29 06:45:00,845.8
2024-11-29 07:00:00,779.0302999999999
2024-11-29 07:15:00,728.2302999999999
2024-11-29 07:30:00,732.0303000000001
2024-11-29 07:45:00,733.6303
2024-11-29 08:00:00,612.4387
2024-11-29 08:15:00,750.0387000000001
2024-11-29 08:30:00,969.4387
2024-11-29 08:45:00,1045.2386999999999
2024-11-29 09:00:00,1219.6152000000002
2024-11-29 09:15:00,1202.4152
2024-11-29 09:30:00,1248.0152
2024-11-29 09:45:00,1237.8152
2024-11-29 10:00:00,1295.2367
2024-11-29 10:15:00,1420.6367
2024-11-29 10:30:00,1342.2367
2024-11-29 10:45:00,1302.6367
2024-11-29 11:00:00,1096.6916
2024-11-29 11:15:00,1022.0915999999999
2024-11-29 11:30:00,955.2915999999999
2024-11-29 11:45:00,1005.4916
2024-11-29 12:00:00,947.3169
2024-11-29 12:15:00,867.9168999999999
2024-11-29 12:30:00,817.1169
2024-11-29 12:45:00,750.3169
2024-11-29 13:00:00,688.6188999999999
2024-11-29 13:15:00,682.4189
2024-11-29 13:30:00,845.6188999999999
2024-11-29 13:45:00,777.6188999999999
2024-11-29 14:00:00,976.1997
2024-11-29 14:15:00,1088.5997
2024-11-29 14:30:00,971.7997
2024-11-29 14:45:00,1029.9997
2024-11-29 15:00:00,1336.1165
2024-11-29 15:15:00,1402.5165000000002
2024-11-29 15:30:00,1283.3165
2024-11-29 15:45:00,1149.1165
2024-11-29 16:00:00,1495.8937
2024-11-29 16:15:00,1314.8937
2024-11-29 16:30:00,1386.8937
2024-11-29 16:45:00,1508.8937
2024-11-29 17:00:00,1688.1999999999998
2024-11-29 17:15:00,1455.0
2024-11-29 17:30:00,1536.8000000000002
2024-11-29 17:45:00,1436.0
2024-11-29 18:00:00,1326.1999999999998
2024-11-29 18:15:00,1212.6
2024-11-29 18:30:00,1149.4
2024-11-29 18:45:00,1139.8
2024-11-29 19:00:00,1109.8
2024-11-29 19:15:00,1125.0
2024-11-29 19:30:00,1043.0
2024-11-29 19:45:00,1048.6000000000001
2024-11-29 20:00:00,1004.0
2024-11-29 20:15:00,993.9999999999999
2024-11-29 20:30:00,950.4
2024-11-29 20:45:00,958.2
2024-11-29 21:00:00,925.1999999999999
2024-11-29 21:15:00,929.6
2024-11-29 21:30:00,908.0
2024-11-29 21:45:00,915.6
2024-11-29 22:00:00,910.1999999999999
2024-11-29 22:15:00,916.6
2024-11-29 22:30:00,827.4
2024-11-29 22:45:00,790.5999999999999
2024-11-29 23:00:00,844.1999999999999
2024-11-29 23:15:00,1030.4
2024-11-29 23:30:00,1213.8
2024-11-29 23:45:00,892.1999999999999
2024-11-30 00:00:00,862.8
2024-11-30 00:15:00,721.4
2024-11-30 00:30:00,886.0
2024-11-30 00:45:00,888.8000000000001
2024-11-30 01:00:00,834.1999999999999
2024-11-30 01:15:00,658.6
2024-11-30 01:30:00,686.8
2024-11-30 01:45:00,726.2
2024-11-30 02:00:00,693.3999999999999
2024-11-30 02:15:00,673.2
2024-11-30 02:30:00,609.2
2024-11-30 02:45:00,581.6
2024-11-30 03:00:00,641.5999999999999
2024-11-30 03:15:00,639.8
2024-11-30 03:30:00,641.8000000000001
2024-11-30 03:45:00,553.2
2024-11-30 04:00:00,604.6
2024-11-30 04:15:00,637.5999999999999
2024-11-30 04:30:00,670.0
2024-11-30 04:45:00,714.6
2024-11-30 05:00:00,673.4
2024-11-30 05:15:00,693.2
2024-11-30 05:30:00,684.8
2024-11-30 05:45:00,772.8
2024-11-30 06:00:00,732.6
2024-11-30 06:15:00,815.0
2024-11-30 06:30:00,839.4000000000001
2024-11-30 06:45:00,808.8000000000001
2024-11-30 07:00:00,679.6935
2024-11-30 07:15:00,660.0935
2024-11-30 07:30:00,627.2935
2024-11-30 07:45:00,663.6935000000001
2024-11-30 08:00:00,603.4753
2024-11-30 08:15:00,642.8753
2024-11-30 08:30:00,705.4753
2024-11-30 08:45:00,721.8752999999999
2024-11-30 09:00:00,723.1103
2024-11-30 09:15:00,686.7103
2024-11-30 09:30:00,784.9103
2024-11-30 09:45:00,730.1103
2024-11-30 10:00:00,709.3598000000001
2024-11-30 10:15:00,692.3598000000001
2024-11-30 10:30:00,817.7598
2024-11-30 10:45:00,821.3598000000001
2024-11-30 11:00:00,712.3737
2024-11-30 11:15:00,667.9737
2024-11-30 11:30:00,630.9737
2024-11-30 11:45:00,606.7737
2024-11-30 12:00:00,608.4260999999999
2024-11-30 12:15:00,620.2261
2024-11-30 12:30:00,623.8261
2024-11-30 12:45:00,626.6261000000001
2024-11-30 13:00:00,605.7707
2024-11-30 13:15:00,676.5707
2024-11-30 13:30:00,655.5706999999999
2024-11-30 13:45:00,626.1707
2024-11-30 14:00:00,691.3617
2024-11-30 14:15:00,915.1617
2024-11-30 14:30:00,995.5617000000001
2024-11-30 14:45:00,804.9617
2024-11-30 15:00:00,827.9701
2024-11-30 15:15:00,1126.9701
2024-11-30 15:30:00,1073.1700999999998
2024-11-30 15:45:00,1022.9701
2024-11-30 16:00:00,1121.5546000000002
2024-11-30 16:15:00,981.7546
2024-11-30 16:30:00,998.3546000000001
2024-11-30 16:45:00,947.7546
2024-11-30 17:00:00,998.0
2024-11-30 17:15:00,986.4
2024-11-30 17:30:00,1089.6
2024-11-30 17:45:00,963.0
2024-11-30 18:00:00,998.0
2024-11-30 18:15:00,903.2
2024-11-30 18:30:00,879.0
2024-11-30 18:45:00,869.4000000000001
2024-11-30 19:00:00,902.4
2024-11-30 19:15:00,869.0
2024-11-30 19:30:00,868.5999999999999
2024-11-30 19:45:00,839.0
2024-11-30 20:00:00,947.2
2024-11-30 20:15:00,901.2
2024-11-30 20:30:00,860.5999999999999
2024-11-30 20:45:00,837.8
2024-11-30 21:00:00,823.4
2024-11-30 21:15:00,813.8000000000001
2024-11-30 21:30:00,830.8
2024-11-30 21:45:00,802.9999999999999
2024-11-30 22:00:00,804.4
2024-11-30 22:15:00,801.8
2024-11-30 22:30:00,761.8000000000001
2024-11-30 22:45:00,739.8
2024-11-30 23:00:00,718.5999999999999
2024-11-30 23:15:00,964.8000000000001
2024-11-30 23:30:00,1000.0
2024-11-30 23:45:00,1044.3999999999999
2024-12-01 00:00:00,1252.3999999999999
2024-12-01 00:15:00,1113.1999999999998
2024-12-01 00:30:00,900.4000000000001
2024-12-01 00:45:00,738.6
2024-12-01 01:00:00,614.5999999999999
2024-12-01 01:15:00,643.0
2024-12-01 01:30:00,726.5999999999999
2024-12-01 01:45:00,644.0
2024-12-01 02:00:00,575.6
2024-12-01 02:15:00,554.2
2024-12-01 02:30:00,563.0
2024-12-01 02:45:00,562.6
2024-12-01 03:00:00,558.0
2024-12-01 03:15:00,552.0
2024-12-01 03:30:00,561.5999999999999
2024-12-01 03:45:00,569.0
2024-12-01 04:00:00,572.8
2024-12-01 04:15:00,573.4
2024-12-01 04:30:00,562.6
2024-12-01 04:45:00,601.6
2024-12-01 05:00:00,651.4000000000001
2024-12-01 05:15:00,634.6
2024-12-01 05:30:00,698.2
2024-12-01 05:45:00,750.4000000000001
2024-12-01 06:00:00,893.0
2024-12-01 06:15:00,890.4
2024-12-01 06:30:00,888.8000000000001
2024-12-01 06:45:00,782.4000000000001
2024-12-01 07:00:00,662.4577
2024-12-01 07:15:00,576.4577
2024-12-01 07:30:00,604.8577
2024-12-01 07:45:00,634.4576999999999
2024-12-01 08:00:00,422.9502
2024-12-01 08:15:00,407.3502
2024-12-01 08:30:00,457.15020000000004
2024-12-01 08:45:00,468.15020000000004
2024-12-01 09:00:00,230.93230000000003
2024-12-01 09:15:00,272.93229999999994
2024-12-01 09:30:00,283.53229999999996
2024-12-01 09:45:00,388.1323
2024-12-01 10:00:00,317.32630000000006
2024-12-01 10:15:00,304.1263
2024-12-01 10:30:00,274.5263
2024-12-01 10:45:00,295.1263
2024-12-01 11:00:00,157.735
2024-12-01 11:15:00,69.73500000000001
2024-12-01 11:30:00,64.73500000000001
2024-12-01 11:45:00,157.53500000000003
2024-12-01 12:00:00,54.96199999999999
2024-12-01 12:15:00,50.16200000000005
2024-12-01 12:30:00,12.561999999999998
2024-12-01 12:45:00,-7.03799999999999
2024-12-01 13:00:00,268.4749
2024-12-01 13:15:00,218.2749
2024-12-01 13:30:00,204.67490000000004
2024-12-01 13:45:00,201.87489999999997
2024-12-01 14:00:00,343.0357
2024-12-01 14:15:00,509.6357
2024-12-01 14:30:00,455.8357
2024-12-01 14:45:00,415.63570000000004
2024-12-01 15:00:00,515.3815999999999
2024-12-01 15:15:00,668.3816000000002
2024-12-01 15:30:00,659.5816
2024-12-01 15:45:00,855.5816
2024-12-01 16:00:00,892.9903000000002
2024-12-01 16:15:00,831.1903000000001
2024-12-01 16:30:00,664.5903
2024-12-01 16:45:00,733.3903
2024-12-01 17:00:00,777.6
2024-12-01 17:15:00,930.4000000000001
2024-12-01 17:30:00,870.8000000000001
2024-12-01 17:45:00,861.8000000000001
2024-12-01 18:00:00,794.0
2024-12-01 18:15:00,797.6
2024-12-01 18:30:00,777.5999999999999
2024-12-01 18:45:00,779.4
2024-12-01 19:00:00,921.8
2024-12-01 19:15:00,939.0
2024-12-01 19:30:00,852.2
2024-12-01 19:45:00,741.6
2024-12-01 20:00:00,752.2
2024-12-01 20:15:00,746.8
2024-12-01 20:30:00,758.6
2024-12-01 20:45:00,744.0
2024-12-01 21:00:00,770.4
2024-12-01 21:15:00,729.2
2024-12-01 21:30:00,729.0
2024-12-01 21:45:00,731.1999999999999
2024-12-01 22:00:00,773.5999999999999
2024-12-01 22:15:00,723.2
2024-12-01 22:30:00,707.6
2024-12-01 22:45:00,673.0
2024-12-01 23:00:00,680.1999999999999
2024-12-01 23:15:00,1104.4
2024-12-01 23:30:00,1113.8000000000002
2024-12-01 23:45:00,805.0
2024-12-02 00:00:00,950.3999999999999
2024-12-02 00:15:00,793.2
2024-12-02 00:30:00,633.4
2024-12-02 00:45:00,787.1999999999999
2024-12-02 01:00:00,790.2
2024-12-02 01:15:00,640.4
2024-12-02 01:30:00,680.8000000000001
2024-12-02 01:45:00,659.6
2024-12-02 02:00:00,587.6
2024-12-02 02:15:00,603.8000000000001
2024-12-02 02:30:00,554.8
2024-12-02 02:45:00,543.2
2024-12-02 03:00:00,556.6
2024-12-02 03:15:00,593.4
2024-12-02 03:30:00,597.2
2024-12-02 03:45:00,577.6
2024-12-02 04:00:00,557.4
2024-12-02 04:15:00,566.1999999999999
2024-12-02 04:30:00,573.4000000000001
2024-12-02 04:45:00,584.4
2024-12-02 05:00:00,580.8
2024-12-02 05:15:00,602.0
2024-12-02 05:30:00,597.5999999999999
2024-12-02 05:45:00,703.4
2024-12-02 06:00:00,833.0000000000001
2024-12-02 06:15:00,880.8
2024-12-02 06:30:00,866.0
2024-12-02 06:45:00,848.0
2024-12-02 07:00:00,776.3027
2024-12-02 07:15:00,710.5027
2024-12-02 07:30:00,720.9027
2024-12-02 07:45:00,748.1027
2024-12-02 08:00:00,725.7601999999999
2024-12-02 08:15:00,795.5602
2024-12-02 08:30:00,955.9602000000001
2024-12-02 08:45:00,1174.3602
2024-12-02 09:00:00,1268.2515
2024-12-02 09:15:00,1345.2514999999999
2024-12-02 09:30:00,1309.2514999999999
2024-12-02 09:45:00,1383.4515
2024-12-02 10:00:00,1234.2
2024-12-02 10:15:00,1267.4
2024-12-02 10:30:00,1295.6
2024-12-02 10:45:00,1231.8
2024-12-02 11:00:00,1174.2119
2024-12-02 11:15:00,1160.6118999999999
2024-12-02 11:30:00,1155.4119
2024-12-02 11:45:00,1109.2119
2024-12-02 12:00:00,1093.5653
2024-12-02 12:15:00,1036.1653000000001
2024-12-02 12:30:00,919.3652999999999
2024-12-02 12:45:00,870.9653000000001
2024-12-02 13:00:00,758.7089000000001
2024-12-02 13:15:00,846.1089000000001
2024-12-02 13:30:00,904.7089000000001
2024-12-02 13:45:00,861.1089
2024-12-02 14:00:00,1006.5331
2024-12-02 14:15:00,1105.7331000000001
2024-12-02 14:30:00,1133.7331
2024-12-02 14:45:00,1042.3331
2024-12-02 15:00:00,1248.5913
2024-12-02 15:15:00,1256.7912999999999
2024-12-02 15:30:00,1386.3913000000002
2024-12-02 15:45:00,1442.5913
2024-12-02 16:00:00,1549.8782999999999
2024-12-02 16:15:00,1482.4783
2024-12-02 16:30:00,1476.4783
2024-12-02 16:45:00,1397.2783
2024-12-02 17:00:00,1480.4
2024-12-02 17:15:00,1489.6000000000001
2024-12-02 17:30:00,1436.6
2024-12-02 17:45:00,1297.8
2024-12-02 18:00:00,1250.1999999999998
2024-12-02 18:15:00,1219.8
2024-12-02 18:30:00,1215.8
2024-12-02 18:45:00,1099.2
2024-12-02 19:00:00,1092.0
2024-12-02 19:15:00,1014.6
2024-12-02 19:30:00,1025.8
2024-12-02 19:45:00,1064.8
2024-12-02 20:00:00,1012.6
2024-12-02 20:15:00,987.8000000000001
2024-12-02 20:30:00,964.4
2024-12-02 20:45:00,932.2
2024-12-02 21:00:00,939.8000000000001
2024-12-02 21:15:00,896.2
2024-12-02 21:30:00,906.4
2024-12-02 21:45:00,868.1999999999999
2024-12-02 22:00:00,896.2
2024-12-02 22:15:00,855.2
2024-12-02 22:30:00,805.4
2024-12-02 22:45:00,778.6000000000001
2024-12-02 23:00:00,789.0
2024-12-02 23:15:00,1001.0
2024-12-02 23:30:00,1028.1999999999998
2024-12-02 23:45:00,1003.9999999999999
2024-12-03 00:00:00,859.6
2024-12-03 00:15:00,843.2
2024-12-03 00:30:00,723.1999999999999
2024-12-03 00:45:00,737.8000000000001
2024-12-03 01:00:00,696.4000000000001
2024-12-03 01:15:00,651.0
2024-12-03 01:30:00,593.2
2024-12-03 01:45:00,553.4
2024-12-03 02:00:00,567.0
2024-12-03 02:15:00,558.1999999999999
2024-12-03 02:30:00,637.0
2024-12-03 02:45:00,676.4000000000001
2024-12-03 03:00:00,699.6
2024-12-03 03:15:00,616.0
2024-12-03 03:30:00,625.2
2024-12-03 03:45:00,578.2
2024-12-03 04:00:00,566.8
2024-12-03 04:15:00,538.8
2024-12-03 04:30:00,548.6
2024-12-03 04:45:00,563.8
2024-12-03 05:00:00,567.0
2024-12-03 05:15:00,592.4
2024-12-03 05:30:00,575.0
2024-12-03 05:45:00,725.4
2024-12-03 06:00:00,774.0
2024-12-03 06:15:00,1016.8000000000001
2024-12-03 06:30:00,978.8
2024-12-03 06:45:00,761.8000000000001
2024-12-03 07:00:00,704.1271999999999
2024-12-03 07:15:00,683.5272
2024-12-03 07:30:00,719.3272
2024-12-03 07:45:00,712.9272
2024-12-03 08:00:00,658.386
2024-12-03 08:15:00,719.386
2024-12-03 08:30:00,908.386
2024-12-03 08:45:00,1026.386
2024-12-03 09:00:00,1093.1778000000002
2024-12-03 09:15:00,1143.1778
2024-12-03 09:30:00,1184.5778
2024-12-03 09:45:00,1125.9778000000001
2024-12-03 10:00:00,1225.0637000000002
2024-12-03 10:15:00,1262.6637
2024-12-03 10:30:00,1319.8637
2024-12-03 10:45:00,1312.2637000000002
2024-12-03 11:00:00,1279.2026
2024-12-03 11:15:00,1214.8026
2024-12-03 11:30:00,1220.2026
2024-12-03 11:45:00,1229.4026
2024-12-03 12:00:00,1188.9449000000002
2024-12-03 12:15:00,1146.1449
2024-12-03 12:30:00,1040.1449000000002
2024-12-03 12:45:00,987.7448999999999
2024-12-03 13:00:00,974.3337999999999
2024-12-03 13:15:00,981.7338
2024-12-03 13:30:00,960.7338000000001
2024-12-03 13:45:00,1028.5338000000002
2024-12-03 14:00:00,1154.9163
2024-12-03 14:15:00,1301.9162999999999
2024-12-03 14:30:00,1290.3163
2024-12-03 14:45:00,1235.3163
2024-12-03 15:00:00,1289.3709999999999
2024-12-03 15:15:00,1327.571
2024-12-03 15:30:00,1437.1710000000003
2024-12-03 15:45:00,1481.571
2024-12-03 16:00:00,1535.9016000000001
2024-12-03 16:15:00,1604.7015999999999
2024-12-03 16:30:00,1571.1016
2024-12-03 16:45:00,1549.3016
2024-12-03 17:00:00,1500.8
2024-12-03 17:15:00,1594.2000000000003
2024-12-03 17:30:00,1546.2000000000003
2024-12-03 17:45:00,1460.0
2024-12-03 18:00:00,1373.4
2024-12-03 18:15:00,1325.2
2024-12-03 18:30:00,1302.2
2024-12-03 18:45:00,1284.0
2024-12-03 19:00:00,1081.8
2024-12-03 19:15:00,1133.2
2024-12-03 19:30:00,1152.8
2024-12-03 19:45:00,1120.8
2024-12-03 20:00:00,1023.3999999999999
2024-12-03 20:15:00,1022.0
2024-12-03 20:30:00,1047.6
2024-12-03 20:45:00,1005.2
2024-12-03 21:00:00,996.8
2024-12-03 21:15:00,973.9999999999999
2024-12-03 21:30:00,954.8000000000001
2024-12-03 21:45:00,970.6
2024-12-03 22:00:00,982.4
2024-12-03 22:15:00,929.6
2024-12-03 22:30:00,839.4000000000001
2024-12-03 22:45:00,791.4000000000001
2024-12-03 23:00:00,752.5999999999999
2024-12-03 23:15:00,853.8
2024-12-03 23:30:00,890.2
2024-12-03 23:45:00,944.8
2024-12-04 00:00:00,811.6
2024-12-04 00:15:00,831.4000000000001
2024-12-04 00:30:00,898.6
2024-12-04 00:45:00,816.4
2024-12-04 01:00:00,844.5999999999999
2024-12-04 01:15:00,633.2
2024-12-04 01:30:00,709.0
2024-12-04 01:45:00,641.2
2024-12-04 02:00:00,703.0
2024-12-04 02:15:00,665.4000000000001
2024-12-04 02:30:00,623.2
2024-12-04 02:45:00,556.4
2024-12-04 03:00:00,578.2
2024-12-04 03:15:00,589.2
2024-12-04 03:30:00,594.6
2024-12-04 03:45:00,580.4000000000001
2024-12-04 04:00:00,578.8000000000001
2024-12-04 04:15:00,547.4
2024-12-04 04:30:00,578.2
2024-12-04 04:45:00,564.4
2024-12-04 05:00:00,615.2
2024-12-04 05:15:00,631.2
2024-12-04 05:30:00,646.8
2024-12-04 05:45:00,746.5999999999999
2024-12-04 06:00:00,892.2
2024-12-04 06:15:00,1020.4000000000001
2024-12-04 06:30:00,938.6000000000001
2024-12-04 06:45:00,909.5999999999999
2024-12-04 07:00:00,818.1894000000001
2024-12-04 07:15:00,729.1894
2024-12-04 07:30:00,739.7894
2024-12-04 07:45:00,745.3894
2024-12-04 08:00:00,601.2073
2024-12-04 08:15:00,691.2073
2024-12-04 08:30:00,889.8073
2024-12-04 08:45:00,1056.8073
2024-12-04 09:00:00,967.9407
2024-12-04 09:15:00,1144.1407
2024-12-04 09:30:00,1170.5407
2024-12-04 09:45:00,1231.9407
2024-12-04 10:00:00,1156.6381
2024-12-04 10:15:00,1273.8381
2024-12-04 10:30:00,1228.4380999999998
2024-12-04 10:45:00,1157.4381
2024-12-04 11:00:00,932.6235
2024-12-04 11:15:00,928.6234999999999
2024-12-04 11:30:00,949.8235
2024-12-04 11:45:00,937.2235000000001
2024-12-04 12:00:00,924.7353
2024-12-04 12:15:00,888.3353
2024-12-04 12:30:00,813.3353
2024-12-04 12:45:00,804.3353
2024-12-04 13:00:00,850.505
2024-12-04 13:15:00,775.905
2024-12-04 13:30:00,802.7049999999999
2024-12-04 13:45:00,886.505
2024-12-04 14:00:00,1111.4209999999998
2024-12-04 14:15:00,1214.221
2024-12-04 14:30:00,1241.021
2024-12-04 14:45:00,1191.4209999999998
2024-12-04 15:00:00,1302.2312
2024-12-04 15:15:00,1386.0312
2024-12-04 15:30:00,1440.6311999999998
2024-12-04 15:45:00,1401.0312
2024-12-04 16:00:00,1615.6407000000002
2024-12-04 16:15:00,1510.2406999999998
2024-12-04 16:30:00,1641.6407
2024-12-04 16:45:00,1608.6407000000002
2024-12-04 17:00:00,1735.6
2024-12-04 17:15:00,1687.6
2024-12-04 17:30:00,1601.3999999999999
2024-12-04 17:45:00,1581.0
2024-12-04 18:00:00,1499.0
2024-12-04 18:15:00,1412.6
2024-12-04 18:30:00,1376.0
2024-12-04 18:45:00,1383.6
2024-12-04 19:00:00,1317.4
2024-12-04 19:15:00,1321.4
2024-12-04 19:30:00,1248.4
2024-12-04 19:45:00,1244.8
2024-12-04 20:00:00,1249.4
2024-12-04 20:15:00,1181.8
2024-12-04 20:30:00,1173.8
2024-12-04 20:45:00,1159.6000000000001
2024-12-04 21:00:00,1163.8
2024-12-04 21:15:00,1088.8
2024-12-04 21:30:00,1107.1999999999998
2024-12-04 21:45:00,1093.0
2024-12-04 22:00:00,1036.6
2024-12-04 22:15:00,1061.0
2024-12-04 22:30:00,1013.2
2024-12-04 22:45:00,994.4000000000001
2024-12-04 23:00:00,1055.8
2024-12-04 23:15:00,1343.0
2024-12-04 23:30:00,1330.6
2024-12-04 23:45:00,1115.4
2024-12-05 00:00:00,901.4
2024-12-05 00:15:00,897.4000000000001
2024-12-05 00:30:00,947.6
2024-12-05 00:45:00,980.0
2024-12-05 01:00:00,920.5999999999999
2024-12-05 01:15:00,754.4
2024-12-05 01:30:00,811.2
2024-12-05 01:45:00,940.0
2024-12-05 02:00:00,814.2
2024-12-05 02:15:00,792.4000000000001
2024-12-05 02:30:00,713.5999999999999
2024-12-05 02:45:00,651.4
2024-12-05 03:00:00,718.0
2024-12-05 03:15:00,710.4000000000001
2024-12-05 03:30:00,686.8000000000001
2024-12-05 03:45:00,747.2
2024-12-05 04:00:00,805.8
2024-12-05 04:15:00,783.8
2024-12-05 04:30:00,764.5999999999999
2024-12-05 04:45:00,701.1999999999999
2024-12-05 05:00:00,676.1999999999999
2024-12-05 05:15:00,715.8
2024-12-05 05:30:00,746.3999999999999
2024-12-05 05:45:00,816.4000000000001
2024-12-05 06:00:00,790.3999999999999
2024-12-05 06:15:00,864.8
2024-12-05 06:30:00,916.8000000000001
2024-12-05 06:45:00,819.3999999999999
2024-12-05 07:00:00,827.3703
2024-12-05 07:15:00,830.7703
2024-12-05 07:30:00,864.9703000000001
2024-12-05 07:45:00,932.3703
2024-12-05 08:00:00,823.6315999999999
2024-12-05 08:15:00,895.4316
2024-12-05 08:30:00,1092.2316
2024-12-05 08:45:00,1293.0316
2024-12-05 09:00:00,1312.2672
2024-12-05 09:15:00,1289.2672
2024-12-05 09:30:00,1363.8672000000001
2024-12-05 09:45:00,1529.2672
2024-12-05 10:00:00,1537.4406
2024-12-05 10:15:00,1732.8406
2024-12-05 10:30:00,1606.8406
2024-12-05 10:45:00,1528.8406
2024-12-05 11:00:00,1300.4958000000001
2024-12-05 11:15:00,1289.8957999999998
2024-12-05 11:30:00,1367.8957999999998
2024-12-05 11:45:00,1306.0958
2024-12-05 12:00:00,1234.8494
2024-12-05 12:15:00,1121.4494
2024-12-05 12:30:00,1102.0493999999999
2024-12-05 12:45:00,1018.4494
2024-12-05 13:00:00,918.264
2024-12-05 13:15:00,1044.0639999999999
2024-12-05 13:30:00,969.4639999999999
2024-12-05 13:45:00,1058.464
2024-12-05 14:00:00,1221.1157
2024-12-05 14:15:00,1516.7157000000002
2024-12-05 14:30:00,1504.7157000000002
2024-12-05 14:45:00,1443.1157
2024-12-05 15:00:00,1749.8548
2024-12-05 15:15:00,1630.6548
2024-12-05 15:30:00,1698.8548
2024-12-05 15:45:00,1707.4548
2024-12-05 16:00:00,2079.7177
2024-12-05 16:15:00,1916.5177
2024-12-05 16:30:00,2099.7177
2024-12-05 16:45:00,2000.9177000000002
2024-12-05 17:00:00,2196.7342
2024-12-05 17:15:00,2085.3342000000002
2024-12-05 17:30:00,1945.7341999999999
2024-12-05 17:45:00,1926.3342
2024-12-05 18:00:00,1788.0
2024-12-05 18:15:00,1707.1999999999998
2024-12-05 18:30:00,1683.4
2024-12-05 18:45:00,1587.2
2024-12-05 19:00:00,1584.2000000000003
2024-12-05 19:15:00,1558.6
2024-12-05 19:30:00,1475.8
2024-12-05 19:45:00,1490.8
2024-12-05 20:00:00,1385.4
2024-12-05 20:15:00,1397.6
2024-12-05 20:30:00,1373.9999999999998
2024-12-05 20:45:00,1311.0
2024-12-05 21:00:00,1179.4
2024-12-05 21:15:00,1131.6
2024-12-05 21:30:00,1167.2
2024-12-05 21:45:00,1105.0
2024-12-05 22:00:00,1135.6
2024-12-05 22:15:00,1072.6000000000001
2024-12-05 22:30:00,1014.2
2024-12-05 22:45:00,990.6
2024-12-05 23:00:00,1059.2
2024-12-05 23:15:00,1455.2
2024-12-05 23:30:00,1552.4
2024-12-05 23:45:00,1461.6
2024-12-06 00:00:00,1209.0
2024-12-06 00:15:00,1017.0
2024-12-06 00:30:00,886.8
2024-12-06 00:45:00,953.8
2024-12-06 01:00:00,1030.8
2024-12-06 01:15:00,984.2
2024-12-06 01:30:00,956.0000000000001
2024-12-06 01:45:00,886.2
2024-12-06 02:00:00,850.6
2024-12-06 02:15:00,805.6
2024-12-06 02:30:00,861.4000000000001
2024-12-06 02:45:00,838.3999999999999
2024-12-06 03:00:00,778.4
2024-12-06 03:15:00,758.5999999999999
2024-12-06 03:30:00,754.8
2024-12-06 03:45:00,740.0
2024-12-06 04:00:00,729.4
2024-12-06 04:15:00,731.5999999999999
2024-12-06 04:30:00,809.8
2024-12-06 04:45:00,799.6
2024-12-06 05:00:00,781.4
2024-12-06 05:15:00,727.8
2024-12-06 05:30:00,846.4
2024-12-06 05:45:00,918.0
2024-12-06 06:00:00,949.5999999999999
2024-12-06 06:15:00,1129.2
2024-12-06 06:30:00,1067.8
2024-12-06 06:45:00,1024.0
2024-12-06 07:00:00,999.4740999999999
2024-12-06 07:15:00,1013.6741
2024-12-06 07:30:00,924.6741
2024-12-06 07:45:00,960.6741
2024-12-06 08:00:00,775.4551000000001
2024-12-06 08:15:00,901.4550999999999
2024-12-06 08:30:00,1136.4551000000001
2024-12-06 08:45:00,1296.4551000000001
2024-12-06 09:00:00,1306.6750000000002
2024-12-06 09:15:00,1285.875
2024-12-06 09:30:00,1365.475
2024-12-06 09:45:00,1485.875
2024-12-06 10:00:00,1368.5573
2024-12-06 10:15:00,1576.3573
2024-12-06 10:30:00,1647.1573
2024-12-06 10:45:00,1590.1572999999999
2024-12-06 11:00:00,1319.1758
2024-12-06 11:15:00,1257.5758
2024-12-06 11:30:00,1270.5758
2024-12-06 11:45:00,1308.5758
2024-12-06 12:00:00,1327.7375000000002
2024-12-06 12:15:00,1232.3375
2024-12-06 12:30:00,1231.1375
2024-12-06 12:45:00,1152.1375
2024-12-06 13:00:00,980.6064
2024-12-06 13:15:00,1011.8063999999999
2024-12-06 13:30:00,1076.2064
2024-12-06 13:45:00,1105.0064
2024-12-06 14:00:00,1407.3115
2024-12-06 14:15:00,1591.5115
2024-12-06 14:30:00,1593.3114999999998
2024-12-06 14:45:00,1572.9114999999997
2024-12-06 15:00:00,1702.8589000000002
2024-12-06 15:15:00,1826.4589
2024-12-06 15:30:00,1842.2589000000003
2024-12-06 15:45:00,1779.4589
2024-12-06 16:00:00,1965.4124000000002
2024-12-06 16:15:00,1955.6124
2024-12-06 16:30:00,1999.0124
2024-12-06 16:45:00,2068.8124000000003
2024-12-06 17:00:00,2189.9762
2024-12-06 17:15:00,2083.3762
2024-12-06 17:30:00,1928.1761999999999
2024-12-06 17:45:00,1793.5762
2024-12-06 18:00:00,1641.4
2024-12-06 18:15:00,1610.1999999999998
2024-12-06 18:30:00,1590.0
2024-12-06 18:45:00,1570.2
2024-12-06 19:00:00,1379.6
2024-12-06 19:15:00,1318.8
2024-12-06 19:30:00,1271.1999999999998
2024-12-06 19:45:00,1281.0
2024-12-06 20:00:00,1216.1999999999998
2024-12-06 20:15:00,1208.6
2024-12-06 20:30:00,1190.6
2024-12-06 20:45:00,1172.0
2024-12-06 21:00:00,1159.4
2024-12-06 21:15:00,1123.8
2024-12-06 21:30:00,1080.6000000000001
2024-12-06 21:45:00,1052.2
2024-12-06 22:00:00,1032.0
2024-12-06 22:15:00,997.6000000000001
2024-12-06 22:30:00,959.4000000000001
2024-12-06 22:45:00,912.0
2024-12-06 23:00:00,892.1999999999999
2024-12-06 23:15:00,1335.8
2024-12-06 23:30:00,1249.3999999999999
2024-12-06 23:45:00,1038.2
2024-12-07 00:00:00,993.1999999999999
2024-12-07 00:15:00,978.4
2024-12-07 00:30:00,868.8
2024-12-07 00:45:00,804.8
2024-12-07 01:00:00,792.4
2024-12-07 01:15:00,801.0
2024-12-07 01:30:00,720.2
2024-12-07 01:45:00,669.0
2024-12-07 02:00:00,706.4
2024-12-07 02:15:00,712.6
2024-12-07 02:30:00,803.0
2024-12-07 02:45:00,780.0
2024-12-07 03:00:00,726.8
2024-12-07 03:15:00,643.5999999999999
2024-12-07 03:30:00,649.2
2024-12-07 03:45:00,689.2
2024-12-07 04:00:00,664.0
2024-12-07 04:15:00,664.8
2024-12-07 04:30:00,644.8
2024-12-07 04:45:00,705.4
2024-12-07 05:00:00,694.4
2024-12-07 05:15:00,697.8000000000001
2024-12-07 05:30:00,709.2
2024-12-07 05:45:00,801.4000000000001
2024-12-07 06:00:00,955.6000000000001
2024-12-07 06:15:00,835.4000000000001
2024-12-07 06:30:00,880.8000000000001
2024-12-07 06:45:00,842.8
2024-12-07 07:00:00,697.0708
2024-12-07 07:15:00,635.2708
2024-12-07 07:30:00,683.2707999999999
2024-12-07 07:45:00,685.8707999999999
2024-12-07 08:00:00,491.6554
2024-12-07 08:15:00,569.0554
2024-12-07 08:30:00,616.4554
2024-12-07 08:45:00,758.2554
2024-12-07 09:00:00,496.51
2024-12-07 09:15:00,531.51
2024-12-07 09:30:00,557.3100000000001
2024-12-07 09:45:00,601.71
2024-12-07 10:00:00,456.3767
2024-12-07 10:15:00,489.97670000000005
2024-12-07 10:30:00,533.1767
2024-12-07 10:45:00,591.3767
2024-12-07 11:00:00,538.0604
2024-12-07 11:15:00,464.8604
2024-12-07 11:30:00,473.6604
2024-12-07 11:45:00,470.2604
2024-12-07 12:00:00,439.2554
2024-12-07 12:15:00,450.2554
2024-12-07 12:30:00,410.65540000000004
2024-12-07 12:45:00,425.45539999999994
2024-12-07 13:00:00,455.21950000000004
2024-12-07 13:15:00,471.6195
2024-12-07 13:30:00,474.0195
2024-12-07 13:45:00,474.41949999999997
2024-12-07 14:00:00,630.6872999999999
2024-12-07 14:15:00,745.2873
2024-12-07 14:30:00,814.0872999999999
2024-12-07 14:45:00,801.0873
2024-12-07 15:00:00,1020.5900000000001
2024-12-07 15:15:00,1059.99
2024-12-07 15:30:00,1100.39
2024-12-07 15:45:00,1128.79
2024-12-07 16:00:00,1292.19
2024-12-07 16:15:00,1181.9899999999998
2024-12-07 16:30:00,1228.99
2024-12-07 16:45:00,1144.79
2024-12-07 17:00:00,1298.0
2024-12-07 17:15:00,1251.8
2024-12-07 17:30:00,1186.0
2024-12-07 17:45:00,1121.2
2024-12-07 18:00:00,1123.1999999999998
2024-12-07 18:15:00,1077.0
2024-12-07 18:30:00,1027.2
2024-12-07 18:45:00,1020.1999999999999
2024-12-07 19:00:00,1071.0
2024-12-07 19:15:00,1006.8
2024-12-07 19:30:00,1019.8000000000001
2024-12-07 19:45:00,959.6
2024-12-07 20:00:00,948.0000000000001
2024-12-07 20:15:00,979.8000000000001
2024-12-07 20:30:00,974.0000000000001
2024-12-07 20:45:00,911.3999999999999
2024-12-07 21:00:00,920.4
2024-12-07 21:15:00,912.6
2024-12-07 21:30:00,878.0
2024-12-07 21:45:00,883.8
2024-12-07 22:00:00,883.6
2024-12-07 22:15:00,856.2
2024-12-07 22:30:00,814.4
2024-12-07 22:45:00,775.9999999999999
2024-12-07 23:00:00,925.0
2024-12-07 23:15:00,1111.2
2024-12-07 23:30:00,1186.8000000000002
2024-12-07 23:45:00,1077.6000000000001
2024-12-08 00:00:00,975.4
2024-12-08 00:15:00,862.4000000000001
2024-12-08 00:30:00,827.6
2024-12-08 00:45:00,925.6000000000001
2024-12-08 01:00:00,1026.0
2024-12-08 01:15:00,810.2
2024-12-08 01:30:00,1092.4
2024-12-08 01:45:00,954.8000000000001
2024-12-08 02:00:00,890.0
2024-12-08 02:15:00,758.2
2024-12-08 02:30:00,747.5999999999999
2024-12-08 02:45:00,656.2
2024-12-08 03:00:00,639.6
2024-12-08 03:15:00,597.0
2024-12-08 03:30:00,597.0
2024-12-08 03:45:00,578.8
2024-12-08 04:00:00,578.2
2024-12-08 04:15:00,647.4
2024-12-08 04:30:00,619.8000000000001
2024-12-08 04:45:00,596.6
2024-12-08 05:00:00,583.8
2024-12-08 05:15:00,611.1999999999999
2024-12-08 05:30:00,629.4000000000001
2024-12-08 05:45:00,682.6
2024-12-08 06:00:00,815.4000000000001
2024-12-08 06:15:00,871.3999999999999
2024-12-08 06:30:00,880.8000000000001
2024-12-08 06:45:00,868.8
2024-12-08 07:00:00,707.0685
2024-12-08 07:15:00,639.2685
2024-12-08 07:30:00,610.6685
2024-12-08 07:45:00,621.8685
2024-12-08 08:00:00,440.67460000000005
2024-12-08 08:15:00,489.8746
2024-12-08 08:30:00,669.8746
2024-12-08 08:45:00,717.6746
2024-12-08 09:00:00,481.7624
2024-12-08 09:15:00,517.9624
2024-12-08 09:30:00,562.5624
2024-12-08 09:45:00,638.7624000000001
2024-12-08 10:00:00,517.9347
2024-12-08 10:15:00,499.9347
2024-12-08 10:30:00,609.9347
2024-12-08 10:45:00,577.1347000000001
2024-12-08 11:00:00,417.0703000000001
2024-12-08 11:15:00,356.87030000000004
2024-12-08 11:30:00,306.87030000000004
2024-12-08 11:45:00,321.2703000000001
2024-12-08 12:00:00,244.41790000000003
2024-12-08 12:15:00,218.61790000000002
2024-12-08 12:30:00,214.21790000000001
2024-12-08 12:45:00,239.8179
2024-12-08 13:00:00,328.78709999999995
2024-12-08 13:15:00,369.5871
2024-12-08 13:30:00,332.7871
2024-12-08 13:45:00,371.7871
2024-12-08 14:00:00,453.7508
2024-12-08 14:15:00,506.1508
2024-12-08 14:30:00,648.9508000000001
2024-12-08 14:45:00,665.1508000000001
2024-12-08 15:00:00,755.9904999999999
2024-12-08 15:15:00,896.7905
2024-12-08 15:30:00,841.1905
2024-12-08 15:45:00,837.5905
2024-12-08 16:00:00,1092.0255000000002
2024-12-08 16:15:00,1184.4255
2024-12-08 16:30:00,1310.2255
2024-12-08 16:45:00,1120.8255000000001
2024-12-08 17:00:00,1249.8092
2024-12-08 17:15:00,1119.4092
2024-12-08 17:30:00,1145.0092
2024-12-08 17:45:00,1178.2092
2024-12-08 18:00:00,1140.2
2024-12-08 18:15:00,1089.8
2024-12-08 18:30:00,1105.4
2024-12-08 18:45:00,1089.6000000000001
2024-12-08 19:00:00,1081.0
2024-12-08 19:15:00,1108.2
2024-12-08 19:30:00,1084.2
2024-12-08 19:45:00,1046.0
2024-12-08 20:00:00,1188.0
2024-12-08 20:15:00,1040.0
2024-12-08 20:30:00,1139.6
2024-12-08 20:45:00,1150.0
2024-12-08 21:00:00,1114.2
2024-12-08 21:15:00,1040.0
2024-12-08 21:30:00,1020.0
2024-12-08 21:45:00,959.6
2024-12-08 22:00:00,964.8
2024-12-08 22:15:00,944.8
2024-12-08 22:30:00,849.6000000000001
2024-12-08 22:45:00,853.6
2024-12-08 23:00:00,892.4000000000001
2024-12-08 23:15:00,1090.0
2024-12-08 23:30:00,1228.2
2024-12-08 23:45:00,1228.8
2024-12-09 00:00:00,1092.2
2024-12-09 00:15:00,934.6
2024-12-09 00:30:00,873.8000000000001
2024-12-09 00:45:00,795.8
2024-12-09 01:00:00,716.0
2024-12-09 01:15:00,819.8000000000001
2024-12-09 01:30:00,877.0
2024-12-09 01:45:00,751.4
2024-12-09 02:00:00,717.1999999999999
2024-12-09 02:15:00,625.2
2024-12-09 02:30:00,639.4
2024-12-09 02:45:00,768.8
2024-12-09 03:00:00,760.9999999999999
2024-12-09 03:15:00,710.2
2024-12-09 03:30:00,680.4
2024-12-09 03:45:00,652.6000000000001
2024-12-09 04:00:00,639.2
2024-12-09 04:15:00,618.4
2024-12-09 04:30:00,713.0
2024-12-09 04:45:00,715.4
2024-12-09 05:00:00,729.5999999999999
2024-12-09 05:15:00,709.0000000000001
2024-12-09 05:30:00,665.4
2024-12-09 05:45:00,823.8
2024-12-09 06:00:00,828.8
2024-12-09 06:15:00,931.4000000000001
2024-12-09 06:30:00,913.6
2024-12-09 06:45:00,871.6
2024-12-09 07:00:00,836.9297
2024-12-09 07:15:00,864.3297
2024-12-09 07:30:00,814.1297000000001
2024-12-09 07:45:00,890.5297
2024-12-09 08:00:00,936.4077
2024-12-09 08:15:00,1057.6077
2024-12-09 08:30:00,1298.4077
2024-12-09 08:45:00,1539.8076999999998
2024-12-09 09:00:00,1767.8445000000002
2024-12-09 09:15:00,1938.2444999999998
2024-12-09 09:30:00,2020.8445
2024-12-09 09:45:00,2329.6445000000003
2024-12-09 10:00:00,2238.0031000000004
2024-12-09 10:15:00,2353.6031
2024-12-09 10:30:00,2239.8031
2024-12-09 10:45:00,2298.0031
2024-12-09 11:00:00,2021.3645000000001
2024-12-09 11:15:00,2083.9645
2024-12-09 11:30:00,2119.3645
2024-12-09 11:45:00,2119.9645
2024-12-09 12:00:00,2114.3985
2024-12-09 12:15:00,2003.9984999999997
2024-12-09 12:30:00,1992.1985
2024-12-09 12:45:00,1939.9985
2024-12-09 13:00:00,2038.4186999999997
2024-12-09 13:15:00,1953.4187000000002
2024-12-09 13:30:00,1977.8186999999998
2024-12-09 13:45:00,2145.0187
2024-12-09 14:00:00,2209.5699000000004
2024-12-09 14:15:00,2398.1699
2024-12-09 14:30:00,2389.1699
2024-12-09 14:45:00,2435.1699
2024-12-09 15:00:00,2653.2392
2024-12-09 15:15:00,2672.0391999999997
2024-12-09 15:30:00,2516.2392
2024-12-09 15:45:00,2690.2392
2024-12-09 16:00:00,2764.0636999999997
2024-12-09 16:15:00,2719.8637
2024-12-09 16:30:00,2575.8637000000003
2024-12-09 16:45:00,2513.4637000000002
2024-12-09 17:00:00,2528.0
2024-12-09 17:15:00,2384.6
2024-12-09 17:30:00,2396.8
2024-12-09 17:45:00,2234.6
2024-12-09 18:00:00,2090.8
2024-12-09 18:15:00,2007.0
2024-12-09 18:30:00,1937.6
2024-12-09 18:45:00,1839.4
2024-12-09 19:00:00,1850.3999999999999
2024-12-09 19:15:00,1770.2
2024-12-09 19:30:00,1796.4
2024-12-09 19:45:00,1680.3999999999999
2024-12-09 20:00:00,1673.6
2024-12-09 20:15:00,1568.2
2024-12-09 20:30:00,1520.6000000000001
2024-12-09 20:45:00,1468.4
2024-12-09 21:00:00,1435.0
2024-12-09 21:15:00,1362.8000000000002
2024-12-09 21:30:00,1342.8
2024-12-09 21:45:00,1310.8
2024-12-09 22:00:00,1312.1999999999998
2024-12-09 22:15:00,1185.0
2024-12-09 22:30:00,1151.0
2024-12-09 22:45:00,1131.2
2024-12-09 23:00:00,1171.1999999999998
2024-12-09 23:15:00,1488.0
2024-12-09 23:30:00,1517.3999999999999
2024-12-09 23:45:00,1380.4
2024-12-10 00:00:00,1234.3999999999999
2024-12-10 00:15:00,1052.0
2024-12-10 00:30:00,918.6
2024-12-10 00:45:00,823.4
2024-12-10 01:00:00,785.8000000000001
2024-12-10 01:15:00,784.8
2024-12-10 01:30:00,802.0
2024-12-10 01:45:00,743.8
2024-12-10 02:00:00,739.2
2024-12-10 02:15:00,719.8
2024-12-10 02:30:00,722.2
2024-12-10 02:45:00,734.9999999999999
2024-12-10 03:00:00,703.6
2024-12-10 03:15:00,716.2
2024-12-10 03:30:00,771.1999999999999
2024-12-10 03:45:00,779.5999999999999
2024-12-10 04:00:00,767.8
2024-12-10 04:15:00,715.4000000000001
2024-12-10 04:30:00,766.4
2024-12-10 04:45:00,765.8000000000001
2024-12-10 05:00:00,804.4000000000001
2024-12-10 05:15:00,852.5999999999999
2024-12-10 05:30:00,847.9999999999999
2024-12-10 05:45:00,870.2
2024-12-10 06:00:00,838.6
2024-12-10 06:15:00,1124.8000000000002
2024-12-10 06:30:00,1218.0
2024-12-10 06:45:00,1159.0
2024-12-10 07:00:00,980.4528
2024-12-10 07:15:00,949.0528
2024-12-10 07:30:00,997.8527999999999
2024-12-10 07:45:00,929.6528000000001
2024-12-10 08:00:00,978.0767000000001
2024-12-10 08:15:00,1112.8767
2024-12-10 08:30:00,1395.0767
2024-12-10 08:45:00,1747.0766999999998
2024-12-10 09:00:00,1836.1691999999998
2024-12-10 09:15:00,2099.5692
2024-12-10 09:30:00,2117.9692000000005
2024-12-10 09:45:00,2380.5692
2024-12-10 10:00:00,2267.6104
2024-12-10 10:15:00,2569.6104
2024-12-10 10:30:00,2503.6103999999996
2024-12-10 10:45:00,2337.0104
2024-12-10 11:00:00,2363.1126
2024-12-10 11:15:00,2392.9126
2024-12-10 11:30:00,2304.5126
2024-12-10 11:45:00,2303.5126
2024-12-10 12:00:00,2342.1068999999998
2024-12-10 12:15:00,2319.1068999999998
2024-12-10 12:30:00,2247.1068999999998
2024-12-10 12:45:00,2198.3069
2024-12-10 13:00:00,2289.2284
2024-12-10 13:15:00,2343.0284
2024-12-10 13:30:00,2314.2284
2024-12-10 13:45:00,2296.8284
2024-12-10 14:00:00,2389.0448
2024-12-10 14:15:00,2547.6448
2024-12-10 14:30:00,2571.8448
2024-12-10 14:45:00,2678.2448
2024-12-10 15:00:00,2878.7246
2024-12-10 15:15:00,2847.7246
2024-12-10 15:30:00,2927.9246
2024-12-10 15:45:00,2762.3246
2024-12-10 16:00:00,2859.5826
2024-12-10 16:15:00,2815.3826
2024-12-10 16:30:00,2731.1826
2024-12-10 16:45:00,2800.9826
2024-12-10 17:00:00,2880.4
2024-12-10 17:15:00,2840.0
2024-12-10 17:30:00,2611.8
2024-12-10 17:45:00,2597.8
2024-12-10 18:00:00,2366.3999999999996
2024-12-10 18:15:00,2282.4
2024-12-10 18:30:00,2053.4
2024-12-10 18:45:00,1922.2
2024-12-10 19:00:00,1899.6
2024-12-10 19:15:00,1816.6
2024-12-10 19:30:00,1777.8000000000002
2024-12-10 19:45:00,1778.6
2024-12-10 20:00:00,1723.0
2024-12-10 20:15:00,1650.3999999999999
2024-12-10 20:30:00,1564.3999999999999
2024-12-10 20:45:00,1573.6
2024-12-10 21:00:00,1519.8000000000002
2024-12-10 21:15:00,1427.1999999999998
2024-12-10 21:30:00,1348.4
2024-12-10 21:45:00,1307.1999999999998
2024-12-10 22:00:00,1283.0
2024-12-10 22:15:00,1290.8
2024-12-10 22:30:00,1184.0
2024-12-10 22:45:00,1106.0
2024-12-10 23:00:00,1054.8
2024-12-10 23:15:00,1285.2
2024-12-10 23:30:00,1411.2
2024-12-10 23:45:00,1545.6
2024-12-11 00:00:00,1232.8
2024-12-11 00:15:00,1108.0
2024-12-11 00:30:00,1033.2
2024-12-11 00:45:00,1063.0
2024-12-11 01:00:00,1033.3999999999999
2024-12-11 01:15:00,948.6
2024-12-11 01:30:00,909.6
2024-12-11 01:45:00,839.0000000000001
2024-12-11 02:00:00,863.0
2024-12-11 02:15:00,803.0
2024-12-11 02:30:00,767.5999999999999
2024-12-11 02:45:00,768.5999999999999
2024-12-11 03:00:00,792.2
2024-12-11 03:15:00,785.4000000000001
2024-12-11 03:30:00,818.6
2024-12-11 03:45:00,785.6
2024-12-11 04:00:00,731.4
2024-12-11 04:15:00,790.0
2024-12-11 04:30:00,789.2
2024-12-11 04:45:00,758.4
2024-12-11 05:00:00,765.4
2024-12-11 05:15:00,766.8
2024-12-11 05:30:00,841.2
2024-12-11 05:45:00,930.2
2024-12-11 06:00:00,1078.8
2024-12-11 06:15:00,1146.2
2024-12-11 06:30:00,1273.2
2024-12-11 06:45:00,1173.6
2024-12-11 07:00:00,970.3530000000001
2024-12-11 07:15:00,948.7529999999999
2024-12-11 07:30:00,993.753
2024-12-11 07:45:00,989.5529999999999
2024-12-11 08:00:00,1059.764
2024-12-11 08:15:00,1151.164
2024-12-11 08:30:00,1466.364
2024-12-11 08:45:00,1788.1640000000002
2024-12-11 09:00:00,2094.2167
2024-12-11 09:15:00,2232.6167
2024-12-11 09:30:00,2432.2167
2024-12-11 09:45:00,2408.6167
2024-12-11 10:00:00,2302.9153
2024-12-11 10:15:00,2661.1153
2024-12-11 10:30:00,2643.5153
2024-12-11 10:45:00,2703.9153
2024-12-11 11:00:00,2457.3122999999996
2024-12-11 11:15:00,2309.5123000000003
2024-12-11 11:30:00,2259.5123000000003
2024-12-11 11:45:00,2252.3123
2024-12-11 12:00:00,2248.1964
2024-12-11 12:15:00,2204.5964
2024-12-11 12:30:00,2084.7963999999997
2024-12-11 12:45:00,2102.7964
2024-12-11 13:00:00,2033.5506999999998
2024-12-11 13:15:00,2048.5507000000002
2024-12-11 13:30:00,1963.9506999999999
2024-12-11 13:45:00,2117.3507
2024-12-11 14:00:00,2212.6361
2024-12-11 14:15:00,2360.2361
2024-12-11 14:30:00,2482.4361
2024-12-11 14:45:00,2584.6361
2024-12-11 15:00:00,2625.8437
2024-12-11 15:15:00,2551.4437000000003
2024-12-11 15:30:00,2473.8437000000004
2024-12-11 15:45:00,2419.2437
2024-12-11 16:00:00,2558.9017
2024-12-11 16:15:00,2647.1017
2024-12-11 16:30:00,2605.5017000000003
2024-12-11 16:45:00,2582.7017
2024-12-11 17:00:00,2576.0
2024-12-11 17:15:00,2583.2
2024-12-11 17:30:00,2513.2
2024-12-11 17:45:00,2412.4
2024-12-11 18:00:00,2303.8
2024-12-11 18:15:00,2174.8
2024-12-11 18:30:00,2074.6
2024-12-11 18:45:00,2025.6
2024-12-11 19:00:00,1955.8000000000002
2024-12-11 19:15:00,1849.2
2024-12-11 19:30:00,1845.4
2024-12-11 19:45:00,1811.2
2024-12-11 20:00:00,1757.0
2024-12-11 20:15:00,1684.8
2024-12-11 20:30:00,1641.6
2024-12-11 20:45:00,1698.1999999999998
2024-12-11 21:00:00,1559.6
2024-12-11 21:15:00,1474.8000000000002
2024-12-11 21:30:00,1413.8
2024-12-11 21:45:00,1428.0
2024-12-11 22:00:00,1335.8
2024-12-11 22:15:00,1335.4
2024-12-11 22:30:00,1291.2
2024-12-11 22:45:00,1196.8000000000002
2024-12-11 23:00:00,1168.8
2024-12-11 23:15:00,1497.4
2024-12-11 23:30:00,1318.6
2024-12-11 23:45:00,1199.0
2024-12-12 00:00:00,1212.6
2024-12-12 00:15:00,1120.4
2024-12-12 00:30:00,1249.2
2024-12-12 00:45:00,1258.0000000000002
2024-12-12 01:00:00,1065.2
2024-12-12 01:15:00,987.8
2024-12-12 01:30:00,932.4
2024-12-12 01:45:00,850.1999999999999
2024-12-12 02:00:00,826.0000000000001
2024-12-12 02:15:00,772.0
2024-12-12 02:30:00,781.4
2024-12-12 02:45:00,796.2
2024-12-12 03:00:00,810.0
2024-12-12 03:15:00,866.3999999999999
2024-12-12 03:30:00,868.4000000000001
2024-12-12 03:45:00,944.0
2024-12-12 04:00:00,862.2
2024-12-12 04:15:00,830.0
2024-12-12 04:30:00,747.4000000000001
2024-12-12 04:45:00,809.6000000000001
2024-12-12 05:00:00,782.8
2024-12-12 05:15:00,804.6
2024-12-12 05:30:00,812.0
2024-12-12 05:45:00,825.2
2024-12-12 06:00:00,955.4000000000001
2024-12-12 06:15:00,1109.8
2024-12-12 06:30:00,1115.4
2024-12-12 06:45:00,1065.3999999999999
2024-12-12 07:00:00,1035.2323000000001
2024-12-12 07:15:00,1052.8323
2024-12-12 07:30:00,1143.2323000000001
2024-12-12 07:45:00,1237.8323
2024-12-12 08:00:00,1148.6559
2024-12-12 08:15:00,1179.8559
2024-12-12 08:30:00,1466.0559
2024-12-12 08:45:00,1981.0559
2024-12-12 09:00:00,2041.3512999999998
2024-12-12 09:15:00,2124.9513
2024-12-12 09:30:00,2221.1513
2024-12-12 09:45:00,2326.9512999999997
2024-12-12 10:00:00,2316.8955
2024-12-12 10:15:00,2442.6955
2024-12-12 10:30:00,2397.6955
2024-12-12 10:45:00,2318.4955
2024-12-12 11:00:00,2259.6279
2024-12-12 11:15:00,2168.0279
2024-12-12 11:30:00,2173.0279
2024-12-12 11:45:00,2073.4279
2024-12-12 12:00:00,2062.8655
2024-12-12 12:15:00,1941.0655000000002
2024-12-12 12:30:00,1982.0655000000002
2024-12-12 12:45:00,2035.4654999999998
2024-12-12 13:00:00,1985.2733
2024-12-12 13:15:00,1984.6733
2024-12-12 13:30:00,2011.2733
2024-12-12 13:45:00,2080.8733
2024-12-12 14:00:00,2247.6825
2024-12-12 14:15:00,2437.4825
2024-12-12 14:30:00,2465.2825000000003
2024-12-12 14:45:00,2315.2825000000003
2024-12-12 15:00:00,2525.5552
2024-12-12 15:15:00,2631.3552
2024-12-12 15:30:00,2514.3552
2024-12-12 15:45:00,2506.7551999999996
2024-12-12 16:00:00,2709.7406
2024-12-12 16:15:00,2667.1406
2024-12-12 16:30:00,2614.9406
2024-12-12 16:45:00,2675.9406
2024-12-12 17:00:00,2656.0
2024-12-12 17:15:00,2702.4
2024-12-12 17:30:00,2619.2
2024-12-12 17:45:00,2453.0
2024-12-12 18:00:00,2338.6000000000004
2024-12-12 18:15:00,2138.6
2024-12-12 18:30:00,2149.0
2024-12-12 18:45:00,2078.2
2024-12-12 19:00:00,1932.3999999999999
2024-12-12 19:15:00,1804.6
2024-12-12 19:30:00,1817.1999999999998
2024-12-12 19:45:00,1778.3999999999999
2024-12-12 20:00:00,1662.2000000000003
2024-12-12 20:15:00,1680.0
2024-12-12 20:30:00,1640.8000000000002
2024-12-12 20:45:00,1628.2
2024-12-12 21:00:00,1581.8
2024-12-12 21:15:00,1535.6
2024-12-12 21:30:00,1474.1999999999998
2024-12-12 21:45:00,1448.3999999999999
2024-12-12 22:00:00,1400.4
2024-12-12 22:15:00,1389.8
2024-12-12 22:30:00,1291.6
2024-12-12 22:45:00,1248.4
2024-12-12 23:00:00,1272.6
2024-12-12 23:15:00,1488.6
2024-12-12 23:30:00,1440.6000000000001
2024-12-12 23:45:00,1387.6
2024-12-13 00:00:00,1090.8
2024-12-13 00:15:00,966.2
2024-12-13 00:30:00,1054.8
2024-12-13 00:45:00,961.5999999999999
2024-12-13 01:00:00,929.2
2024-12-13 01:15:00,965.6
2024-12-13 01:30:00,1012.6
2024-12-13 01:45:00,955.6
2024-12-13 02:00:00,844.1999999999999
2024-12-13 02:15:00,842.5999999999999
2024-12-13 02:30:00,782.0
2024-12-13 02:45:00,815.0
2024-12-13 03:00:00,804.5999999999999
2024-12-13 03:15:00,811.6
2024-12-13 03:30:00,874.1999999999999
2024-12-13 03:45:00,900.6
2024-12-13 04:00:00,878.4000000000001
2024-12-13 04:15:00,920.8
2024-12-13 04:30:00,901.6
2024-12-13 04:45:00,922.5999999999999
2024-12-13 05:00:00,857.8
2024-12-13 05:15:00,815.8
2024-12-13 05:30:00,890.6
2024-12-13 05:45:00,1056.0
2024-12-13 06:00:00,1082.6000000000001
2024-12-13 06:15:00,1205.6000000000001
2024-12-13 06:30:00,1166.2
2024-12-13 06:45:00,1172.6
2024-12-13 07:00:00,1052.5061
2024-12-13 07:15:00,972.3061
2024-12-13 07:30:00,1057.5061
2024-12-13 07:45:00,1055.1061
2024-12-13 08:00:00,1106.4978
2024-12-13 08:15:00,1273.8978000000002
2024-12-13 08:30:00,1618.2978
2024-12-13 08:45:00,1823.0978
2024-12-13 09:00:00,2170.3858
2024-12-13 09:15:00,2362.9858
2024-12-13 09:30:00,2542.7858
2024-12-13 09:45:00,2595.3858
2024-12-13 10:00:00,2494.7954
2024-12-13 10:15:00,2678.5954
2024-12-13 10:30:00,2752.7954
2024-12-13 10:45:00,2692.7954
2024-12-13 11:00:00,2540.2978
2024-12-13 11:15:00,2373.6978
2024-12-13 11:30:00,2270.0978
2024-12-13 11:45:00,2335.0978
2024-12-13 12:00:00,2354.1695
2024-12-13 12:15:00,2300.1695
2024-12-13 12:30:00,2312.5695
2024-12-13 12:45:00,2285.5695
2024-12-13 13:00:00,2305.4829
2024-12-13 13:15:00,2275.2829
2024-12-13 13:30:00,2141.4829
2024-12-13 13:45:00,2234.2829
2024-12-13 14:00:00,2413.8369000000002
2024-12-13 14:15:00,2505.4368999999997
2024-12-13 14:30:00,2482.8369
2024-12-13 14:45:00,2378.0369
2024-12-13 15:00:00,2376.5045
2024-12-13 15:15:00,2314.5045
2024-12-13 15:30:00,2267.9045
2024-12-13 15:45:00,2289.3045
2024-12-13 16:00:00,2412.5408
2024-12-13 16:15:00,2461.7408
2024-12-13 16:30:00,2561.5408
2024-12-13 16:45:00,2473.7408000000005
2024-12-13 17:00:00,2401.8
2024-12-13 17:15:00,2394.0
2024-12-13 17:30:00,2350.4
2024-12-13 17:45:00,2293.2
2024-12-13 18:00:00,2207.0
2024-12-13 18:15:00,1946.0
2024-12-13 18:30:00,1873.7999999999997
2024-12-13 18:45:00,1768.8
2024-12-13 19:00:00,1678.8000000000002
2024-12-13 19:15:00,1655.8000000000002
2024-12-13 19:30:00,1643.3999999999999
2024-12-13 19:45:00,1579.6
2024-12-13 20:00:00,1519.6
2024-12-13 20:15:00,1538.6
2024-12-13 20:30:00,1499.4
2024-12-13 20:45:00,1397.9999999999998
2024-12-13 21:00:00,1392.8
2024-12-13 21:15:00,1417.0000000000002
2024-12-13 21:30:00,1425.3999999999999
2024-12-13 21:45:00,1355.6000000000001
2024-12-13 22:00:00,1347.2
2024-12-13 22:15:00,1276.3999999999999
2024-12-13 22:30:00,1157.3999999999999
2024-12-13 22:45:00,1130.2
2024-12-13 23:00:00,1057.6000000000001
2024-12-13 23:15:00,1361.8
2024-12-13 23:30:00,1545.2
2024-12-13 23:45:00,1427.0
2024-12-14 00:00:00,1196.6000000000001
2024-12-14 00:15:00,1037.8
2024-12-14 00:30:00,961.9999999999999
2024-12-14 00:45:00,976.4000000000001
2024-12-14 01:00:00,966.4
2024-12-14 01:15:00,948.4000000000001
2024-12-14 01:30:00,960.8
2024-12-14 01:45:00,926.0
2024-12-14 02:00:00,872.4000000000001
2024-12-14 02:15:00,796.4000000000001
2024-12-14 02:30:00,778.0
2024-12-14 02:45:00,726.6000000000001
2024-12-14 03:00:00,813.4000000000001
2024-12-14 03:15:00,792.6
2024-12-14 03:30:00,790.0
2024-12-14 03:45:00,767.2
2024-12-14 04:00:00,809.4000000000001
2024-12-14 04:15:00,838.8
2024-12-14 04:30:00,890.0
2024-12-14 04:45:00,860.5999999999999
2024-12-14 05:00:00,775.4000000000001
2024-12-14 05:15:00,792.6
2024-12-14 05:30:00,800.2
2024-12-14 05:45:00,739.6
2024-12-14 06:00:00,830.8
2024-12-14 06:15:00,885.6000000000001
2024-12-14 06:30:00,988.0
2024-12-14 06:45:00,982.5999999999999
2024-12-14 07:00:00,802.275
2024-12-14 07:15:00,721.0749999999999
2024-12-14 07:30:00,763.075
2024-12-14 07:45:00,762.4749999999999
2024-12-14 08:00:00,527.9295999999999
2024-12-14 08:15:00,623.5296
2024-12-14 08:30:00,660.9295999999999
2024-12-14 08:45:00,692.7296
2024-12-14 09:00:00,582.4831
2024-12-14 09:15:00,590.2831
2024-12-14 09:30:00,642.2831000000001
2024-12-14 09:45:00,753.2831
2024-12-14 10:00:00,517.9073999999999
2024-12-14 10:15:00,558.7074
2024-12-14 10:30:00,527.9074
2024-12-14 10:45:00,577.7074
2024-12-14 11:00:00,397.3331
2024-12-14 11:15:00,361.5331
2024-12-14 11:30:00,417.53309999999993
2024-12-14 11:45:00,388.1331
2024-12-14 12:00:00,326.7729999999999
2024-12-14 12:15:00,270.7729999999999
2024-12-14 12:30:00,279.1729999999999
2024-12-14 12:45:00,248.5729999999999
2024-12-14 13:00:00,363.75470000000007
2024-12-14 13:15:00,349.7547
2024-12-14 13:30:00,331.95470000000006
2024-12-14 13:45:00,337.75469999999996
2024-12-14 14:00:00,501.05920000000003
2024-12-14 14:15:00,610.0592
2024-12-14 14:30:00,573.8592
2024-12-14 14:45:00,688.0591999999999
2024-12-14 15:00:00,926.3417999999999
2024-12-14 15:15:00,1065.3418
2024-12-14 15:30:00,1016.5418
2024-12-14 15:45:00,1166.5418
2024-12-14 16:00:00,1358.9194
2024-12-14 16:15:00,1435.5194000000001
2024-12-14 16:30:00,1350.7194
2024-12-14 16:45:00,1469.1194
2024-12-14 17:00:00,1576.8
2024-12-14 17:15:00,1592.0
2024-12-14 17:30:00,1574.2000000000003
2024-12-14 17:45:00,1502.0
2024-12-14 18:00:00,1518.8
2024-12-14 18:15:00,1470.6
2024-12-14 18:30:00,1390.1999999999998
2024-12-14 18:45:00,1319.2000000000003
2024-12-14 19:00:00,1319.4
2024-12-14 19:15:00,1328.8
2024-12-14 19:30:00,1289.1999999999998
2024-12-14 19:45:00,1298.6
2024-12-14 20:00:00,1249.0
2024-12-14 20:15:00,1293.0
2024-12-14 20:30:00,1204.6
2024-12-14 20:45:00,1188.0
2024-12-14 21:00:00,1194.2
2024-12-14 21:15:00,1269.4
2024-12-14 21:30:00,1141.0
2024-12-14 21:45:00,1143.6
2024-12-14 22:00:00,1128.2
2024-12-14 22:15:00,1179.6
2024-12-14 22:30:00,1057.8
2024-12-14 22:45:00,1060.2
2024-12-14 23:00:00,1065.4
2024-12-14 23:15:00,1636.3999999999999
2024-12-14 23:30:00,1608.6
2024-12-14 23:45:00,1544.8
2024-12-15 00:00:00,1347.2
2024-12-15 00:15:00,1107.8000000000002
2024-12-15 00:30:00,945.4000000000001
2024-12-15 00:45:00,854.4
2024-12-15 01:00:00,931.4000000000001
2024-12-15 01:15:00,912.5999999999999
2024-12-15 01:30:00,815.6000000000001
2024-12-15 01:45:00,769.0
2024-12-15 02:00:00,725.2
2024-12-15 02:15:00,738.9999999999999
2024-12-15 02:30:00,728.5999999999999
2024-12-15 02:45:00,799.0
2024-12-15 03:00:00,727.2
2024-12-15 03:15:00,791.8
2024-12-15 03:30:00,803.4000000000001
2024-12-15 03:45:00,834.1999999999999
2024-12-15 04:00:00,869.8000000000001
2024-12-15 04:15:00,847.6
2024-12-15 04:30:00,780.2
2024-12-15 04:45:00,724.8
2024-12-15 05:00:00,793.4
2024-12-15 05:15:00,769.8
2024-12-15 05:30:00,809.2
2024-12-15 05:45:00,779.1999999999999
2024-12-15 06:00:00,793.6
2024-12-15 06:15:00,930.2
2024-12-15 06:30:00,1123.4
2024-12-15 06:45:00,1050.2
2024-12-15 07:00:00,840.5189
2024-12-15 07:15:00,780.1188999999999
2024-12-15 07:30:00,839.9189000000001
2024-12-15 07:45:00,854.9189
2024-12-15 08:00:00,666.8109
2024-12-15 08:15:00,713.8109
2024-12-15 08:30:00,680.2108999999999
2024-12-15 08:45:00,653.4109000000001
2024-12-15 09:00:00,440.5091
2024-12-15 09:15:00,635.1091
2024-12-15 09:30:00,695.1090999999999
2024-12-15 09:45:00,862.9091
2024-12-15 10:00:00,622.6184000000001
2024-12-15 10:15:00,670.0183999999999
2024-12-15 10:30:00,637.4184
2024-12-15 10:45:00,652.6184
2024-12-15 11:00:00,473.20009999999996
2024-12-15 11:15:00,383.8001
2024-12-15 11:30:00,327.6001
2024-12-15 11:45:00,286.4001
2024-12-15 12:00:00,319.8724
2024-12-15 12:15:00,277.87239999999997
2024-12-15 12:30:00,314.0723999999999
2024-12-15 12:45:00,286.47239999999994
2024-12-15 13:00:00,458.8451
2024-12-15 13:15:00,471.4451
2024-12-15 13:30:00,491.8450999999999
2024-12-15 13:45:00,503.64509999999996
2024-12-15 14:00:00,643.2739
2024-12-15 14:15:00,759.6739
2024-12-15 14:30:00,803.4739
2024-12-15 14:45:00,822.0738999999999
2024-12-15 15:00:00,956.8620000000001
2024-12-15 15:15:00,977.062
2024-12-15 15:30:00,988.662
2024-12-15 15:45:00,1013.662
2024-12-15 16:00:00,1161.9104000000002
2024-12-15 16:15:00,1240.7104
2024-12-15 16:30:00,1327.1104
2024-12-15 16:45:00,1109.7104
2024-12-15 17:00:00,1175.6000000000001
2024-12-15 17:15:00,1156.8000000000002
2024-12-15 17:30:00,1191.2
2024-12-15 17:45:00,1161.8
2024-12-15 18:00:00,1123.0
2024-12-15 18:15:00,1204.2
2024-12-15 18:30:00,1155.8
2024-12-15 18:45:00,1158.2
2024-12-15 19:00:00,1128.6
2024-12-15 19:15:00,1160.4
2024-12-15 19:30:00,1188.6
2024-12-15 19:45:00,1161.2
2024-12-15 20:00:00,1269.2
2024-12-15 20:15:00,1176.4
2024-12-15 20:30:00,1167.0
2024-12-15 20:45:00,1181.8000000000002
2024-12-15 21:00:00,1226.6000000000001
2024-12-15 21:15:00,1188.6
2024-12-15 21:30:00,1092.4
2024-12-15 21:45:00,1059.6
2024-12-15 22:00:00,1049.8
2024-12-15 22:15:00,987.2
2024-12-15 22:30:00,986.5999999999999
2024-12-15 22:45:00,985.9999999999999
2024-12-15 23:00:00,1001.8
2024-12-15 23:15:00,1413.3999999999999
2024-12-15 23:30:00,1435.1999999999998
2024-12-15 23:45:00,1260.8
2024-12-16 00:00:00,1144.3999999999999
2024-12-16 00:15:00,1101.2
2024-12-16 00:30:00,949.0
2024-12-16 00:45:00,924.4
2024-12-16 01:00:00,788.3999999999999
2024-12-16 01:15:00,712.8
2024-12-16 01:30:00,699.8
2024-12-16 01:45:00,671.4000000000001
2024-12-16 02:00:00,668.4000000000001
2024-12-16 02:15:00,665.8
2024-12-16 02:30:00,645.0
2024-12-16 02:45:00,665.4
2024-12-16 03:00:00,669.8
2024-12-16 03:15:00,657.8
2024-12-16 03:30:00,675.4
2024-12-16 03:45:00,653.8
2024-12-16 04:00:00,666.5999999999999
2024-12-16 04:15:00,680.5999999999999
2024-12-16 04:30:00,686.6
2024-12-16 04:45:00,748.4
2024-12-16 05:00:00,754.4
2024-12-16 05:15:00,724.4
2024-12-16 05:30:00,712.4
2024-12-16 05:45:00,750.0
2024-12-16 06:00:00,920.6
2024-12-16 06:15:00,892.6
2024-12-16 06:30:00,1040.4
2024-12-16 06:45:00,984.2
2024-12-16 07:00:00,948.8
2024-12-16 07:15:00,970.2
2024-12-16 07:30:00,1030.2
2024-12-16 07:45:00,1180.6
2024-12-16 08:00:00,1290.3595
2024-12-16 08:15:00,1373.5594999999998
2024-12-16 08:30:00,1687.3595
2024-12-16 08:45:00,2115.3595
2024-12-16 09:00:00,2448.2067
2024-12-16 09:15:00,2633.6067
2024-12-16 09:30:00,2739.2066999999997
2024-12-16 09:45:00,2881.0067
2024-12-16 10:00:00,2871.2756
2024-12-16 10:15:00,2908.6755999999996
2024-12-16 10:30:00,2926.2756
2024-12-16 10:45:00,2884.2756
2024-12-16 11:00:00,2587.4911
2024-12-16 11:15:00,2414.2911
2024-12-16 11:30:00,2455.4911
2024-12-16 11:45:00,2336.6911
2024-12-16 12:00:00,2246.3868
2024-12-16 12:15:00,2087.1868
2024-12-16 12:30:00,2010.5868
2024-12-16 12:45:00,1963.7868
2024-12-16 13:00:00,2036.6894000000002
2024-12-16 13:15:00,1969.2894000000001
2024-12-16 13:30:00,2018.0893999999998
2024-12-16 13:45:00,2007.6894000000002
2024-12-16 14:00:00,2029.2625999999998
2024-12-16 14:15:00,2128.6625999999997
2024-12-16 14:30:00,2160.0626
2024-12-16 14:45:00,2383.0626
2024-12-16 15:00:00,2507.1252
2024-12-16 15:15:00,2317.5252
2024-12-16 15:30:00,2189.3251999999998
2024-12-16 15:45:00,2159.9251999999997
2024-12-16 16:00:00,2322.1191
2024-12-16 16:15:00,2360.9191
2024-12-16 16:30:00,2276.7191
2024-12-16 16:45:00,2200.7191
2024-12-16 17:00:00,2119.3999999999996
2024-12-16 17:15:00,2134.0
2024-12-16 17:30:00,2163.8
2024-12-16 17:45:00,2252.6
2024-12-16 18:00:00,2029.6000000000001
2024-12-16 18:15:00,1889.0000000000002
2024-12-16 18:30:00,1774.6
2024-12-16 18:45:00,1682.6
2024-12-16 19:00:00,1690.1999999999998
2024-12-16 19:15:00,1640.8
2024-12-16 19:30:00,1674.0
2024-12-16 19:45:00,1646.2
2024-12-16 20:00:00,1572.9999999999998
2024-12-16 20:15:00,1544.2
2024-12-16 20:30:00,1661.4
2024-12-16 20:45:00,1565.8
2024-12-16 21:00:00,1439.6
2024-12-16 21:15:00,1408.1999999999998
2024-12-16 21:30:00,1384.6000000000001
2024-12-16 21:45:00,1341.8
2024-12-16 22:00:00,1276.0
2024-12-16 22:15:00,1262.3999999999999
2024-12-16 22:30:00,1124.2
2024-12-16 22:45:00,1091.4
2024-12-16 23:00:00,1100.4
2024-12-16 23:15:00,1325.6
2024-12-16 23:30:00,1511.8
2024-12-16 23:45:00,1380.6000000000001
2024-12-17 00:00:00,1078.0
2024-12-17 00:15:00,966.8000000000001
2024-12-17 00:30:00,873.8000000000001
2024-12-17 00:45:00,907.6
2024-12-17 01:00:00,951.4000000000001
2024-12-17 01:15:00,932.4
2024-12-17 01:30:00,981.4
2024-12-17 01:45:00,934.4000000000001
2024-12-17 02:00:00,849.0000000000001
2024-12-17 02:15:00,894.4
2024-12-17 02:30:00,857.2
2024-12-17 02:45:00,852.8
2024-12-17 03:00:00,842.6
2024-12-17 03:15:00,805.3999999999999
2024-12-17 03:30:00,834.2
2024-12-17 03:45:00,819.8
2024-12-17 04:00:00,824.4
2024-12-17 04:15:00,812.1999999999999
2024-12-17 04:30:00,837.4
2024-12-17 04:45:00,829.0
2024-12-17 05:00:00,916.9999999999999
2024-12-17 05:15:00,883.4
2024-12-17 05:30:00,928.4000000000001
2024-12-17 05:45:00,933.8
2024-12-17 06:00:00,953.2
2024-12-17 06:15:00,1044.4
2024-12-17 06:30:00,1171.2
2024-12-17 06:45:00,1119.8
2024-12-17 07:00:00,1003.1304
2024-12-17 07:15:00,1039.7304
2024-12-17 07:30:00,1167.9304000000002
2024-12-17 07:45:00,1107.3304
2024-12-17 08:00:00,935.6089999999999
2024-12-17 08:15:00,1078.809
2024-12-17 08:30:00,1324.209
2024-12-17 08:45:00,1586.409
2024-12-17 09:00:00,1592.7174
2024-12-17 09:15:00,1744.3174000000004
2024-12-17 09:30:00,1894.7174
2024-12-17 09:45:00,1839.3174
2024-12-17 10:00:00,1478.0497
2024-12-17 10:15:00,1727.6497
2024-12-17 10:30:00,1744.6497000000002
2024-12-17 10:45:00,1618.0497
2024-12-17 11:00:00,1504.0951
2024-12-17 11:15:00,1452.2951
2024-12-17 11:30:00,1417.2951
2024-12-17 11:45:00,1368.0951
2024-12-17 12:00:00,1229.7271
2024-12-17 12:15:00,1107.3271
2024-12-17 12:30:00,1101.3271
2024-12-17 12:45:00,1024.9270999999999
2024-12-17 13:00:00,1133.9325
2024-12-17 13:15:00,1064.1325000000002
2024-12-17 13:30:00,1156.7325
2024-12-17 13:45:00,1144.3325
2024-12-17 14:00:00,1349.6734
2024-12-17 14:15:00,1335.2734
2024-12-17 14:30:00,1352.4734
2024-12-17 14:45:00,1414.6734000000001
2024-12-17 15:00:00,1645.9551000000001
2024-12-17 15:15:00,1644.1551
2024-12-17 15:30:00,1507.1551
2024-12-17 15:45:00,1539.7550999999999
2024-12-17 16:00:00,1985.8711999999998
2024-12-17 16:15:00,1918.2711999999997
2024-12-17 16:30:00,1835.0711999999999
2024-12-17 16:45:00,1837.0711999999999
2024-12-17 17:00:00,2041.0
2024-12-17 17:15:00,1962.4
2024-12-17 17:30:00,1949.8
2024-12-17 17:45:00,1929.8
2024-12-17 18:00:00,1817.1999999999998
2024-12-17 18:15:00,1724.6
2024-12-17 18:30:00,1639.3999999999999
2024-12-17 18:45:00,1549.8000000000002
2024-12-17 19:00:00,1452.6000000000001
2024-12-17 19:15:00,1471.3999999999999
2024-12-17 19:30:00,1395.1999999999998
2024-12-17 19:45:00,1385.3999999999999
2024-12-17 20:00:00,1410.4
2024-12-17 20:15:00,1358.6
2024-12-17 20:30:00,1320.6
2024-12-17 20:45:00,1332.0
2024-12-17 21:00:00,1351.3999999999999
2024-12-17 21:15:00,1276.0
2024-12-17 21:30:00,1225.0
2024-12-17 21:45:00,1218.6000000000001
2024-12-17 22:00:00,1152.4
2024-12-17 22:15:00,1085.2
2024-12-17 22:30:00,1045.2
2024-12-17 22:45:00,1068.2
2024-12-17 23:00:00,1045.8
2024-12-17 23:15:00,1373.4
2024-12-17 23:30:00,1445.0
2024-12-17 23:45:00,1339.0
2024-12-18 00:00:00,1378.7999999999997
2024-12-18 00:15:00,1264.4
2024-12-18 00:30:00,1140.8
2024-12-18 00:45:00,925.6000000000001
2024-12-18 01:00:00,856.5999999999999
2024-12-18 01:15:00,803.2
2024-12-18 01:30:00,829.8000000000001
2024-12-18 01:45:00,892.6
2024-12-18 02:00:00,923.4
2024-12-18 02:15:00,916.2
2024-12-18 02:30:00,789.8
2024-12-18 02:45:00,830.1999999999999
2024-12-18 03:00:00,836.6
2024-12-18 03:15:00,752.8
2024-12-18 03:30:00,768.4000000000001
2024-12-18 03:45:00,769.1999999999999
2024-12-18 04:00:00,767.8
2024-12-18 04:15:00,768.1999999999999
2024-12-18 04:30:00,767.3999999999999
2024-12-18 04:45:00,814.4000000000001
2024-12-18 05:00:00,859.5999999999999
2024-12-18 05:15:00,899.4
2024-12-18 05:30:00,869.1999999999999
2024-12-18 05:45:00,1003.2
2024-12-18 06:00:00,1081.4
2024-12-18 06:15:00,1190.2
2024-12-18 06:30:00,1220.8000000000002
2024-12-18 06:45:00,1120.6
2024-12-18 07:00:00,1021.9396999999999
2024-12-18 07:15:00,1088.3397
2024-12-18 07:30:00,1129.1397
2024-12-18 07:45:00,1098.1397000000002
2024-12-18 08:00:00,987.1373000000001
2024-12-18 08:15:00,1183.9373
2024-12-18 08:30:00,1412.1373
2024-12-18 08:45:00,1746.7373
2024-12-18 09:00:00,1858.6321000000003
2024-12-18 09:15:00,1844.8321
2024-12-18 09:30:00,1946.0321
2024-12-18 09:45:00,2183.2321
2024-12-18 10:00:00,2090.0909
2024-12-18 10:15:00,2067.6908999999996
2024-12-18 10:30:00,2014.0909000000001
2024-12-18 10:45:00,1938.4909
2024-12-18 11:00:00,1892.9487
2024-12-18 11:15:00,1854.5486999999998
2024-12-18 11:30:00,1921.1487
2024-12-18 11:45:00,1932.7487
2024-12-18 12:00:00,1742.1120999999998
2024-12-18 12:15:00,1597.5121
2024-12-18 12:30:00,1446.7121
2024-12-18 12:45:00,1432.1121
2024-12-18 13:00:00,1567.2604
2024-12-18 13:15:00,1999.4604
2024-12-18 13:30:00,1808.6604
2024-12-18 13:45:00,2049.4604
2024-12-18 14:00:00,2040.1415
2024-12-18 14:15:00,2399.7415
2024-12-18 14:30:00,1969.9415000000001
2024-12-18 14:45:00,1832.5415
2024-12-18 15:00:00,2054.2113
2024-12-18 15:15:00,2021.0113
2024-12-18 15:30:00,1990.8112999999998
2024-12-18 15:45:00,1856.6113
2024-12-18 16:00:00,2015.4951
2024-12-18 16:15:00,1998.0951
2024-12-18 16:30:00,2126.4951
2024-12-18 16:45:00,2172.2951000000003
2024-12-18 17:00:00,2290.3999999999996
2024-12-18 17:15:00,2125.6000000000004
2024-12-18 17:30:00,2088.2
2024-12-18 17:45:00,1952.4
2024-12-18 18:00:00,1880.4
2024-12-18 18:15:00,1743.6
2024-12-18 18:30:00,1741.6
2024-12-18 18:45:00,1692.4
2024-12-18 19:00:00,1586.6000000000001
2024-12-18 19:15:00,1563.0
2024-12-18 19:30:00,1597.0000000000002
2024-12-18 19:45:00,1521.1999999999998
2024-12-18 20:00:00,1489.6
2024-12-18 20:15:00,1444.8
2024-12-18 20:30:00,1387.4
2024-12-18 20:45:00,1323.0
2024-12-18 21:00:00,1245.2
2024-12-18 21:15:00,1278.2
2024-12-18 21:30:00,1268.6
2024-12-18 21:45:00,1221.6
2024-12-18 22:00:00,1219.8
2024-12-18 22:15:00,1181.8
2024-12-18 22:30:00,1050.2
2024-12-18 22:45:00,1122.2
2024-12-18 23:00:00,1123.3999999999999
2024-12-18 23:15:00,1632.3999999999999
2024-12-18 23:30:00,1519.4
2024-12-18 23:45:00,1366.6000000000001
2024-12-19 00:00:00,1037.6
2024-12-19 00:15:00,1013.0
2024-12-19 00:30:00,905.8
2024-12-19 00:45:00,883.8
2024-12-19 01:00:00,785.8
2024-12-19 01:15:00,881.4000000000001
2024-12-19 01:30:00,873.6
2024-12-19 01:45:00,893.4
2024-12-19 02:00:00,878.4000000000001
2024-12-19 02:15:00,801.6
2024-12-19 02:30:00,763.0
2024-12-19 02:45:00,887.2
2024-12-19 03:00:00,880.0
2024-12-19 03:15:00,862.4
2024-12-19 03:30:00,875.8
2024-12-19 03:45:00,876.4
2024-12-19 04:00:00,828.4000000000001
2024-12-19 04:15:00,838.8
2024-12-19 04:30:00,862.2
2024-12-19 04:45:00,945.5999999999999
2024-12-19 05:00:00,922.1999999999999
2024-12-19 05:15:00,861.8
2024-12-19 05:30:00,854.5999999999999
2024-12-19 05:45:00,979.6
2024-12-19 06:00:00,1034.6
2024-12-19 06:15:00,1036.8000000000002
2024-12-19 06:30:00,1008.0
2024-12-19 06:45:00,1008.5999999999999
2024-12-19 07:00:00,992.2
2024-12-19 07:15:00,995.8
2024-12-19 07:30:00,988.0000000000001
2024-12-19 07:45:00,1054.4
2024-12-19 08:00:00,937.8628000000001
2024-12-19 08:15:00,1081.2628
2024-12-19 08:30:00,1361.4628
2024-12-19 08:45:00,1794.0627999999997
2024-12-19 09:00:00,2011.7734
2024-12-19 09:15:00,2141.9734
2024-12-19 09:30:00,2354.1734
2024-12-19 09:45:00,2329.5734
2024-12-19 10:00:00,2157.6495999999997
2024-12-19 10:15:00,2238.6495999999997
2024-12-19 10:30:00,2236.2496
2024-12-19 10:45:00,2328.0496
2024-12-19 11:00:00,2154.4619
2024-12-19 11:15:00,2154.8619
2024-12-19 11:30:00,2248.2619
2024-12-19 11:45:00,2126.0619
2024-12-19 12:00:00,2021.2068000000002
2024-12-19 12:15:00,1985.2068
2024-12-19 12:30:00,1969.8068
2024-12-19 12:45:00,1935.4068
2024-12-19 13:00:00,1900.6636999999998
2024-12-19 13:15:00,1913.4637000000002
2024-12-19 13:30:00,2001.2637
2024-12-19 13:45:00,2092.8637
2024-12-19 14:00:00,2112.1938
2024-12-19 14:15:00,2372.9937999999997
2024-12-19 14:30:00,2405.5938
2024-12-19 14:45:00,2418.9938
2024-12-19 15:00:00,2483.8788
2024-12-19 15:15:00,2334.0788000000002
2024-12-19 15:30:00,2417.2788
2024-12-19 15:45:00,2359.6788
2024-12-19 16:00:00,2686.977
2024-12-19 16:15:00,2740.777
2024-12-19 16:30:00,2798.777
2024-12-19 16:45:00,2789.377
2024-12-19 17:00:00,2841.2
2024-12-19 17:15:00,2816.6
2024-12-19 17:30:00,2650.0
2024-12-19 17:45:00,2559.6
2024-12-19 18:00:00,2376.6
2024-12-19 18:15:00,2107.0
2024-12-19 18:30:00,1968.1999999999998
2024-12-19 18:45:00,1956.8
2024-12-19 19:00:00,1945.4
2024-12-19 19:15:00,1875.2
2024-12-19 19:30:00,1939.8
2024-12-19 19:45:00,1875.0
2024-12-19 20:00:00,1795.8
2024-12-19 20:15:00,1667.3999999999999
2024-12-19 20:30:00,1618.4
2024-12-19 20:45:00,1568.4
2024-12-19 21:00:00,1570.0
2024-12-19 21:15:00,1556.4
2024-12-19 21:30:00,1527.2
2024-12-19 21:45:00,1476.0000000000002
2024-12-19 22:00:00,1408.0000000000002
2024-12-19 22:15:00,1306.6000000000001
2024-12-19 22:30:00,1262.6
2024-12-19 22:45:00,1239.2
2024-12-19 23:00:00,1194.6000000000001
2024-12-19 23:15:00,1473.4
2024-12-19 23:30:00,1613.4
2024-12-19 23:45:00,1522.6000000000001
2024-12-20 00:00:00,1368.0
2024-12-20 00:15:00,1245.4
2024-12-20 00:30:00,1047.2
2024-12-20 00:45:00,1034.8
2024-12-20 01:00:00,876.8
2024-12-20 01:15:00,892.4000000000001
2024-12-20 01:30:00,915.8
2024-12-20 01:45:00,852.8000000000001
2024-12-20 02:00:00,827.8
2024-12-20 02:15:00,856.4000000000001
2024-12-20 02:30:00,843.2
2024-12-20 02:45:00,800.6
2024-12-20 03:00:00,792.0
2024-12-20 03:15:00,861.4000000000001
2024-12-20 03:30:00,870.6
2024-12-20 03:45:00,856.0
2024-12-20 04:00:00,824.5999999999999
2024-12-20 04:15:00,807.2
2024-12-20 04:30:00,809.6000000000001
2024-12-20 04:45:00,838.5999999999999
2024-12-20 05:00:00,909.0
2024-12-20 05:15:00,899.8
2024-12-20 05:30:00,1068.0
2024-12-20 05:45:00,1036.2
2024-12-20 06:00:00,1072.0
2024-12-20 06:15:00,1108.0
2024-12-20 06:30:00,1249.8
2024-12-20 06:45:00,1219.0
2024-12-20 07:00:00,1190.1098
2024-12-20 07:15:00,1145.9098
2024-12-20 07:30:00,1134.3098
2024-12-20 07:45:00,1234.7098
2024-12-20 08:00:00,1160.5056
2024-12-20 08:15:00,1509.5056
2024-12-20 08:30:00,2142.5056
2024-12-20 08:45:00,2557.3055999999997
2024-12-20 09:00:00,2607.4996
2024-12-20 09:15:00,2282.0996
2024-12-20 09:30:00,2621.0996
2024-12-20 09:45:00,2519.4996
2024-12-20 10:00:00,2554.6962
2024-12-20 10:15:00,2614.2961999999998
2024-12-20 10:30:00,2495.6962000000003
2024-12-20 10:45:00,2493.8962
2024-12-20 11:00:00,2348.7249
2024-12-20 11:15:00,2283.5249000000003
2024-12-20 11:30:00,2198.1249
2024-12-20 11:45:00,2150.5249000000003
2024-12-20 12:00:00,1917.0358
2024-12-20 12:15:00,1959.0358
2024-12-20 12:30:00,1785.8358
2024-12-20 12:45:00,1622.2358
2024-12-20 13:00:00,1768.3681
2024-12-20 13:15:00,1704.1680999999999
2024-12-20 13:30:00,1758.5681
2024-12-20 13:45:00,1883.5681000000002
2024-12-20 14:00:00,2197.522
2024-12-20 14:15:00,2174.722
2024-12-20 14:30:00,2169.522
2024-12-20 14:45:00,1993.1219999999998
2024-12-20 15:00:00,2288.7952
2024-12-20 15:15:00,2436.1952
2024-12-20 15:30:00,2639.7952000000005
2024-12-20 15:45:00,2241.5952
2024-12-20 16:00:00,2851.6429
2024-12-20 16:15:00,2708.8429
2024-12-20 16:30:00,2475.4429
2024-12-20 16:45:00,2412.4429
2024-12-20 17:00:00,2463.6
2024-12-20 17:15:00,2317.2000000000003
2024-12-20 17:30:00,2401.0
2024-12-20 17:45:00,2113.0
2024-12-20 18:00:00,2029.7999999999997
2024-12-20 18:15:00,1785.4
2024-12-20 18:30:00,1812.2
2024-12-20 18:45:00,1663.4
2024-12-20 19:00:00,1671.6000000000001
2024-12-20 19:15:00,1592.0
2024-12-20 19:30:00,1547.0
2024-12-20 19:45:00,1502.0
2024-12-20 20:00:00,1450.4
2024-12-20 20:15:00,1464.6000000000001
2024-12-20 20:30:00,1385.4
2024-12-20 20:45:00,1423.6
2024-12-20 21:00:00,1376.8
2024-12-20 21:15:00,1290.3999999999999
2024-12-20 21:30:00,1314.8000000000002
2024-12-20 21:45:00,1271.4
2024-12-20 22:00:00,1285.8
2024-12-20 22:15:00,1221.2
2024-12-20 22:30:00,1083.8
2024-12-20 22:45:00,1101.4
2024-12-20 23:00:00,1046.6
2024-12-20 23:15:00,1446.4
2024-12-20 23:30:00,1552.2
2024-12-20 23:45:00,1255.4
2024-12-21 00:00:00,1327.2
2024-12-21 00:15:00,1150.8
2024-12-21 00:30:00,1032.6000000000001
2024-12-21 00:45:00,997.2
2024-12-21 01:00:00,840.2
2024-12-21 01:15:00,719.4
2024-12-21 01:30:00,885.5999999999999
2024-12-21 01:45:00,884.4
2024-12-21 02:00:00,967.6
2024-12-21 02:15:00,851.4000000000001
2024-12-21 02:30:00,767.0
2024-12-21 02:45:00,766.4000000000001
2024-12-21 03:00:00,752.0
2024-12-21 03:15:00,833.0
2024-12-21 03:30:00,848.5999999999999
2024-12-21 03:45:00,770.8
2024-12-21 04:00:00,731.5999999999999
2024-12-21 04:15:00,751.0
2024-12-21 04:30:00,774.4
2024-12-21 04:45:00,823.8
2024-12-21 05:00:00,746.8
2024-12-21 05:15:00,764.5999999999999
2024-12-21 05:30:00,740.8
2024-12-21 05:45:00,802.8000000000001
2024-12-21 06:00:00,848.8000000000001
2024-12-21 06:15:00,1000.4
2024-12-21 06:30:00,917.6
2024-12-21 06:45:00,1015.0
2024-12-21 07:00:00,906.7502
2024-12-21 07:15:00,750.9502
2024-12-21 07:30:00,805.5502
2024-12-21 07:45:00,805.9502
2024-12-21 08:00:00,662.1807000000001
2024-12-21 08:15:00,813.9807000000001
2024-12-21 08:30:00,1185.9807
2024-12-21 08:45:00,1288.5807
2024-12-21 09:00:00,1120.7353
2024-12-21 09:15:00,1000.5353
2024-12-21 09:30:00,1034.7353
2024-12-21 09:45:00,1069.1353
2024-12-21 10:00:00,1130.2039
2024-12-21 10:15:00,1145.2039
2024-12-21 10:30:00,1115.0039000000002
2024-12-21 10:45:00,1209.8039
2024-12-21 11:00:00,1068.1423
2024-12-21 11:15:00,877.7423
2024-12-21 11:30:00,825.3423
2024-12-21 11:45:00,770.7422999999999
2024-12-21 12:00:00,894.0783000000001
2024-12-21 12:15:00,1009.6783
2024-12-21 12:30:00,988.2783000000001
2024-12-21 12:45:00,931.6782999999999
2024-12-21 13:00:00,1038.6126
2024-12-21 13:15:00,931.0125999999999
2024-12-21 13:30:00,933.6126000000002
2024-12-21 13:45:00,863.2125999999998
2024-12-21 14:00:00,879.7877000000001
2024-12-21 14:15:00,1101.5877
2024-12-21 14:30:00,1095.5877
2024-12-21 14:45:00,1022.7877
2024-12-21 15:00:00,1058.4831000000001
2024-12-21 15:15:00,1056.4831
2024-12-21 15:30:00,1144.4831000000001
2024-12-21 15:45:00,1167.6831
2024-12-21 16:00:00,1571.027
2024-12-21 16:15:00,1432.8269999999998
2024-12-21 16:30:00,1399.027
2024-12-21 16:45:00,1316.4270000000001
2024-12-21 17:00:00,1516.4548999999997
2024-12-21 17:15:00,1493.0548999999999
2024-12-21 17:30:00,1432.4549000000002
2024-12-21 17:45:00,1456.2549
2024-12-21 18:00:00,1461.8
2024-12-21 18:15:00,1383.4
2024-12-21 18:30:00,1347.2000000000003
2024-12-21 18:45:00,1331.8
2024-12-21 19:00:00,1308.1999999999998
2024-12-21 19:15:00,1260.2
2024-12-21 19:30:00,1231.6000000000001
2024-12-21 19:45:00,1183.0
2024-12-21 20:00:00,1171.0
2024-12-21 20:15:00,1202.3999999999999
2024-12-21 20:30:00,1177.8
2024-12-21 20:45:00,1134.0
2024-12-21 21:00:00,1136.2
2024-12-21 21:15:00,1120.0
2024-12-21 21:30:00,1100.8
2024-12-21 21:45:00,1090.0
2024-12-21 22:00:00,1094.3999999999999
2024-12-21 22:15:00,1082.6
2024-12-21 22:30:00,991.2
2024-12-21 22:45:00,990.0
2024-12-21 23:00:00,1068.8
2024-12-21 23:15:00,1315.0
2024-12-21 23:30:00,1304.6
2024-12-21 23:45:00,1321.0
2024-12-22 00:00:00,1029.2
2024-12-22 00:15:00,885.0
2024-12-22 00:30:00,1015.4000000000001
2024-12-22 00:45:00,984.1999999999999
2024-12-22 01:00:00,934.3999999999999
2024-12-22 01:15:00,827.0
2024-12-22 01:30:00,779.5999999999999
2024-12-22 01:45:00,736.8000000000001
2024-12-22 02:00:00,689.2
2024-12-22 02:15:00,776.4
2024-12-22 02:30:00,781.5999999999999
2024-12-22 02:45:00,739.1999999999999
2024-12-22 03:00:00,702.1999999999999
2024-12-22 03:15:00,785.8
2024-12-22 03:30:00,849.2
2024-12-22 03:45:00,862.8
2024-12-22 04:00:00,772.4
2024-12-22 04:15:00,720.8
2024-12-22 04:30:00,714.6
2024-12-22 04:45:00,812.0
2024-12-22 05:00:00,808.2
2024-12-22 05:15:00,774.8000000000001
2024-12-22 05:30:00,719.2
2024-12-22 05:45:00,772.0
2024-12-22 06:00:00,911.9999999999999
2024-12-22 06:15:00,950.0
2024-12-22 06:30:00,885.4
2024-12-22 06:45:00,824.0
2024-12-22 07:00:00,798.7869000000001
2024-12-22 07:15:00,768.7869
2024-12-22 07:30:00,766.5869
2024-12-22 07:45:00,786.1869
2024-12-22 08:00:00,567.2391
2024-12-22 08:15:00,585.0391000000001
2024-12-22 08:30:00,581.8391
2024-12-22 08:45:00,664.8391
2024-12-22 09:00:00,403.48079999999993
2024-12-22 09:15:00,454.2808
2024-12-22 09:30:00,542.2808000000001
2024-12-22 09:45:00,554.6808000000001
2024-12-22 10:00:00,415.32910000000004
2024-12-22 10:15:00,445.7291
2024-12-22 10:30:00,443.92910000000006
2024-12-22 10:45:00,495.92909999999995
2024-12-22 11:00:00,377.5555
2024-12-22 11:15:00,352.1555000000001
2024-12-22 11:30:00,300.55550000000005
2024-12-22 11:45:00,259.75550000000004
2024-12-22 12:00:00,180.03779999999992
2024-12-22 12:15:00,140.0377999999999
2024-12-22 12:30:00,208.03779999999992
2024-12-22 12:45:00,233.23779999999996
2024-12-22 13:00:00,338.504
2024-12-22 13:15:00,398.3040000000001
2024-12-22 13:30:00,322.504
2024-12-22 13:45:00,323.904
2024-12-22 14:00:00,509.9222
2024-12-22 14:15:00,528.5222000000001
2024-12-22 14:30:00,611.5222
2024-12-22 14:45:00,650.3222
2024-12-22 15:00:00,1064.0904
2024-12-22 15:15:00,1122.6904000000002
2024-12-22 15:30:00,1070.8904
2024-12-22 15:45:00,1030.6904
2024-12-22 16:00:00,1255.7746000000002
2024-12-22 16:15:00,1210.3746
2024-12-22 16:30:00,1288.5746000000001
2024-12-22 16:45:00,1324.5746000000001
2024-12-22 17:00:00,1536.104
2024-12-22 17:15:00,1527.304
2024-12-22 17:30:00,1545.304
2024-12-22 17:45:00,1469.104
2024-12-22 18:00:00,1408.6000000000001
2024-12-22 18:15:00,1397.4
2024-12-22 18:30:00,1312.1999999999998
2024-12-22 18:45:00,1335.0
2024-12-22 19:00:00,1379.6
2024-12-22 19:15:00,1340.4
2024-12-22 19:30:00,1303.8
2024-12-22 19:45:00,1318.6
2024-12-22 20:00:00,1321.8000000000002
2024-12-22 20:15:00,1310.2
2024-12-22 20:30:00,1294.4
2024-12-22 20:45:00,1232.3999999999999
2024-12-22 21:00:00,1273.8
2024-12-22 21:15:00,1215.6
2024-12-22 21:30:00,1196.0
2024-12-22 21:45:00,1242.0
2024-12-22 22:00:00,1153.8
2024-12-22 22:15:00,1130.0
2024-12-22 22:30:00,1027.8
2024-12-22 22:45:00,1052.1999999999998
2024-12-22 23:00:00,1040.3999999999999
2024-12-22 23:15:00,1365.1999999999998
2024-12-22 23:30:00,1380.6000000000001
2024-12-22 23:45:00,1206.2
2024-12-23 00:00:00,1036.2
2024-12-23 00:15:00,971.4000000000001
2024-12-23 00:30:00,887.4
2024-12-23 00:45:00,942.2
2024-12-23 01:00:00,902.4000000000001
2024-12-23 01:15:00,812.4000000000001
2024-12-23 01:30:00,857.6
2024-12-23 01:45:00,823.4
2024-12-23 02:00:00,787.4
2024-12-23 02:15:00,837.8000000000001
2024-12-23 02:30:00,817.4
2024-12-23 02:45:00,807.0
2024-12-23 03:00:00,823.5999999999999
2024-12-23 03:15:00,780.8
2024-12-23 03:30:00,761.4
2024-12-23 03:45:00,714.8
2024-12-23 04:00:00,769.5999999999999
2024-12-23 04:15:00,816.4
2024-12-23 04:30:00,838.6
2024-12-23 04:45:00,760.8000000000001
2024-12-23 05:00:00,801.6
2024-12-23 05:15:00,722.6
2024-12-23 05:30:00,739.4000000000001
2024-12-23 05:45:00,777.8
2024-12-23 06:00:00,998.4
2024-12-23 06:15:00,1038.4
2024-12-23 06:30:00,1059.0
2024-12-23 06:45:00,1074.8
2024-12-23 07:00:00,1123.9768
2024-12-23 07:15:00,1164.1768
2024-12-23 07:30:00,1179.7768
2024-12-23 07:45:00,1145.3768
2024-12-23 08:00:00,1036.7356
2024-12-23 08:15:00,1123.9356
2024-12-23 08:30:00,1583.1356
2024-12-23 08:45:00,2149.5356
2024-12-23 09:00:00,2248.0548
2024-12-23 09:15:00,2294.4548
2024-12-23 09:30:00,2565.2548
2024-12-23 09:45:00,2769.6548000000003
2024-12-23 10:00:00,2563.3616
2024-12-23 10:15:00,2671.5616
2024-12-23 10:30:00,2656.3616
2024-12-23 10:45:00,2711.5616
2024-12-23 11:00:00,2417.5864
2024-12-23 11:15:00,2386.5864
2024-12-23 11:30:00,2322.1864
2024-12-23 11:45:00,2340.5864
2024-12-23 12:00:00,2311.2968
2024-12-23 12:15:00,2320.0968000000003
2024-12-23 12:30:00,2213.4968
2024-12-23 12:45:00,2188.0968000000003
2024-12-23 13:00:00,2272.8969
2024-12-23 13:15:00,2216.4969
2024-12-23 13:30:00,2203.6969
2024-12-23 13:45:00,2330.0969
2024-12-23 14:00:00,2689.1819
2024-12-23 14:15:00,2747.5819
2024-12-23 14:30:00,2734.9819
2024-12-23 14:45:00,2605.3819
2024-12-23 15:00:00,2817.3464
2024-12-23 15:15:00,2904.5464
2024-12-23 15:30:00,2956.3464
2024-12-23 15:45:00,2811.3464
2024-12-23 16:00:00,2983.621
2024-12-23 16:15:00,2941.6209999999996
2024-12-23 16:30:00,2996.2210000000005
2024-12-23 16:45:00,3014.621
2024-12-23 17:00:00,3122.0
2024-12-23 17:15:00,2985.6
2024-12-23 17:30:00,2996.2
2024-12-23 17:45:00,3052.7999999999997
2024-12-23 18:00:00,2794.0
2024-12-23 18:15:00,2520.0
2024-12-23 18:30:00,2457.0
2024-12-23 18:45:00,2205.7999999999997
2024-12-23 19:00:00,2180.3999999999996
2024-12-23 19:15:00,2182.6
2024-12-23 19:30:00,2079.2
2024-12-23 19:45:00,2101.2
2024-12-23 20:00:00,2031.0000000000002
2024-12-23 20:15:00,1914.6000000000001
2024-12-23 20:30:00,1906.0000000000002
2024-12-23 20:45:00,1783.1999999999998
2024-12-23 21:00:00,1672.1999999999998
2024-12-23 21:15:00,1664.0
2024-12-23 21:30:00,1641.3999999999999
2024-12-23 21:45:00,1620.8
2024-12-23 22:00:00,1599.4
2024-12-23 22:15:00,1673.8
2024-12-23 22:30:00,1452.8
2024-12-23 22:45:00,1412.0
2024-12-23 23:00:00,1438.6
2024-12-23 23:15:00,1462.8
2024-12-23 23:30:00,1603.4
2024-12-23 23:45:00,1673.6000000000001
2024-12-24 00:00:00,1517.3999999999999
2024-12-24 00:15:00,1347.9999999999998
2024-12-24 00:30:00,1202.1999999999998
2024-12-24 00:45:00,1079.6000000000001
2024-12-24 01:00:00,1064.8
2024-12-24 01:15:00,993.6
2024-12-24 01:30:00,985.1999999999999
2024-12-24 01:45:00,970.8000000000001
2024-12-24 02:00:00,966.8000000000001
2024-12-24 02:15:00,929.2
2024-12-24 02:30:00,923.2
2024-12-24 02:45:00,954.5999999999999
2024-12-24 03:00:00,942.8000000000001
2024-12-24 03:15:00,891.2
2024-12-24 03:30:00,918.8000000000001
2024-12-24 03:45:00,932.0000000000001
2024-12-24 04:00:00,986.5999999999999
2024-12-24 04:15:00,925.4000000000001
2024-12-24 04:30:00,930.0
2024-12-24 04:45:00,975.2
2024-12-24 05:00:00,940.2
2024-12-24 05:15:00,1023.4
2024-12-24 05:30:00,1032.8
2024-12-24 05:45:00,1039.2
2024-12-24 06:00:00,1037.1999999999998
2024-12-24 06:15:00,1219.6
2024-12-24 06:30:00,1270.0
2024-12-24 06:45:00,1379.6
2024-12-24 07:00:00,1308.5208000000002
2024-12-24 07:15:00,1261.9207999999999
2024-12-24 07:30:00,1223.9207999999999
2024-12-24 07:45:00,1271.5208
2024-12-24 08:00:00,1245.9762
2024-12-24 08:15:00,1470.7762
2024-12-24 08:30:00,1927.7762000000002
2024-12-24 08:45:00,2451.9762
2024-12-24 09:00:00,2491.1907
2024-12-24 09:15:00,2579.1907
2024-12-24 09:30:00,2705.5907
2024-12-24 09:45:00,2909.9907000000003
2024-12-24 10:00:00,2805.6849
2024-12-24 10:15:00,2898.4849
2024-12-24 10:30:00,2877.8849
2024-12-24 10:45:00,2828.8849
2024-12-24 11:00:00,2510.7413
2024-12-24 11:15:00,2492.9413
2024-12-24 11:30:00,2518.3413
2024-12-24 11:45:00,2499.9413
2024-12-24 12:00:00,2408.4273000000003
2024-12-24 12:15:00,2343.6273
2024-12-24 12:30:00,2290.0272999999997
2024-12-24 12:45:00,2344.0273
2024-12-24 13:00:00,2238.5985
2024-12-24 13:15:00,2155.1984999999995
2024-12-24 13:30:00,2150.3985
2024-12-24 13:45:00,2191.1985
2024-12-24 14:00:00,2415.959
2024-12-24 14:15:00,2939.359
2024-12-24 14:30:00,3048.3590000000004
2024-12-24 14:45:00,3122.759
2024-12-24 15:00:00,3692.5382
2024-12-24 15:15:00,3622.9381999999996
2024-12-24 15:30:00,3213.9382
2024-12-24 15:45:00,3039.7382
2024-12-24 16:00:00,3156.1317
2024-12-24 16:15:00,2980.1317
2024-12-24 16:30:00,3011.3316999999997
2024-12-24 16:45:00,2957.7317
2024-12-24 17:00:00,3048.1465
2024-12-24 17:15:00,3121.5465
2024-12-24 17:30:00,2968.7465
2024-12-24 17:45:00,2887.9465
2024-12-24 18:00:00,2672.2
2024-12-24 18:15:00,2483.4
2024-12-24 18:30:00,2400.2
2024-12-24 18:45:00,2262.2
2024-12-24 19:00:00,2189.6000000000004
2024-12-24 19:15:00,2180.2
2024-12-24 19:30:00,2111.6
2024-12-24 19:45:00,2099.8
2024-12-24 20:00:00,2078.0
2024-12-24 20:15:00,2088.6
2024-12-24 20:30:00,2038.0
2024-12-24 20:45:00,1984.6
2024-12-24 21:00:00,1810.0
2024-12-24 21:15:00,1754.4
2024-12-24 21:30:00,1682.4
2024-12-24 21:45:00,1684.6
2024-12-24 22:00:00,1605.8
2024-12-24 22:15:00,1467.0
2024-12-24 22:30:00,1337.2000000000003
2024-12-24 22:45:00,1326.3999999999999
2024-12-24 23:00:00,1292.1999999999998
2024-12-24 23:15:00,1742.6
2024-12-24 23:30:00,1826.8
2024-12-24 23:45:00,1588.2
2024-12-25 00:00:00,1337.2
2024-12-25 00:15:00,1366.0
2024-12-25 00:30:00,1284.4
2024-12-25 00:45:00,1217.6
2024-12-25 01:00:00,1132.0
2024-12-25 01:15:00,1057.6
2024-12-25 01:30:00,1052.3999999999999
2024-12-25 01:45:00,1055.2
2024-12-25 02:00:00,1032.0
2024-12-25 02:15:00,957.3999999999999
2024-12-25 02:30:00,969.0
2024-12-25 02:45:00,1038.4
2024-12-25 03:00:00,1086.0
2024-12-25 03:15:00,1011.2
2024-12-25 03:30:00,947.6000000000001
2024-12-25 03:45:00,955.6
2024-12-25 04:00:00,957.3999999999999
2024-12-25 04:15:00,952.0
2024-12-25 04:30:00,997.6
2024-12-25 04:45:00,990.8
2024-12-25 05:00:00,1105.6000000000001
2024-12-25 05:15:00,1123.6
2024-12-25 05:30:00,998.8
2024-12-25 05:45:00,1040.0
2024-12-25 06:00:00,1103.4
2024-12-25 06:15:00,1191.2
2024-12-25 06:30:00,1270.2
2024-12-25 06:45:00,1252.0
2024-12-25 07:00:00,1157.9955
2024-12-25 07:15:00,1332.5955
2024-12-25 07:30:00,1228.3955
2024-12-25 07:45:00,1238.7955000000002
2024-12-25 08:00:00,1136.2184000000002
2024-12-25 08:15:00,1816.8183999999999
2024-12-25 08:30:00,2053.0184
2024-12-25 08:45:00,2609.4184000000005
2024-12-25 09:00:00,2405.3579
2024-12-25 09:15:00,2837.5579
2024-12-25 09:30:00,2844.5579000000002
2024-12-25 09:45:00,2915.9579000000003
2024-12-25 10:00:00,2760.6848
2024-12-25 10:15:00,2819.2848
2024-12-25 10:30:00,2838.2848
2024-12-25 10:45:00,2528.4848
2024-12-25 11:00:00,2522.4878
2024-12-25 11:15:00,2450.2878
2024-12-25 11:30:00,2611.6878
2024-12-25 11:45:00,2545.2878
2024-12-25 12:00:00,2168.1702999999998
2024-12-25 12:15:00,1968.5703
2024-12-25 12:30:00,1862.3703000000003
2024-12-25 12:45:00,1763.1703
2024-12-25 13:00:00,1991.5845000000002
2024-12-25 13:15:00,1956.1845
2024-12-25 13:30:00,1904.7845000000002
2024-12-25 13:45:00,1959.3845000000001
2024-12-25 14:00:00,2187.0851
2024-12-25 14:15:00,2283.0851
2024-12-25 14:30:00,2226.4851
2024-12-25 14:45:00,2246.4851
2024-12-25 15:00:00,2269.2991
2024-12-25 15:15:00,2232.2991
2024-12-25 15:30:00,2324.2991
2024-12-25 15:45:00,2195.2991
2024-12-25 16:00:00,2421.7982
2024-12-25 16:15:00,2536.3981999999996
2024-12-25 16:30:00,2716.3982
2024-12-25 16:45:00,2570.7982
2024-12-25 17:00:00,2575.0647999999997
2024-12-25 17:15:00,2499.4648
2024-12-25 17:30:00,2508.2648
2024-12-25 17:45:00,2343.0648
2024-12-25 18:00:00,2159.6
2024-12-25 18:15:00,2048.4
2024-12-25 18:30:00,1918.0
2024-12-25 18:45:00,1785.6
2024-12-25 19:00:00,1798.8
2024-12-25 19:15:00,1683.8000000000002
2024-12-25 19:30:00,1630.4
2024-12-25 19:45:00,1629.6
2024-12-25 20:00:00,1605.0
2024-12-25 20:15:00,1600.2
2024-12-25 20:30:00,1538.8
2024-12-25 20:45:00,1483.2
2024-12-25 21:00:00,1491.2
2024-12-25 21:15:00,1524.6
2024-12-25 21:30:00,1430.0
2024-12-25 21:45:00,1319.0
2024-12-25 22:00:00,1294.1999999999998
2024-12-25 22:15:00,1244.2
2024-12-25 22:30:00,1160.2
2024-12-25 22:45:00,1110.8
2024-12-25 23:00:00,1143.3999999999999
2024-12-25 23:15:00,1630.2
2024-12-25 23:30:00,1452.2
2024-12-25 23:45:00,1323.0
2024-12-26 00:00:00,1178.4
2024-12-26 00:15:00,1012.2
2024-12-26 00:30:00,973.4
2024-12-26 00:45:00,908.8
2024-12-26 01:00:00,852.8
2024-12-26 01:15:00,869.4
2024-12-26 01:30:00,968.9999999999999
2024-12-26 01:45:00,1057.4
2024-12-26 02:00:00,1021.5999999999999
2024-12-26 02:15:00,996.8
2024-12-26 02:30:00,850.0
2024-12-26 02:45:00,764.4000000000001
2024-12-26 03:00:00,736.8
2024-12-26 03:15:00,729.2
2024-12-26 03:30:00,728.5999999999999
2024-12-26 03:45:00,734.0
2024-12-26 04:00:00,743.4
2024-12-26 04:15:00,799.4
2024-12-26 04:30:00,806.8000000000001
2024-12-26 04:45:00,846.1999999999999
2024-12-26 05:00:00,895.6
2024-12-26 05:15:00,917.2
2024-12-26 05:30:00,889.0
2024-12-26 05:45:00,875.5999999999999
2024-12-26 06:00:00,1051.2
2024-12-26 06:15:00,1257.0
2024-12-26 06:30:00,1376.8
2024-12-26 06:45:00,1210.3999999999999
2024-12-26 07:00:00,908.4602
2024-12-26 07:15:00,993.8601999999998
2024-12-26 07:30:00,1051.2602000000002
2024-12-26 07:45:00,1159.4602
2024-12-26 08:00:00,893.5005000000001
2024-12-26 08:15:00,1065.7005
2024-12-26 08:30:00,1495.1005
2024-12-26 08:45:00,1844.5005
2024-12-26 09:00:00,1989.0180999999998
2024-12-26 09:15:00,2122.6180999999997
2024-12-26 09:30:00,2090.4181
2024-12-26 09:45:00,2605.2181
2024-12-26 10:00:00,2470.9570000000003
2024-12-26 10:15:00,2488.157
2024-12-26 10:30:00,2473.9570000000003
2024-12-26 10:45:00,2333.357
2024-12-26 11:00:00,1991.4801000000002
2024-12-26 11:15:00,1920.2801000000002
2024-12-26 11:30:00,1883.4801000000002
2024-12-26 11:45:00,1984.0801000000001
2024-12-26 12:00:00,1857.8676
2024-12-26 12:15:00,1732.8675999999998
2024-12-26 12:30:00,1666.0675999999999
2024-12-26 12:45:00,1649.2676
2024-12-26 13:00:00,1656.9833
2024-12-26 13:15:00,1585.9833
2024-12-26 13:30:00,1634.9833000000003
2024-12-26 13:45:00,1717.1833000000001
2024-12-26 14:00:00,1986.4523000000002
2024-12-26 14:15:00,2058.8523
2024-12-26 14:30:00,2061.0523
2024-12-26 14:45:00,2040.8523
2024-12-26 15:00:00,2307.8842999999997
2024-12-26 15:15:00,2456.6843
2024-12-26 15:30:00,2324.6843
2024-12-26 15:45:00,2331.8843
2024-12-26 16:00:00,2774.0575000000003
2024-12-26 16:15:00,2899.0575
2024-12-26 16:30:00,2813.8575
2024-12-26 16:45:00,2843.6575000000003
2024-12-26 17:00:00,2991.6764
2024-12-26 17:15:00,2988.0764
2024-12-26 17:30:00,2871.2763999999997
2024-12-26 17:45:00,2677.4764
2024-12-26 18:00:00,2350.8
2024-12-26 18:15:00,2134.0
2024-12-26 18:30:00,2087.8
2024-12-26 18:45:00,1911.7999999999997
2024-12-26 19:00:00,1836.0
2024-12-26 19:15:00,1772.2
2024-12-26 19:30:00,1725.4
2024-12-26 19:45:00,1782.3999999999999
2024-12-26 20:00:00,1671.8
2024-12-26 20:15:00,1692.8
2024-12-26 20:30:00,1633.6
2024-12-26 20:45:00,1588.1999999999998
2024-12-26 21:00:00,1496.9999999999998
2024-12-26 21:15:00,1625.6
2024-12-26 21:30:00,1511.1999999999998
2024-12-26 21:45:00,1494.2
2024-12-26 22:00:00,1536.6
2024-12-26 22:15:00,1400.1999999999998
2024-12-26 22:30:00,1326.3999999999999
2024-12-26 22:45:00,1185.6000000000001
2024-12-26 23:00:00,1171.6
2024-12-26 23:15:00,1768.1999999999998
2024-12-26 23:30:00,1664.0
2024-12-26 23:45:00,1430.1999999999998
2024-12-27 00:00:00,1306.2
2024-12-27 00:15:00,1196.2
2024-12-27 00:30:00,1121.2
2024-12-27 00:45:00,957.0
2024-12-27 01:00:00,1029.2
2024-12-27 01:15:00,1022.2
2024-12-27 01:30:00,992.4
2024-12-27 01:45:00,865.5999999999999
2024-12-27 02:00:00,835.5999999999999
2024-12-27 02:15:00,793.2
2024-12-27 02:30:00,820.2
2024-12-27 02:45:00,863.1999999999999
2024-12-27 03:00:00,884.4
2024-12-27 03:15:00,885.8
2024-12-27 03:30:00,855.2
2024-12-27 03:45:00,864.0
2024-12-27 04:00:00,758.2
2024-12-27 04:15:00,787.2
2024-12-27 04:30:00,818.6000000000001
2024-12-27 04:45:00,834.0
2024-12-27 05:00:00,876.2
2024-12-27 05:15:00,892.8
2024-12-27 05:30:00,910.1999999999999
2024-12-27 05:45:00,925.2
2024-12-27 06:00:00,991.6
2024-12-27 06:15:00,1083.0
2024-12-27 06:30:00,1089.2
2024-12-27 06:45:00,999.1999999999999
2024-12-27 07:00:00,1014.2
2024-12-27 07:15:00,1147.4
2024-12-27 07:30:00,1142.6
2024-12-27 07:45:00,1156.8
2024-12-27 08:00:00,1298.9116
2024-12-27 08:15:00,1481.9116000000001
2024-12-27 08:30:00,1743.7115999999999
2024-12-27 08:45:00,2452.9116
2024-12-27 09:00:00,2507.6756000000005
2024-12-27 09:15:00,2682.2756
2024-12-27 09:30:00,2961.8756000000003
2024-12-27 09:45:00,3286.2756
2024-12-27 10:00:00,2977.0584000000003
2024-12-27 10:15:00,2880.8584
2024-12-27 10:30:00,2727.8584
2024-12-27 10:45:00,2684.0584
2024-12-27 11:00:00,2411.2565
2024-12-27 11:15:00,2359.4565000000002
2024-12-27 11:30:00,2400.0564999999997
2024-12-27 11:45:00,2349.8565
2024-12-27 12:00:00,2138.0419
2024-12-27 12:15:00,2122.2419
2024-12-27 12:30:00,2117.6419
2024-12-27 12:45:00,2054.2419
2024-12-27 13:00:00,1988.8722000000002
2024-12-27 13:15:00,1954.0722000000003
2024-12-27 13:30:00,1977.6722000000002
2024-12-27 13:45:00,1991.2721999999999
2024-12-27 14:00:00,2038.3519
2024-12-27 14:15:00,2144.7519
2024-12-27 14:30:00,2131.7519
2024-12-27 14:45:00,2198.1519
2024-12-27 15:00:00,2329.4585
2024-12-27 15:15:00,2413.8585000000003
2024-12-27 15:30:00,2357.4585
2024-12-27 15:45:00,2279.2585
2024-12-27 16:00:00,2724.6894
2024-12-27 16:15:00,2615.0894
2024-12-27 16:30:00,2638.8894
2024-12-27 16:45:00,2679.0894000000003
2024-12-27 17:00:00,2803.3378999999995
2024-12-27 17:15:00,2827.9379
2024-12-27 17:30:00,2782.1378999999997
2024-12-27 17:45:00,2648.7378999999996
2024-12-27 18:00:00,2521.3999999999996
2024-12-27 18:15:00,2363.8
2024-12-27 18:30:00,2217.0
2024-12-27 18:45:00,1891.6
2024-12-27 19:00:00,1764.0
2024-12-27 19:15:00,1770.2
2024-12-27 19:30:00,1772.3999999999999
2024-12-27 19:45:00,1634.6
2024-12-27 20:00:00,1726.4
2024-12-27 20:15:00,1688.6
2024-12-27 20:30:00,1644.7999999999997
2024-12-27 20:45:00,1532.0
2024-12-27 21:00:00,1532.0
2024-12-27 21:15:00,1493.4
2024-12-27 21:30:00,1440.1999999999998
2024-12-27 21:45:00,1350.6000000000001
2024-12-27 22:00:00,1389.4
2024-12-27 22:15:00,1268.8000000000002
2024-12-27 22:30:00,1190.8
2024-12-27 22:45:00,1125.6
2024-12-27 23:00:00,1115.2
2024-12-27 23:15:00,1456.0
2024-12-27 23:30:00,1573.6000000000001
2024-12-27 23:45:00,1466.0
2024-12-28 00:00:00,1117.0
2024-12-28 00:15:00,1039.6
2024-12-28 00:30:00,970.0
2024-12-28 00:45:00,913.2
2024-12-28 01:00:00,828.0
2024-12-28 01:15:00,795.2
2024-12-28 01:30:00,803.6
2024-12-28 01:45:00,832.0
2024-12-28 02:00:00,798.8
2024-12-28 02:15:00,784.6
2024-12-28 02:30:00,795.8
2024-12-28 02:45:00,836.9999999999999
2024-12-28 03:00:00,830.1999999999999
2024-12-28 03:15:00,931.2
2024-12-28 03:30:00,896.2
2024-12-28 03:45:00,969.4000000000001
2024-12-28 04:00:00,936.1999999999999
2024-12-28 04:15:00,885.0
2024-12-28 04:30:00,845.0
2024-12-28 04:45:00,887.8000000000001
2024-12-28 05:00:00,867.0
2024-12-28 05:15:00,908.8
2024-12-28 05:30:00,970.8
2024-12-28 05:45:00,1063.6
2024-12-28 06:00:00,1130.4
2024-12-28 06:15:00,1141.4
2024-12-28 06:30:00,950.2
2024-12-28 06:45:00,928.6
2024-12-28 07:00:00,909.0
2024-12-28 07:15:00,881.2
2024-12-28 07:30:00,870.5999999999999
2024-12-28 07:45:00,853.1999999999999
2024-12-28 08:00:00,794.0138
2024-12-28 08:15:00,906.2138
2024-12-28 08:30:00,1007.4138
2024-12-28 08:45:00,1448.8138
2024-12-28 09:00:00,1470.1998
2024-12-28 09:15:00,1578.3998
2024-12-28 09:30:00,1630.3998
2024-12-28 09:45:00,1471.9998
2024-12-28 10:00:00,1643.4653
2024-12-28 10:15:00,1756.2653
2024-12-28 10:30:00,1820.0653
2024-12-28 10:45:00,1832.6653000000001
2024-12-28 11:00:00,1516.0744
2024-12-28 11:15:00,1534.4744
2024-12-28 11:30:00,1348.4744
2024-12-28 11:45:00,1173.2744
2024-12-28 12:00:00,1071.7526000000003
2024-12-28 12:15:00,1064.5526000000002
2024-12-28 12:30:00,1052.3526000000002
2024-12-28 12:45:00,1023.3525999999999
2024-12-28 13:00:00,1138.1559
2024-12-28 13:15:00,1199.7558999999999
2024-12-28 13:30:00,1158.1559000000002
2024-12-28 13:45:00,1082.9559
2024-12-28 14:00:00,1128.4949
2024-12-28 14:15:00,1245.8949
2024-12-28 14:30:00,1204.4949000000001
2024-12-28 14:45:00,1295.8948999999998
2024-12-28 15:00:00,1341.2676000000001
2024-12-28 15:15:00,1323.6676
2024-12-28 15:30:00,1279.6676
2024-12-28 15:45:00,1402.2676
2024-12-28 16:00:00,1558.3345
2024-12-28 16:15:00,1554.5344999999998
2024-12-28 16:30:00,1624.9345
2024-12-28 16:45:00,1484.9345000000003
2024-12-28 17:00:00,1569.0
2024-12-28 17:15:00,1514.6
2024-12-28 17:30:00,1542.9999999999998
2024-12-28 17:45:00,1559.2
2024-12-28 18:00:00,1564.2
2024-12-28 18:15:00,1475.4
2024-12-28 18:30:00,1445.0
2024-12-28 18:45:00,1425.2
2024-12-28 19:00:00,1399.1999999999998
2024-12-28 19:15:00,1428.2
2024-12-28 19:30:00,1381.2
2024-12-28 19:45:00,1354.2
2024-12-28 20:00:00,1366.0
2024-12-28 20:15:00,1303.8
2024-12-28 20:30:00,1239.2
2024-12-28 20:45:00,1303.2
2024-12-28 21:00:00,1278.0
2024-12-28 21:15:00,1287.6
2024-12-28 21:30:00,1236.4
2024-12-28 21:45:00,1280.8
2024-12-28 22:00:00,1227.1999999999998
2024-12-28 22:15:00,1212.2
2024-12-28 22:30:00,1110.4
2024-12-28 22:45:00,1071.2
2024-12-28 23:00:00,1087.6
2024-12-28 23:15:00,1428.2
2024-12-28 23:30:00,1451.6000000000001
2024-12-28 23:45:00,1331.0
2024-12-29 00:00:00,1089.3999999999999
2024-12-29 00:15:00,1071.2
2024-12-29 00:30:00,1012.1999999999999
2024-12-29 00:45:00,866.4000000000001
2024-12-29 01:00:00,1028.4
2024-12-29 01:15:00,847.4
2024-12-29 01:30:00,845.8000000000001
2024-12-29 01:45:00,760.0
2024-12-29 02:00:00,780.1999999999999
2024-12-29 02:15:00,755.1999999999999
2024-12-29 02:30:00,728.4
2024-12-29 02:45:00,747.8
2024-12-29 03:00:00,732.4000000000001
2024-12-29 03:15:00,717.8
2024-12-29 03:30:00,833.4000000000001
2024-12-29 03:45:00,730.8
2024-12-29 04:00:00,796.2
2024-12-29 04:15:00,794.2
2024-12-29 04:30:00,870.1999999999999
2024-12-29 04:45:00,852.8
2024-12-29 05:00:00,841.3999999999999
2024-12-29 05:15:00,809.0000000000001
2024-12-29 05:30:00,756.6000000000001
2024-12-29 05:45:00,804.0
2024-12-29 06:00:00,822.5999999999999
2024-12-29 06:15:00,1104.2
2024-12-29 06:30:00,1117.8
2024-12-29 06:45:00,933.0
2024-12-29 07:00:00,852.2
2024-12-29 07:15:00,862.6000000000001
2024-12-29 07:30:00,849.8
2024-12-29 07:45:00,829.9999999999999
2024-12-29 08:00:00,758.7559000000001
2024-12-29 08:15:00,727.3559
2024-12-29 08:30:00,777.1559000000001
2024-12-29 08:45:00,763.9559
2024-12-29 09:00:00,617.1829
2024-12-29 09:15:00,668.9829
2024-12-29 09:30:00,802.3829000000001
2024-12-29 09:45:00,777.3829000000001
2024-12-29 10:00:00,734.5287000000001
2024-12-29 10:15:00,690.7287
2024-12-29 10:30:00,723.7287
2024-12-29 10:45:00,790.7287
2024-12-29 11:00:00,609.97
2024-12-29 11:15:00,678.57
2024-12-29 11:30:00,608.9700000000001
2024-12-29 11:45:00,519.57
2024-12-29 12:00:00,462.9643
2024-12-29 12:15:00,447.7643
2024-12-29 12:30:00,453.76430000000005
2024-12-29 12:45:00,428.5643
2024-12-29 13:00:00,532.3916
2024-12-29 13:15:00,520.5916
2024-12-29 13:30:00,500.1916
2024-12-29 13:45:00,565.3916
2024-12-29 14:00:00,643.3934
2024-12-29 14:15:00,688.3933999999999
2024-12-29 14:30:00,710.9934000000001
2024-12-29 14:45:00,784.5934000000001
2024-12-29 15:00:00,910.0462000000001
2024-12-29 15:15:00,1028.0462
2024-12-29 15:30:00,1074.4462
2024-12-29 15:45:00,1102.0462
2024-12-29 16:00:00,1276.4842
2024-12-29 16:15:00,1282.4842
2024-12-29 16:30:00,1259.8842000000002
2024-12-29 16:45:00,1338.6842000000001
2024-12-29 17:00:00,1419.8525
2024-12-29 17:15:00,1456.6525
2024-12-29 17:30:00,1339.0524999999998
2024-12-29 17:45:00,1392.8525
2024-12-29 18:00:00,1281.9999999999998
2024-12-29 18:15:00,1327.4
2024-12-29 18:30:00,1282.6
2024-12-29 18:45:00,1252.6000000000001
2024-12-29 19:00:00,1237.8
2024-12-29 19:15:00,1236.2
2024-12-29 19:30:00,1263.6
2024-12-29 19:45:00,1203.6
2024-12-29 20:00:00,1205.2
2024-12-29 20:15:00,1204.2
2024-12-29 20:30:00,1158.6000000000001
2024-12-29 20:45:00,1143.8000000000002
2024-12-29 21:00:00,1161.0
2024-12-29 21:15:00,1119.8
2024-12-29 21:30:00,1098.8
2024-12-29 21:45:00,1159.2
2024-12-29 22:00:00,1088.8
2024-12-29 22:15:00,1052.2
2024-12-29 22:30:00,976.2
2024-12-29 22:45:00,942.4000000000001
2024-12-29 23:00:00,922.4
2024-12-29 23:15:00,1388.0
2024-12-29 23:30:00,1340.8000000000002
2024-12-29 23:45:00,1208.8
2024-12-30 00:00:00,999.0
2024-12-30 00:15:00,926.0
2024-12-30 00:30:00,1004.8
2024-12-30 00:45:00,988.5999999999999
2024-12-30 01:00:00,853.6000000000001
2024-12-30 01:15:00,757.4
2024-12-30 01:30:00,817.4
2024-12-30 01:45:00,795.4
2024-12-30 02:00:00,759.0
2024-12-30 02:15:00,765.2
2024-12-30 02:30:00,730.8
2024-12-30 02:45:00,734.8
2024-12-30 03:00:00,789.4
2024-12-30 03:15:00,772.2
2024-12-30 03:30:00,750.8
2024-12-30 03:45:00,776.2
2024-12-30 04:00:00,850.4000000000001
2024-12-30 04:15:00,828.8
2024-12-30 04:30:00,772.2
2024-12-30 04:45:00,791.4
2024-12-30 05:00:00,802.8
2024-12-30 05:15:00,764.2
2024-12-30 05:30:00,778.4000000000001
2024-12-30 05:45:00,821.4
2024-12-30 06:00:00,924.4000000000001
2024-12-30 06:15:00,1093.4
2024-12-30 06:30:00,1194.9999999999998
2024-12-30 06:45:00,1012.2
2024-12-30 07:00:00,929.2324000000001
2024-12-30 07:15:00,1035.2323999999999
2024-12-30 07:30:00,1044.2323999999999
2024-12-30 07:45:00,1041.2324
2024-12-30 08:00:00,1115.499
2024-12-30 08:15:00,1295.699
2024-12-30 08:30:00,1513.899
2024-12-30 08:45:00,1707.299
2024-12-30 09:00:00,1554.8705
2024-12-30 09:15:00,1953.8705
2024-12-30 09:30:00,1922.4705
2024-12-30 09:45:00,1963.8705
2024-12-30 10:00:00,1809.3176999999998
2024-12-30 10:15:00,2040.9176999999997
2024-12-30 10:30:00,2086.3176999999996
2024-12-30 10:45:00,2246.9177
2024-12-30 11:00:00,2173.3893
2024-12-30 11:15:00,2055.3893
2024-12-30 11:30:00,2100.5892999999996
2024-12-30 11:45:00,2086.5892999999996
2024-12-30 12:00:00,2033.7299
2024-12-30 12:15:00,1806.7299
2024-12-30 12:30:00,1802.3299000000002
2024-12-30 12:45:00,1888.1299000000001
2024-12-30 13:00:00,1948.1431000000002
2024-12-30 13:15:00,1923.1431
2024-12-30 13:30:00,1850.5431000000003
2024-12-30 13:45:00,1992.3431000000003
2024-12-30 14:00:00,1905.36
2024-12-30 14:15:00,2174.56
2024-12-30 14:30:00,1969.56
2024-12-30 14:45:00,2282.3599999999997
2024-12-30 15:00:00,2377.8541999999998
2024-12-30 15:15:00,2291.8542
2024-12-30 15:30:00,2471.2542
2024-12-30 15:45:00,2397.6542
2024-12-30 16:00:00,2609.1103
2024-12-30 16:15:00,2540.7102999999997
2024-12-30 16:30:00,2485.5103
2024-12-30 16:45:00,2550.7103
2024-12-30 17:00:00,2781.5146
2024-12-30 17:15:00,2678.9146
2024-12-30 17:30:00,2634.5146
2024-12-30 17:45:00,2529.7146000000002
2024-12-30 18:00:00,2387.6000000000004
2024-12-30 18:15:00,2267.6000000000004
2024-12-30 18:30:00,2216.3999999999996
2024-12-30 18:45:00,2104.6
2024-12-30 19:00:00,2029.2
2024-12-30 19:15:00,2030.6
2024-12-30 19:30:00,2038.4
2024-12-30 19:45:00,1952.4
2024-12-30 20:00:00,2073.6000000000004
2024-12-30 20:15:00,1943.8
2024-12-30 20:30:00,1836.7999999999997
2024-12-30 20:45:00,1841.4
2024-12-30 21:00:00,1806.6
2024-12-30 21:15:00,1673.1999999999998
2024-12-30 21:30:00,1749.1999999999998
2024-12-30 21:45:00,1646.8
2024-12-30 22:00:00,1686.4
2024-12-30 22:15:00,1654.8
2024-12-30 22:30:00,1500.8
2024-12-30 22:45:00,1431.0
2024-12-30 23:00:00,1427.1999999999998
2024-12-30 23:15:00,1937.8
2024-12-30 23:30:00,1762.6
2024-12-30 23:45:00,1706.8
2024-12-31 00:00:00,1599.6000000000001
2024-12-31 00:15:00,1424.2
2024-12-31 00:30:00,1264.8
2024-12-31 00:45:00,1251.6
2024-12-31 01:00:00,1293.3999999999999
2024-12-31 01:15:00,1347.1999999999998
2024-12-31 01:30:00,1207.8
2024-12-31 01:45:00,1138.0
2024-12-31 02:00:00,1088.0
2024-12-31 02:15:00,1129.4
2024-12-31 02:30:00,1187.0
2024-12-31 02:45:00,1121.4
2024-12-31 03:00:00,1086.0
2024-12-31 03:15:00,1066.6000000000001
2024-12-31 03:30:00,1091.8
2024-12-31 03:45:00,1097.0
2024-12-31 04:00:00,1094.1999999999998
2024-12-31 04:15:00,1016.2000000000002
2024-12-31 04:30:00,1032.8
2024-12-31 04:45:00,1017.1999999999999
2024-12-31 05:00:00,1083.0
2024-12-31 05:15:00,1208.9999999999998
2024-12-31 05:30:00,1243.1999999999998
2024-12-31 05:45:00,1164.2
2024-12-31 06:00:00,1212.8
2024-12-31 06:15:00,1445.4
2024-12-31 06:30:00,1530.0
2024-12-31 06:45:00,1396.0
2024-12-31 07:00:00,1486.8
2024-12-31 07:15:00,1327.3999999999999
2024-12-31 07:30:00,1333.3999999999999
2024-12-31 07:45:00,1453.6
2024-12-31 08:00:00,1409.8
2024-12-31 08:15:00,1590.1999999999998
2024-12-31 08:30:00,1982.9999999999998
2024-12-31 08:45:00,2312.4
2024-12-31 09:00:00,2799.6000000000004
2024-12-31 09:15:00,2664.3999999999996
2024-12-31 09:30:00,2864.4
2024-12-31 09:45:00,2800.0
2024-12-31 10:00:00,2885.8
2024-12-31 10:15:00,2813.8
2024-12-31 10:30:00,2861.8
2024-12-31 10:45:00,2704.6
2024-12-31 11:00:00,2586.0
2024-12-31 11:15:00,2560.0
2024-12-31 11:30:00,2571.6
2024-12-31 11:45:00,2586.0
2024-12-31 12:00:00,2581.8
2024-12-31 12:15:00,2319.4
2024-12-31 12:30:00,2385.3999999999996
2024-12-31 12:45:00,2254.0
2024-12-31 13:00:00,2275.4
2024-12-31 13:15:00,2371.0
2024-12-31 13:30:00,2441.4
2024-12-31 13:45:00,2235.0
2024-12-31 14:00:00,2350.2
2024-12-31 14:15:00,2367.8
2024-12-31 14:30:00,2353.8
2024-12-31 14:45:00,2391.2
2024-12-31 15:00:00,2377.4
2024-12-31 15:15:00,2364.0
2024-12-31 15:30:00,2298.8
2024-12-31 15:45:00,2271.8
2024-12-31 16:00:00,2420.8
2024-12-31 16:15:00,2334.0
2024-12-31 16:30:00,2401.2
2024-12-31 16:45:00,2351.2
2024-12-31 17:00:00,2324.6
2024-12-31 17:15:00,2269.2
2024-12-31 17:30:00,2157.6
2024-12-31 17:45:00,2018.8
2024-12-31 18:00:00,1952.2
2024-12-31 18:15:00,1815.6000000000001
2024-12-31 18:30:00,1768.8000000000002
2024-12-31 18:45:00,1637.0
2024-12-31 19:00:00,1603.4
2024-12-31 19:15:00,1537.4
2024-12-31 19:30:00,1595.3999999999999
2024-12-31 19:45:00,1653.0
2024-12-31 20:00:00,1453.3999999999999
2024-12-31 20:15:00,1490.6000000000001
2024-12-31 20:30:00,1426.2
2024-12-31 20:45:00,1389.6000000000001
2024-12-31 21:00:00,1412.6
2024-12-31 21:15:00,1347.8000000000002
2024-12-31 21:30:00,1335.6000000000001
2024-12-31 21:45:00,1285.4
2024-12-31 22:00:00,1257.4
2024-12-31 22:15:00,1284.6000000000001
2024-12-31 22:30:00,1200.8
2024-12-31 22:45:00,1233.6
2024-12-31 23:00:00,1214.8
2024-12-31 23:15:00,1463.6
2024-12-31 23:30:00,1396.7999999999997
2024-12-31 23:45:00,1494.2
